variant,seed,generation,n_alive,best_fitness,mean_fitness,worst_fitness,std_fitness,best_so_far,evaluations_so_far,mean_size,best_size
mutate_child,0,0,50,15.72490309931942,18.456594193130673,21.049444375840398,1.4792826492936337,15.72490309931942,50,9.5,9.0
mutate_child,0,1,100,15.115587038162705,17.937672640150694,21.049444375840398,1.4382640890620098,15.115587038162705,100,9.15,10.0
mutate_child,0,2,100,14.894438717061496,16.66355980585173,18.644655678480984,0.7643654025203669,14.894438717061496,150,8.91,12.0
mutate_child,0,3,100,14.574021572639982,16.133133188254842,19.648199740725325,0.7735907933200331,14.574021572639982,200,9.63,11.0
mutate_child,0,4,100,13.881742422927143,15.846830154119468,18.380972058177587,0.7747354592356306,13.881742422927143,250,10.23,12.0
mutate_child,0,5,100,13.881742422927143,15.599425988506354,19.680614856144977,0.8425842308211636,13.881742422927143,300,10.65,12.0
mutate_child,0,6,100,13.881742422927143,15.425962802046195,18.221148537234985,0.735652528396943,13.881742422927143,350,10.64,12.0
mutate_child,0,7,100,13.268438714135812,15.369526806046883,18.2343879744639,0.8385044089401763,13.268438714135812,400,10.77,12.0
mutate_child,0,8,100,13.268438714135812,15.275698741765902,17.877902338672776,0.8957670771995682,13.268438714135812,450,11.04,12.0
mutate_child,0,9,100,13.268438714135812,15.215516902098416,18.161740355901138,0.997285980823715,13.268438714135812,500,11.27,12.0
mutate_child,0,10,100,12.993737745050923,14.86024272225413,18.161740355901138,0.88211961713325,12.993737745050923,550,11.4,11.0
mutate_child,0,11,100,12.993737745050923,14.677381468693708,17.068775948927797,0.7479672582176871,12.993737745050923,600,11.6,11.0
mutate_child,0,12,100,12.993737745050923,14.446099376013834,16.911525688318154,0.7181064895394249,12.993737745050923,650,12.13,11.0
mutate_child,0,13,100,12.993737745050923,14.344672317225015,17.43130005674953,0.7871966521742014,12.993737745050923,700,12.02,11.0
mutate_child,0,14,100,12.993737745050923,14.376028795499199,18.617935662402836,1.044084790908012,12.993737745050923,750,12.33,11.0
mutate_child,0,15,100,12.993737745050923,14.160836465687316,18.33721152139079,0.9248346396851982,12.993737745050923,800,12.13,11.0
mutate_child,0,16,100,12.993737745050923,14.275584100205059,19.2,1.1861331318544435,12.993737745050923,850,12.2,11.0
mutate_child,0,17,100,12.80990195135928,14.198214885323987,17.671355310873647,1.1752398785704872,12.80990195135928,900,12.24,14.0
mutate_child,0,18,100,12.80990195135928,14.056718831786032,18.02664991614216,1.0546857792998214,12.80990195135928,950,12.2,14.0
mutate_child,0,19,100,12.80990195135928,14.121239955854263,19.449137674618942,1.1828756819988566,12.80990195135928,1000,11.97,14.0
mutate_child,0,20,100,12.80990195135928,13.977093361434932,18.254065922853805,0.9934847297943944,12.80990195135928,1050,12.28,14.0
mutate_child,0,21,100,12.80990195135928,14.158802092374001,18.134698994937583,1.2745442843525352,12.80990195135928,1100,12.04,14.0
mutate_child,0,22,100,12.80384048104053,13.839972684194722,17.068775948927797,0.84556262222144,12.80384048104053,1150,12.07,12.0
mutate_child,0,23,100,12.80384048104053,14.01344309771705,17.890670590009258,1.2231436762215215,12.80384048104053,1200,11.98,12.0
mutate_child,0,24,100,12.80384048104053,14.069208096141033,17.890670590009258,1.2109097208136834,12.80384048104053,1250,11.8,12.0
mutate_child,0,25,100,12.80384048104053,13.89446475781238,17.068775948927797,1.142149186100934,12.80384048104053,1300,11.9,12.0
mutate_child,0,26,100,12.80384048104053,13.860039172740553,17.61269819963779,1.0675731016886516,12.80384048104053,1350,12.12,12.0
mutate_child,0,27,100,12.80384048104053,13.754477876683424,17.397366596101026,1.02665600173547,12.80384048104053,1400,12.21,12.0
mutate_child,0,28,100,12.80384048104053,13.91625060115663,17.890670590009258,1.258497090791006,12.80384048104053,1450,12.29,12.0
mutate_child,0,29,100,12.792838827718413,14.09003913615457,17.890670590009258,1.4758443477436443,12.792838827718413,1500,12.33,12.0
mutate_child,0,30,100,12.792838827718413,13.78856615229679,18.11980390271856,1.1622883659024765,12.792838827718413,1550,11.9,12.0
mutate_child,0,31,100,12.792838827718413,13.936751078963232,17.57790233867277,1.2931853338902102,12.792838827718413,1600,12.1,12.0
mutate_child,0,32,100,12.792838827718413,13.760042755672892,17.334846922834956,1.0671728799579507,12.792838827718413,1650,12.11,12.0
mutate_child,0,33,100,12.448331477354788,13.69528543582916,17.7644304369257,1.1808584188752542,12.448331477354788,1700,12.25,13.0
mutate_child,0,34,100,12.448331477354788,13.883877552216534,18.31188793773054,1.389432860168384,12.448331477354788,1750,12.1,13.0
mutate_child,0,35,100,12.448331477354788,13.639773088516344,18.73622914957372,1.1450424684561922,12.448331477354788,1800,12.31,13.0
mutate_child,0,36,100,12.448331477354788,13.545998820756354,18.724807680927192,1.0128806547930151,12.448331477354788,1850,12.68,13.0
mutate_child,0,37,100,12.448331477354788,13.975946816411026,17.78148877222268,1.4140557477441382,12.448331477354788,1900,12.34,13.0
mutate_child,0,38,100,12.448331477354788,13.684646247087807,17.334846922834956,1.1201208834309948,12.448331477354788,1950,12.47,13.0
mutate_child,0,39,100,12.448331477354788,13.68371980726206,17.7644304369257,1.2388888024005698,12.448331477354788,2000,12.26,13.0
mutate_child,0,40,100,12.448331477354788,13.667548497909046,17.76332495807108,1.1466565874287822,12.448331477354788,2050,12.82,13.0
mutate_child,0,41,100,12.448331477354788,13.759336214867808,18.739607805437114,1.3986608714710222,12.448331477354788,2100,12.31,13.0
mutate_child,0,42,100,12.448331477354788,13.519272433167249,17.172150407425317,1.0838551084477202,12.448331477354788,2150,12.75,13.0
mutate_child,0,43,100,12.448331477354788,13.64751667138293,17.919090595827292,1.2652057810636232,12.448331477354788,2200,12.69,13.0
mutate_child,0,44,100,12.448331477354788,13.686006649148897,17.44928556845359,1.2424823140375247,12.448331477354788,2250,12.78,13.0
mutate_child,0,45,100,12.448331477354788,13.690810253734682,18.900000000000002,1.341186910856865,12.448331477354788,2300,12.85,13.0
mutate_child,0,46,100,12.448331477354788,13.592283617035527,17.61269819963779,1.0830729500885086,12.448331477354788,2350,12.59,13.0
mutate_child,0,47,100,12.448331477354788,13.378501128434662,17.068775948927797,0.9229122329331527,12.448331477354788,2400,12.71,13.0
mutate_child,0,48,100,12.448331477354788,13.70102174152668,17.890670590009258,1.301037172561002,12.448331477354788,2450,12.58,13.0
mutate_child,0,49,100,12.444948974278317,13.600473402501361,17.7644304369257,1.292180097804405,12.444948974278317,2500,13.14,14.0
mutate_child,0,50,100,12.444948974278317,13.443453665164679,17.128352561983235,1.0074807125277279,12.444948974278317,2550,12.95,14.0
mutate_child,0,51,100,12.444948974278317,13.501090459267196,18.755294535724687,1.183356309531789,12.444948974278317,2600,13.05,14.0
mutate_child,0,52,100,12.444948974278317,13.553819893556092,18.163818169698587,1.1866985648491053,12.444948974278317,2650,12.55,14.0
mutate_child,0,53,100,12.444948974278317,13.797652427545458,19.093468988235944,1.561545981897895,12.444948974278317,2700,12.59,14.0
mutate_child,0,54,100,12.444948974278317,13.558285321668318,17.7644304369257,1.172683588397553,12.444948974278317,2750,13.07,14.0
mutate_child,0,55,100,12.444948974278317,13.35836762877756,16.991153452528778,0.9538071490595591,12.444948974278317,2800,13.13,14.0
mutate_child,0,56,100,12.444948974278317,13.569349476070107,17.61980390271856,1.1849587821129626,12.444948974278317,2850,12.86,14.0
mutate_child,0,57,100,12.444948974278317,13.434398587959564,17.661706725018234,1.1809927159277775,12.444948974278317,2900,12.94,14.0
mutate_child,0,58,100,12.444948974278317,13.534053408958668,18.30384048104053,1.2096751552901908,12.444948974278317,2950,13.1,14.0
mutate_child,0,59,100,12.444948974278317,13.433013335775621,17.460232526704264,1.1037202230045133,12.444948974278317,3000,12.85,14.0
mutate_child,0,60,100,12.444948974278317,13.53024424704312,17.683095189484533,1.3001667534304069,12.444948974278317,3050,13.12,14.0
mutate_child,0,61,100,12.299999999999999,13.395681509600099,18.23622914957372,1.2368144355021526,12.299999999999999,3100,12.88,14.0
mutate_child,0,62,100,12.299999999999999,13.405313455223009,17.890670590009258,1.1712339580829922,12.299999999999999,3150,12.84,14.0
mutate_child,0,63,100,12.299999999999999,13.568688280094905,18.264911064067352,1.3435657661136406,12.299999999999999,3200,13.12,14.0
mutate_child,0,64,100,12.299999999999999,13.476239480260203,18.36619037896906,1.3094233149622354,12.299999999999999,3250,13.25,14.0
mutate_child,0,65,100,12.299999999999999,13.377260310515435,18.214944167960986,1.2091608250338068,12.299999999999999,3300,13.0,14.0
mutate_child,0,66,100,12.299999999999999,13.34099310697198,17.068775948927797,1.2014749354798073,12.299999999999999,3350,12.89,14.0
mutate_child,0,67,100,12.299999999999999,13.396474565036597,18.30384048104053,1.2710075733685622,12.299999999999999,3400,13.04,14.0
mutate_child,0,68,100,12.299999999999999,13.34102482043079,17.068775948927797,1.1283379932763775,12.299999999999999,3450,13.49,14.0
mutate_child,0,69,100,12.299999999999999,13.370056822907364,17.54880884817015,1.2394640996767856,12.299999999999999,3500,13.26,14.0
mutate_child,0,70,100,12.299999999999999,13.362645032776712,17.460232526704264,1.1735391318704838,12.299999999999999,3550,13.23,14.0
mutate_child,0,71,100,12.299999999999999,13.314164235261243,17.23622914957372,1.137716076872627,12.299999999999999,3600,13.18,14.0
mutate_child,0,72,100,12.299999999999999,13.247661208393037,18.62074368738204,1.3130087565827904,12.299999999999999,3650,13.24,14.0
mutate_child,0,73,100,12.299999999999999,13.398096629415276,17.488409872672513,1.3490984256620433,12.299999999999999,3700,12.97,14.0
mutate_child,0,74,100,12.299999999999999,13.20139034013837,17.068775948927797,1.1029603292836927,12.299999999999999,3750,13.24,14.0
mutate_child,0,75,100,12.299999999999999,13.146684945391145,15.768288736283354,0.8571573565751067,12.299999999999999,3800,13.51,14.0
mutate_child,0,76,100,12.299999999999999,13.305185764097308,17.61269819963779,1.291275015636917,12.299999999999999,3850,13.36,14.0
mutate_child,0,77,100,12.299999999999999,13.201198685238266,17.26023252670426,1.0525885839505424,12.299999999999999,3900,13.48,14.0
mutate_child,0,78,100,12.299999999999999,13.226937569788758,17.68072158238645,1.17753742799572,12.299999999999999,3950,13.32,14.0
mutate_child,0,79,100,12.299999999999999,13.326546334058387,18.140175425099137,1.270356358302756,12.299999999999999,4000,13.37,14.0
mutate_child,0,80,100,12.299999999999999,13.28452932562165,17.041984052872976,1.2072567218150507,12.299999999999999,4050,13.21,14.0
mutate_child,0,81,100,12.299999999999999,13.363809331528142,17.967707825203128,1.3788376343613935,12.299999999999999,4100,13.41,14.0
mutate_child,0,82,100,12.299999999999999,13.445308016024136,17.7644304369257,1.370654062368208,12.299999999999999,4150,13.17,14.0
mutate_child,0,83,100,12.299999999999999,13.223479565943316,17.61980390271856,1.1861609457912043,12.299999999999999,4200,13.44,14.0
mutate_child,0,84,100,12.299999999999999,13.150044504274472,17.340967364599088,1.1403306918850733,12.299999999999999,4250,13.41,14.0
mutate_child,0,85,100,12.299999999999999,13.235477289956172,17.264911064067352,1.1462053606400349,12.299999999999999,4300,13.21,14.0
mutate_child,0,86,100,12.299999999999999,13.21725504050565,17.012403840463595,1.1105977830129095,12.299999999999999,4350,13.24,14.0
mutate_child,0,87,100,12.299999999999999,13.312058632501348,18.411871208194288,1.3239761776068801,12.299999999999999,4400,13.32,14.0
mutate_child,0,88,100,12.299999999999999,13.330469806523023,18.013552872566002,1.2885233493686588,12.299999999999999,4450,13.32,14.0
mutate_child,0,89,100,12.299999999999999,13.175788800491784,17.19782557302906,1.1669523640376867,12.299999999999999,4500,13.27,14.0
mutate_child,0,90,100,12.299999999999999,13.148790055581955,16.3,1.0399754814441056,12.299999999999999,4550,13.63,14.0
mutate_child,0,91,100,12.299999999999999,13.05519287150994,16.007440918375927,0.9067991913512085,12.299999999999999,4600,13.67,14.0
mutate_child,0,92,100,12.299999999999999,13.289682380664235,17.77314991723711,1.2800627542458365,12.299999999999999,4650,13.34,14.0
mutate_child,0,93,100,12.299999999999999,13.03383523543474,16.419090595827292,0.9162752651662575,12.299999999999999,4700,13.53,14.0
mutate_child,0,94,100,12.299999999999999,13.22894071859294,17.268288736283353,1.1470940020835951,12.299999999999999,4750,13.65,14.0
mutate_child,0,95,100,12.299999999999999,13.38032838064815,17.013552872566006,1.2711764795083653,12.299999999999999,4800,13.35,14.0
mutate_child,0,96,100,12.299999999999999,13.163192108583921,17.61269819963779,1.154714005644333,12.299999999999999,4850,13.56,14.0
mutate_child,0,97,100,12.299999999999999,13.492612746561184,17.797057550292607,1.4203608759362887,12.299999999999999,4900,13.36,14.0
mutate_child,0,98,100,12.299999999999999,13.400655998773045,17.67996655509042,1.4083003022394098,12.299999999999999,4950,13.18,14.0
mutate_child,0,99,100,12.299999999999999,13.258425044833023,16.513552872566006,1.1606165370600547,12.299999999999999,5000,13.12,14.0
mutate_child,0,100,100,12.299999999999999,13.065908515424722,16.033030277982334,0.8932050239063539,12.299999999999999,5050,13.57,14.0
mutate_child,1,0,50,15.65796522451032,17.996327949610944,20.957066051117284,1.1394388530753021,15.65796522451032,50,10.7,13.0
mutate_child,1,1,100,15.65796522451032,17.677016104275296,20.957066051117284,1.0215993507449999,15.65796522451032,100,10.16,13.0
mutate_child,1,2,100,14.81494416796099,16.77093400496884,19.46522961801754,0.6943356663146619,14.81494416796099,150,10.27,15.0
mutate_child,1,3,100,14.81494416796099,16.252991384518552,18.291812087098393,0.6408416850978439,14.81494416796099,200,11.17,15.0
mutate_child,1,4,100,14.81494416796099,16.02992966211811,19.66405499221705,0.7915902775973672,14.81494416796099,250,11.41,15.0
mutate_child,1,5,100,14.573644135332772,15.736348011435119,19.06765757804371,0.8127749045244032,14.573644135332772,300,11.15,13.0
mutate_child,1,6,100,14.573644135332772,15.546832648002132,17.866563145999496,0.6741462583070238,14.573644135332772,350,11.41,13.0
mutate_child,1,7,100,14.305167809266791,15.434532749746673,18.28608421540822,0.7629698612546678,14.305167809266791,400,11.42,10.0
mutate_child,1,8,100,14.305167809266791,15.395508559225263,19.0563490998189,0.8608537046452899,14.305167809266791,450,12.09,10.0
mutate_child,1,9,100,13.781488772222678,15.075306633473947,17.937715508089905,0.6462889873123323,13.781488772222678,500,12.67,13.0
mutate_child,1,10,100,13.781488772222678,14.978192790781288,17.408921464952066,0.6447949312327195,13.781488772222678,550,12.66,13.0
mutate_child,1,11,100,13.679795897113271,14.803617578596663,16.864171097297422,0.5411481238267265,13.679795897113271,600,12.6,16.0
mutate_child,1,12,100,13.679795897113271,14.802810373459483,18.376388603226825,0.7527272570982726,13.679795897113271,650,12.43,16.0
mutate_child,1,13,100,13.316227766016837,14.748312912230649,17.7131126469709,0.8004211853715,13.316227766016837,700,13.11,17.0
mutate_child,1,14,100,13.316227766016837,14.651438650181912,17.992838827718412,0.7901318033969569,13.316227766016837,750,13.21,17.0
mutate_child,1,15,100,13.316227766016837,14.493344526543913,17.394182110716777,0.7727873647532681,13.316227766016837,800,14.0,17.0
mutate_child,1,16,100,13.316227766016837,14.462514535412874,17.15685424949238,0.8286347999393411,13.316227766016837,850,14.29,17.0
mutate_child,1,17,100,13.316227766016837,14.3513033453196,17.41547594742265,0.712536444661022,13.316227766016837,900,14.84,17.0
mutate_child,1,18,100,13.026649916142159,14.289184220956503,17.173320053068153,0.7972923573309065,13.026649916142159,950,14.86,14.0
mutate_child,1,19,100,13.026649916142159,14.220514400694299,16.741487374764084,0.8129793680622331,13.026649916142159,1000,15.4,14.0
mutate_child,1,20,100,13.026649916142159,14.277683673213437,18.665883607174052,1.1243401748440627,13.026649916142159,1050,15.16,14.0
mutate_child,1,21,100,13.026649916142159,14.000036960992214,17.15685424949238,0.7555760808423562,13.026649916142159,1100,15.79,14.0
mutate_child,1,22,100,13.026649916142159,14.118090606219402,17.991153452528778,0.9794014874291248,13.026649916142159,1150,15.77,14.0
mutate_child,1,23,100,13.026649916142159,13.986402324948044,16.719090595827293,0.7903004396843448,13.026649916142159,1200,15.53,14.0
mutate_child,1,24,100,12.5,13.978975921578185,18.4,0.9418440087688144,12.5,1250,15.19,16.0
mutate_child,1,25,100,12.5,14.067278471013928,17.324099870362662,1.0573410210128313,12.5,1300,15.23,16.0
mutate_child,1,26,100,12.5,13.947271040247431,18.06287388383278,1.0513001854559487,12.5,1350,15.04,16.0
mutate_child,1,27,100,12.5,13.976995535348294,17.458472019555188,1.053643514950822,12.5,1400,14.66,16.0
mutate_child,1,28,100,12.5,13.713501929960774,18.70185121722126,0.8640047315935994,12.5,1450,14.58,16.0
mutate_child,1,29,100,12.5,13.841310283503255,16.185980344927163,0.8740795769543397,12.5,1500,13.89,16.0
mutate_child,1,30,100,12.5,13.924349958751456,17.560107523773826,1.0660498255128297,12.5,1550,14.41,16.0
mutate_child,1,31,100,12.5,13.766680800559289,17.112403840463596,0.9778397059192193,12.5,1600,14.62,16.0
mutate_child,1,32,100,12.5,13.913454742613991,18.020465053408525,1.1337728279676902,12.5,1650,14.08,16.0
mutate_child,1,33,100,12.5,13.789875299287596,17.34355957741627,1.066122182460775,12.5,1700,14.2,16.0
mutate_child,1,34,100,12.5,13.641264934719581,18.397366596101026,0.8719653075904105,12.5,1750,13.91,16.0
mutate_child,1,35,100,12.5,13.91919734335308,18.52480768092719,1.2252448706526258,12.5,1800,13.62,16.0
mutate_child,1,36,100,12.5,13.68293978155565,17.755804677345548,0.9652316613702437,12.5,1850,14.13,16.0
mutate_child,1,37,100,12.5,13.891865370075331,18.710844001658266,1.2409283124700945,12.5,1900,13.82,16.0
mutate_child,1,38,100,12.5,13.519032459831585,16.49313263129874,0.8441843582581181,12.5,1950,13.83,16.0
mutate_child,1,39,100,12.5,13.6126002216092,17.253068523537422,0.8547675962671542,12.5,2000,13.97,16.0
mutate_child,1,40,100,12.5,13.588665888043733,16.55959179422654,0.8737328611704661,12.5,2050,13.99,16.0
mutate_child,1,41,100,12.5,13.517447355974214,16.942284155677232,0.8764484202579733,12.5,2100,14.02,16.0
mutate_child,1,42,100,12.5,13.575435811208754,16.74404424085076,0.9639785727486014,12.5,2150,14.41,16.0
mutate_child,1,43,100,12.5,13.506108005274989,18.51657508881031,0.9472630621665774,12.5,2200,14.37,16.0
mutate_child,1,44,100,12.5,13.578069827338343,15.96619037896906,0.870140694999064,12.5,2250,14.43,16.0
mutate_child,1,45,100,12.5,13.522170631046007,16.814642819948226,0.9020767750617165,12.5,2300,14.3,16.0
mutate_child,1,46,100,12.5,13.486839774886706,16.96770782520313,0.9228358924346096,12.5,2350,14.53,16.0
mutate_child,1,47,100,12.5,13.52241700758353,17.145705207551295,0.9611794178409216,12.5,2400,14.54,16.0
mutate_child,1,48,100,12.5,13.489148767569207,16.74404424085076,0.8585124017882998,12.5,2450,14.58,16.0
mutate_child,1,49,100,12.5,13.459989755085935,16.60554700852678,0.8379152722608411,12.5,2500,14.66,16.0
mutate_child,1,50,100,12.5,13.583619690060248,17.062600113499066,1.105815453622926,12.5,2550,14.37,16.0
mutate_child,1,51,100,12.5,13.426164823004944,16.74404424085076,0.8708259724308152,12.5,2600,14.63,16.0
mutate_child,1,52,100,12.5,13.429513507910096,17.062600113499066,0.8890225954360512,12.5,2650,14.69,16.0
mutate_child,1,53,100,12.5,13.588283197234384,16.49313263129874,1.0358104162297364,12.5,2700,14.15,16.0
mutate_child,1,54,100,12.5,13.51309694517459,17.422497216032184,1.0177384120705384,12.5,2750,14.66,16.0
mutate_child,1,55,100,12.5,13.415301353330134,16.49313263129874,0.8566604836477013,12.5,2800,15.06,16.0
mutate_child,1,56,100,12.5,13.542083820987532,16.599999999999998,1.076234832668506,12.5,2850,14.5,16.0
mutate_child,1,57,100,12.5,13.510117238884348,17.46619037896906,1.0311586395305015,12.5,2900,15.04,16.0
mutate_child,1,58,100,12.5,13.331706590454674,16.265883607174054,0.8179919932184944,12.5,2950,14.79,16.0
mutate_child,1,59,100,12.5,13.314398504614406,16.877032961426902,0.9179176627460494,12.5,3000,14.89,16.0
mutate_child,1,60,100,12.5,13.45455961998531,16.80990195135928,0.9879406220517363,12.5,3050,15.2,16.0
mutate_child,1,61,100,12.5,13.345021591599926,16.48309518948453,0.886154469659013,12.5,3100,14.83,16.0
mutate_child,1,62,100,12.5,13.464421687401396,17.899152481501048,1.0717743414779255,12.5,3150,14.92,16.0
mutate_child,1,63,100,12.5,13.326724859575968,16.74404424085076,0.9669893666343348,12.5,3200,14.88,16.0
mutate_child,1,64,100,12.5,13.472071187806312,16.992838827718412,1.087147610412309,12.5,3250,14.97,16.0
mutate_child,1,65,100,12.5,13.463260929723797,16.74404424085076,1.0905383033003986,12.5,3300,14.62,16.0
mutate_child,1,66,100,12.5,13.221365658748708,15.526649916142159,0.7642950366384743,12.5,3350,15.22,16.0
mutate_child,1,67,100,12.5,13.256882875182882,16.30990195135928,0.8815242128154293,12.5,3400,15.27,16.0
mutate_child,1,68,100,12.5,13.093520448738625,16.74404424085076,0.7865276887241754,12.5,3450,15.28,16.0
mutate_child,1,69,100,12.5,13.277768349349207,16.982663407939974,1.0831446176443635,12.5,3500,15.2,16.0
mutate_child,1,70,100,12.5,13.23500014419062,17.319195340279954,0.9387486345158061,12.5,3550,15.39,16.0
mutate_child,1,71,100,12.5,13.327937454760347,16.96770782520313,1.1006327424381643,12.5,3600,15.49,16.0
mutate_child,1,72,100,12.5,13.162827761925474,16.363332257370235,0.8617129149748318,12.5,3650,15.38,16.0
mutate_child,1,73,100,12.5,13.208402043203389,16.12664991614216,0.9363872353437502,12.5,3700,15.75,16.0
mutate_child,1,74,100,12.5,13.282452566467772,16.50830459735946,1.0151114134119283,12.5,3750,15.61,16.0
mutate_child,1,75,100,12.5,13.241927610468851,16.632455532033674,1.048271698173033,12.5,3800,15.68,16.0
mutate_child,1,76,100,12.5,13.238548133476543,16.74404424085076,0.958096814899838,12.5,3850,15.47,16.0
mutate_child,1,77,100,12.5,13.511967215538611,17.08446194559183,1.2944435852703828,12.5,3900,15.36,16.0
mutate_child,1,78,100,12.5,13.212516757591493,16.74404424085076,1.0129370235598611,12.5,3950,15.3,16.0
mutate_child,1,79,100,12.5,13.24131978064497,17.4,1.0185988167998885,12.5,4000,15.34,16.0
mutate_child,1,80,100,12.5,13.29141451261773,17.888585061331156,1.0827798749360862,12.5,4050,15.45,16.0
mutate_child,1,81,100,12.5,13.346282172261407,16.904996878900157,1.1763728199893735,12.5,4100,15.12,16.0
mutate_child,1,82,100,12.5,13.381791116383361,16.74404424085076,1.1419765245478957,12.5,4150,15.46,16.0
mutate_child,1,83,100,12.5,13.177457945448907,16.74404424085076,1.0075261691568698,12.5,4200,15.67,16.0
mutate_child,1,84,100,12.5,13.305215753307301,16.3,1.104939399650338,12.5,4250,15.44,16.0
mutate_child,1,85,100,12.5,13.247155301045177,16.74404424085076,1.0450701291941473,12.5,4300,15.76,16.0
mutate_child,1,86,100,12.5,13.297768315554913,16.74404424085076,1.0755791933335834,12.5,4350,15.57,16.0
mutate_child,1,87,100,12.5,13.367912615604785,16.74404424085076,1.1164158391176973,12.5,4400,15.42,16.0
mutate_child,1,88,100,12.5,13.157122508297837,16.74404424085076,0.9488471445110103,12.5,4450,15.37,16.0
mutate_child,1,89,100,12.5,12.993694076363424,15.774165738677395,0.6827004943385018,12.5,4500,15.9,16.0
mutate_child,1,90,100,12.5,13.25856888129516,16.74404424085076,0.9905635902559689,12.5,4550,15.43,16.0
mutate_child,1,91,100,12.5,13.254686380371972,16.774165738677393,1.0695651528749068,12.5,4600,15.75,16.0
mutate_child,1,92,100,12.5,13.193373150303051,16.74404424085076,0.9301659656071843,12.5,4650,15.66,16.0
mutate_child,1,93,100,12.5,13.233124002580812,16.760681686165903,1.0074139126339359,12.5,4700,15.51,16.0
mutate_child,1,94,100,12.5,13.184873206911487,16.04833147735479,0.9209444884166381,12.5,4750,15.55,16.0
mutate_child,1,95,100,12.5,13.365391905715773,17.130275304103698,1.107446691795654,12.5,4800,15.4,16.0
mutate_child,1,96,100,12.5,13.334698374492989,17.094640292279745,1.1663776182198964,12.5,4850,15.7,16.0
mutate_child,1,97,100,12.5,13.373017044571037,16.76332495807108,1.2078608335135181,12.5,4900,15.24,16.0
mutate_child,1,98,100,12.5,13.305938652443102,16.48309518948453,1.0525114782745668,12.5,4950,15.58,16.0
mutate_child,1,99,100,12.5,13.20166197548572,17.644655678480984,1.021550896410475,12.5,5000,15.69,16.0
mutate_child,1,100,100,12.5,13.17618953341967,16.74404424085076,0.9315051278697905,12.5,5050,15.58,16.0
mutate_child,2,0,50,15.32828568570857,18.015092069939957,21.338181191654584,1.3651552352002252,15.32828568570857,50,9.18,15.0
mutate_child,2,1,100,15.32828568570857,17.6592292238473,21.338181191654584,1.2199220215336457,15.32828568570857,100,8.97,15.0
mutate_child,2,2,100,15.32828568570857,16.819188308463392,19.049666651850536,0.6796359331661491,15.32828568570857,150,9.39,15.0
mutate_child,2,3,100,14.993737745050923,16.464938392854098,19.61555394056826,0.7371997806487004,14.993737745050923,200,10.3,14.0
mutate_child,2,4,100,14.976819745345026,16.080615279129322,17.44928556845359,0.529149681387859,14.976819745345026,250,11.2,11.0
mutate_child,2,5,100,14.66794833886788,16.12497507919158,20.314944167960988,1.0029223181100115,14.66794833886788,300,11.52,12.0
mutate_child,2,6,100,14.557641145488901,15.8241302275574,19.020465053408525,0.8140019887774944,14.557641145488901,350,11.92,10.0
mutate_child,2,7,100,14.366190378969058,15.720965000742604,19.739071942966532,0.9280955284721149,14.366190378969058,400,11.58,14.0
mutate_child,2,8,100,14.322611077089286,15.441188342650076,17.888585061331156,0.7051248796167724,14.322611077089286,450,11.79,11.0
mutate_child,2,9,100,14.322611077089286,15.428716444580184,18.67996655509042,0.9537825509986287,14.322611077089286,500,11.57,11.0
mutate_child,2,10,100,14.162049935181331,15.315828261316453,18.644832503882967,0.9476262987674604,14.162049935181331,550,11.51,13.0
mutate_child,2,11,100,14.162049935181331,15.333402513490782,18.586651818838305,1.0790378217030636,14.162049935181331,600,11.23,13.0
mutate_child,2,12,100,14.048808848170152,14.953524149782343,17.770615218501405,0.7032072367144288,14.048808848170152,650,11.83,14.0
mutate_child,2,13,100,13.992838827718412,14.948104726435423,17.80094331227943,0.7469351684601022,13.992838827718412,700,11.77,14.0
mutate_child,2,14,100,13.927566688249707,14.9732508504034,18.586651818838305,0.9701826700197972,13.927566688249707,750,11.78,13.0
mutate_child,2,15,100,13.927566688249707,14.84592447860359,17.632455532033674,0.7905917659064542,13.927566688249707,800,12.14,13.0
mutate_child,2,16,100,13.6,15.064954550481584,19.62574776766556,1.1358102516696298,13.6,850,12.22,13.0
mutate_child,2,17,100,13.5,14.919101337779386,19.774868417407582,1.1104881198737429,13.5,900,12.29,14.0
mutate_child,2,18,100,13.5,15.051026164115347,18.866431913239847,1.1957679375469341,13.5,950,12.33,14.0
mutate_child,2,19,100,13.5,15.006449005960866,19.881742422927143,1.1875651964573823,13.5,1000,12.04,14.0
mutate_child,2,20,100,13.5,14.85637878569215,20.30199920063936,1.2443721056461652,13.5,1050,12.63,14.0
mutate_child,2,21,100,13.5,14.85520947179816,19.295829710142186,1.2313177017051684,13.5,1100,12.45,14.0
mutate_child,2,22,100,13.5,14.672360023690757,19.420465053408524,1.1141138051225712,13.5,1150,12.79,14.0
mutate_child,2,23,100,13.5,14.73936967301143,19.615167380558045,1.3033164739750003,13.5,1200,12.61,14.0
mutate_child,2,24,100,13.369535971483266,14.696870899339721,19.474868417407585,1.2559010633693677,13.369535971483266,1250,12.56,14.0
mutate_child,2,25,100,13.366190378969058,14.653963697259082,19.466479394838267,1.2147360286310436,13.366190378969058,1300,12.55,14.0
mutate_child,2,26,100,13.06287388383278,14.39207592801618,18.493468988235943,0.988681551377191,13.06287388383278,1350,12.79,13.0
mutate_child,2,27,100,13.06287388383278,14.199273396994794,18.05329983228432,0.9040193336775764,13.06287388383278,1400,12.98,13.0
mutate_child,2,28,100,12.792838827718413,14.121306470850984,17.82842712474619,0.9810702105075674,12.792838827718413,1450,13.07,13.0
mutate_child,2,29,100,12.792838827718413,14.250351016178662,18.362873883832776,1.173418126262771,12.792838827718413,1500,13.18,13.0
mutate_child,2,30,100,12.792838827718413,14.271777328847545,19.109975124224178,1.324138084973535,12.792838827718413,1550,12.93,13.0
mutate_child,2,31,100,12.792838827718413,14.155514407725622,19.593468988235944,1.2684277556178913,12.792838827718413,1600,12.77,13.0
mutate_child,2,32,100,12.669693845669906,14.027048430800644,18.90587727318528,1.2146563374250532,12.669693845669906,1650,12.96,13.0
mutate_child,2,33,100,12.66770782520313,14.114716744550817,18.264911064067352,1.2923593256000876,12.66770782520313,1700,13.07,14.0
mutate_child,2,34,100,12.48309518948453,13.80293515096464,18.348043145279966,1.0348719420046175,12.48309518948453,1750,13.23,15.0
mutate_child,2,35,100,12.48309518948453,13.712250866480172,18.555294535724684,1.1592207381698325,12.48309518948453,1800,13.78,15.0
mutate_child,2,36,100,12.48309518948453,13.873831341305774,19.80332963783729,1.2836664772750481,12.48309518948453,1850,13.22,15.0
mutate_child,2,37,100,12.48309518948453,13.720741623318947,17.21848687365763,1.1197431028653837,12.48309518948453,1900,13.77,15.0
mutate_child,2,38,100,12.48309518948453,13.75212561622959,17.419803902718556,1.191011216979907,12.48309518948453,1950,13.65,15.0
mutate_child,2,39,100,12.48309518948453,13.73140771377078,18.515167380558044,1.4203094320208596,12.48309518948453,2000,13.61,15.0
mutate_child,2,40,100,12.48309518948453,13.416784994532486,17.16770782520313,0.898506901230406,12.48309518948453,2050,13.91,15.0
mutate_child,2,41,100,12.48309518948453,13.432654154798357,17.109606511052444,1.01348049153855,12.48309518948453,2100,13.97,15.0
mutate_child,2,42,100,12.48309518948453,13.387599298655225,18.167156809750928,1.0546070899756776,12.48309518948453,2150,14.04,15.0
mutate_child,2,43,100,12.378232998312527,13.604756720488028,18.04939015319192,1.2872137425283237,12.378232998312527,2200,14.02,14.0
mutate_child,2,44,100,12.378232998312527,13.47564392643845,18.316590212458493,1.21483514580068,12.378232998312527,2250,13.93,14.0
mutate_child,2,45,100,12.378232998312527,13.652006859134996,18.43095064303001,1.4731619757867747,12.378232998312527,2300,13.88,14.0
mutate_child,2,46,100,12.378232998312527,13.303612880851166,17.109606511052444,0.995967951742733,12.378232998312527,2350,14.01,14.0
mutate_child,2,47,100,12.274165738677395,13.496782772606718,17.347896782848373,1.1554714316865489,12.274165738677395,2400,13.93,15.0
mutate_child,2,48,100,12.274165738677395,13.471740260769595,18.42756668824971,1.2612777479004145,12.274165738677395,2450,13.86,15.0
mutate_child,2,49,100,12.274165738677395,13.483942928388851,17.467707825203128,1.2643690825274694,12.274165738677395,2500,14.05,15.0
mutate_child,2,50,100,12.274165738677395,13.326096286523098,17.394427190999917,1.119992020047436,12.274165738677395,2550,13.94,15.0
mutate_child,2,51,100,12.274165738677395,13.345613445593367,17.549761899362675,1.189877661397521,12.274165738677395,2600,13.92,15.0
mutate_child,2,52,100,12.274165738677395,13.410003124244215,17.81664102558034,1.2890120407298151,12.274165738677395,2650,13.59,15.0
mutate_child,2,53,100,12.207106781186548,13.304013628263858,17.109606511052444,1.0679963912752335,12.207106781186548,2700,14.22,14.0
mutate_child,2,54,100,12.207106781186548,13.441523771778375,19.412833614050058,1.4194817338751304,12.207106781186548,2750,14.21,14.0
mutate_child,2,55,100,12.207106781186548,13.205310248691159,17.109606511052444,1.0434087111732357,12.207106781186548,2800,14.08,14.0
mutate_child,2,56,100,12.207106781186548,13.197400400773361,17.109606511052444,1.0180007378281881,12.207106781186548,2850,14.22,14.0
mutate_child,2,57,100,12.207106781186548,13.288722052146074,17.109606511052444,1.1393410312151395,12.207106781186548,2900,13.98,14.0
mutate_child,2,58,100,12.207106781186548,13.175143067960938,16.614642819948227,1.0130459986292917,12.207106781186548,2950,14.35,14.0
mutate_child,2,59,100,12.207106781186548,13.152433905959876,17.109606511052444,0.9853927219510482,12.207106781186548,3000,14.43,14.0
mutate_child,2,60,100,12.207106781186548,13.247132419820822,17.11980390271856,1.035250617122321,12.207106781186548,3050,14.28,14.0
mutate_child,2,61,100,12.207106781186548,13.19765234447212,18.464965543462903,1.170326281689944,12.207106781186548,3100,14.47,14.0
mutate_child,2,62,100,12.207106781186548,13.059898411413624,17.21848687365763,0.9194621963661737,12.207106781186548,3150,14.35,14.0
mutate_child,2,63,100,12.207106781186548,13.205782530883432,17.920465053408524,1.1115069324449085,12.207106781186548,3200,14.12,14.0
mutate_child,2,64,100,12.207106781186548,13.164112922627695,17.54964786985977,1.0741831316412997,12.207106781186548,3250,14.14,14.0
mutate_child,2,65,100,12.207106781186548,13.156889719728277,18.50554700852678,1.1330429943849418,12.207106781186548,3300,14.47,14.0
mutate_child,2,66,100,12.207106781186548,13.218324332067066,17.109606511052444,1.1442093116436833,12.207106781186548,3350,14.28,14.0
mutate_child,2,67,100,12.207106781186548,13.442959309403845,18.23868107973205,1.4797441822654513,12.207106781186548,3400,14.28,14.0
mutate_child,2,68,100,12.207106781186548,13.277719058846417,18.97763888346312,1.3798613383734384,12.207106781186548,3450,14.52,14.0
mutate_child,2,69,100,12.207106781186548,13.156167936848114,17.629705854077837,1.093994121670561,12.207106781186548,3500,14.43,14.0
mutate_child,2,70,100,12.207106781186548,13.256977358685,16.522862220714998,1.1579074327297179,12.207106781186548,3550,13.8,14.0
mutate_child,2,71,100,12.207106781186548,13.186252403247176,17.560388679233963,1.167436036227891,12.207106781186548,3600,14.05,14.0
mutate_child,2,72,100,12.207106781186548,13.367724702844983,18.43095064303001,1.409585335800311,12.207106781186548,3650,14.18,14.0
mutate_child,2,73,100,12.207106781186548,13.424972619335666,18.10554700852678,1.425135856361394,12.207106781186548,3700,14.2,14.0
mutate_child,2,74,100,12.207106781186548,13.182497418738976,17.109606511052444,1.110002916259894,12.207106781186548,3750,14.11,14.0
mutate_child,2,75,100,12.207106781186548,13.194772021538613,17.448683298050515,1.0817918065011314,12.207106781186548,3800,14.6,14.0
mutate_child,2,76,100,12.207106781186548,13.175121409595167,18.730727575266254,1.2303286010984542,12.207106781186548,3850,14.21,14.0
mutate_child,2,77,100,12.207106781186548,13.288377482289091,17.900000000000002,1.2870191114307323,12.207106781186548,3900,14.03,14.0
mutate_child,2,78,100,12.207106781186548,13.13814117286002,17.74131112314674,1.1273675954280071,12.207106781186548,3950,14.17,14.0
mutate_child,2,79,100,12.207106781186548,13.183756109647174,16.019722213291033,1.0673163618180206,12.207106781186548,4000,13.86,14.0
mutate_child,2,80,100,12.207106781186548,13.227360889372653,17.7770329614269,1.2407519316682658,12.207106781186548,4050,14.0,14.0
mutate_child,2,81,100,12.207106781186548,13.125912185335338,16.318252056394797,1.0541205623409189,12.207106781186548,4100,14.2,14.0
mutate_child,2,82,100,12.207106781186548,13.061692475092466,17.422497216032184,1.1114488286679798,12.207106781186548,4150,13.89,14.0
mutate_child,2,83,100,12.207106781186548,13.103459625704058,18.193737745050925,1.170872812436506,12.207106781186548,4200,13.79,14.0
mutate_child,2,84,100,12.207106781186548,13.248745878730126,18.307886552931954,1.3592541716870659,12.207106781186548,4250,13.83,14.0
mutate_child,2,85,100,12.207106781186548,13.35888051085525,17.822497216032183,1.3855405866157073,12.207106781186548,4300,13.72,14.0
mutate_child,2,86,100,12.207106781186548,13.150520134460061,17.629705854077837,1.230665671577046,12.207106781186548,4350,13.93,14.0
mutate_child,2,87,100,12.207106781186548,13.470300139664632,17.983266665599967,1.5971236427459556,12.207106781186548,4400,14.06,14.0
mutate_child,2,88,100,12.207106781186548,13.201947148988681,17.336660026534076,1.2417021621999387,12.207106781186548,4450,13.8,14.0
mutate_child,2,89,100,12.207106781186548,13.153602023920154,17.33390796058137,1.1964824174118454,12.207106781186548,4500,13.79,14.0
mutate_child,2,90,100,12.207106781186548,13.176240428913045,18.048999599679682,1.3366331730022472,12.207106781186548,4550,13.64,14.0
mutate_child,2,91,100,12.207106781186548,13.12304759653189,17.109606511052444,1.2286707666335368,12.207106781186548,4600,13.82,14.0
mutate_child,2,92,100,12.207106781186548,13.287314311938244,17.448683298050515,1.3717425549641278,12.207106781186548,4650,13.84,14.0
mutate_child,2,93,100,12.207106781186548,13.021336760268163,18.372004514666937,1.1775427364974655,12.207106781186548,4700,13.62,14.0
mutate_child,2,94,100,12.207106781186548,13.448004956402073,18.49373774505092,1.6146349240327358,12.207106781186548,4750,13.61,14.0
mutate_child,2,95,100,12.207106781186548,13.360165693225776,18.1431676725155,1.510875459425052,12.207106781186548,4800,13.41,14.0
mutate_child,2,96,100,12.207106781186548,13.129971613284468,17.640967364599085,1.3646195211164258,12.207106781186548,4850,13.4,14.0
mutate_child,2,97,100,12.207106781186548,13.223566622888063,17.663818169698587,1.417334836867317,12.207106781186548,4900,13.51,14.0
mutate_child,2,98,100,12.207106781186548,13.206378518733295,18.048999599679682,1.4366352776633877,12.207106781186548,4950,13.51,14.0
mutate_child,2,99,100,12.207106781186548,13.220361073084748,17.109606511052444,1.4138529031610925,12.207106781186548,5000,13.39,14.0
mutate_child,2,100,100,12.207106781186548,13.542388681016439,18.758317958127243,1.7446198160268762,12.207106781186548,5050,13.64,14.0
mutate_child,3,0,50,15.417800560721073,18.035084151005652,20.737663853655725,1.3190015439419236,15.417800560721073,50,11.06,13.0
mutate_child,3,1,100,15.417800560721073,17.622863303758784,20.737663853655725,1.2784925347983163,15.417800560721073,100,10.82,13.0
mutate_child,3,2,100,14.819160170741759,16.69204962957114,19.867156809750927,0.7794003844364888,14.819160170741759,150,10.84,12.0
mutate_child,3,3,100,14.35870331449229,16.095510087707673,18.953720459187966,0.6896830637538673,14.35870331449229,200,10.86,12.0
mutate_child,3,4,100,14.35870331449229,15.618455353666215,17.24050688284214,0.5470261663758806,14.35870331449229,250,10.95,12.0
mutate_child,3,5,100,14.35870331449229,15.421198305906055,18.427105745132007,0.6558610425349547,14.35870331449229,300,10.66,12.0
mutate_child,3,6,100,14.260232526704263,15.2573422060254,18.739071942966532,0.6318445513005573,14.260232526704263,350,10.84,15.0
mutate_child,3,7,100,13.912931993250107,15.193234298099783,18.026989472816155,0.7059278832117286,13.912931993250107,400,11.05,11.0
mutate_child,3,8,100,13.427105745132009,15.11075208134006,17.82842712474619,0.7287155074655208,13.427105745132009,450,11.02,12.0
mutate_child,3,9,100,13.427105745132009,14.913765776742974,16.707106781186546,0.564145518258436,13.427105745132009,500,11.36,12.0
mutate_child,3,10,100,13.381742422927143,14.936488388632752,18.52480768092719,0.9043572598852339,13.381742422927143,550,11.49,12.0
mutate_child,3,11,100,13.239071942966532,14.768818363716088,19.843024810940587,0.9417865176964615,13.239071942966532,600,11.92,12.0
mutate_child,3,12,100,13.239071942966532,14.628897548761083,16.94022900262956,0.739841681083986,13.239071942966532,650,11.7,12.0
mutate_child,3,13,100,13.239071942966532,14.464256450885777,16.79583152331272,0.7312506365389005,13.239071942966532,700,11.97,12.0
mutate_child,3,14,100,13.008304597359459,14.161602806598237,16.43130005674953,0.5943168505341239,13.008304597359459,750,11.79,13.0
mutate_child,3,15,100,13.008304597359459,14.228114353329099,16.955133376499415,0.7512643712587598,13.008304597359459,800,11.59,13.0
mutate_child,3,16,100,13.008304597359459,14.150189687897312,16.6431676725155,0.754909741751322,13.008304597359459,850,11.57,13.0
mutate_child,3,17,100,13.008304597359459,14.104192769698297,16.529822128134704,0.7468521722741163,13.008304597359459,900,11.75,13.0
mutate_child,3,18,100,13.008304597359459,14.06445904363274,16.28952211790544,0.7571065180181104,13.008304597359459,950,11.79,13.0
mutate_child,3,19,100,13.008304597359459,13.912346277459955,16.242640687119284,0.6131839708843064,13.008304597359459,1000,11.89,13.0
mutate_child,3,20,100,12.94928556845359,14.028293383408698,17.18321595661992,0.8575279660335804,12.94928556845359,1050,11.95,12.0
mutate_child,3,21,100,12.94928556845359,13.90252755546764,16.76397674405503,0.72262458406268,12.94928556845359,1100,12.18,12.0
mutate_child,3,22,100,12.94928556845359,13.950798210843587,17.121320343559642,0.9257173719148221,12.94928556845359,1150,12.14,12.0
mutate_child,3,23,100,12.94928556845359,13.794816407611199,16.36619037896906,0.6880461254640236,12.94928556845359,1200,12.22,12.0
mutate_child,3,24,100,12.94928556845359,13.864983915447569,16.822611077089284,0.8672765162785745,12.94928556845359,1250,12.21,12.0
mutate_child,3,25,100,12.94928556845359,13.737038849511755,17.140967364599085,0.7630025827931914,12.94928556845359,1300,12.36,12.0
mutate_child,3,26,100,12.94928556845359,13.777618503750844,16.33390796058137,0.766133302405234,12.94928556845359,1350,12.37,12.0
mutate_child,3,27,100,12.94928556845359,13.824384715270805,17.687817782917154,0.8615333152091794,12.94928556845359,1400,12.38,12.0
mutate_child,3,28,100,12.709901951359278,13.77144528277347,18.512931993250106,0.9959013800896213,12.709901951359278,1450,12.58,14.0
mutate_child,3,29,100,12.709901951359278,13.726466701182158,16.28997487421324,0.79981614618037,12.709901951359278,1500,12.6,14.0
mutate_child,3,30,100,12.709901951359278,13.718461782581977,17.93469899493758,0.9698767453684114,12.709901951359278,1550,12.6,14.0
mutate_child,3,31,100,12.709901951359278,13.724623757689539,17.400000000000002,0.8966607356638754,12.709901951359278,1600,12.72,14.0
mutate_child,3,32,100,12.709901951359278,13.6808376332664,17.513552872566002,0.877052501676672,12.709901951359278,1650,12.95,14.0
mutate_child,3,33,100,12.709901951359278,13.724872813268723,17.219090595827293,0.9207226833617753,12.709901951359278,1700,12.89,14.0
mutate_child,3,34,100,12.709901951359278,13.643904027179223,17.588409872672514,0.8699585004706074,12.709901951359278,1750,12.8,14.0
mutate_child,3,35,100,12.709901951359278,13.48317620098799,15.557965224510319,0.6376263406010831,12.709901951359278,1800,13.03,14.0
mutate_child,3,36,100,12.709901951359278,13.589922936212748,17.68679622641132,0.9226739354138639,12.709901951359278,1850,13.07,14.0
mutate_child,3,37,100,12.709901951359278,13.562753667186485,16.96619037896906,0.8250772857939417,12.709901951359278,1900,13.13,14.0
mutate_child,3,38,100,12.709901951359278,13.588516060279515,17.663818169698587,0.9060250905328825,12.709901951359278,1950,13.22,14.0
mutate_child,3,39,100,12.709901951359278,13.605731650676535,17.13527000944073,0.9321359803546972,12.709901951359278,2000,13.15,14.0
mutate_child,3,40,100,12.709901951359278,13.524336301112541,18.05758369027902,0.93235035950214,12.709901951359278,2050,13.02,14.0
mutate_child,3,41,100,12.709901951359278,13.482281630327416,15.47624151769984,0.7844769523558836,12.709901951359278,2100,13.23,14.0
mutate_child,3,42,100,12.709901951359278,13.552832452542368,16.109975124224178,0.8435582664413007,12.709901951359278,2150,13.26,14.0
mutate_child,3,43,100,12.589897948556635,13.46451118836298,18.15796522451032,0.8661806121154481,12.589897948556635,2200,13.39,14.0
mutate_child,3,44,100,12.589897948556635,13.44037542369829,16.777154105707723,0.8144250919043078,12.589897948556635,2250,13.4,14.0
mutate_child,3,45,100,12.589897948556635,13.430288558262907,15.6,0.7601573736692318,12.589897948556635,2300,13.4,14.0
mutate_child,3,46,100,12.589897948556635,13.493800920257847,17.057583690279024,0.8502431658670587,12.589897948556635,2350,13.53,14.0
mutate_child,3,47,100,12.589897948556635,13.482808884365575,16.584015371452146,0.887196399303442,12.589897948556635,2400,13.4,14.0
mutate_child,3,48,100,12.589897948556635,13.390362866474398,17.012403840463595,0.8300580777351018,12.589897948556635,2450,13.54,14.0
mutate_child,3,49,100,12.589897948556635,13.42702579588055,16.2,0.8561536394248818,12.589897948556635,2500,13.43,14.0
mutate_child,3,50,100,12.589897948556635,13.414811583655473,16.060701700396553,0.753107374256086,12.589897948556635,2550,13.66,14.0
mutate_child,3,51,100,12.589897948556635,13.399165674675224,18.00554700852678,0.8931514056264069,12.589897948556635,2600,13.59,14.0
mutate_child,3,52,100,12.589897948556635,13.472612069609273,17.87840487520902,0.9581040164435126,12.589897948556635,2650,13.38,14.0
mutate_child,3,53,100,12.589897948556635,13.405183465686108,18.172004514666934,0.9130856435173672,12.589897948556635,2700,13.38,14.0
mutate_child,3,54,100,12.589897948556635,13.57317538994937,16.584015371452146,1.0220013499923997,12.589897948556635,2750,13.61,14.0
mutate_child,3,55,100,12.589897948556635,13.389960303430458,16.96770782520313,0.8506586704531887,12.589897948556635,2800,13.48,14.0
mutate_child,3,56,100,12.474165738677394,13.418862502977994,16.947213595499957,0.8933779777285339,12.474165738677394,2850,13.47,14.0
mutate_child,3,57,100,12.474165738677394,13.400672548822994,15.786342439892262,0.8295268890850098,12.474165738677394,2900,13.41,14.0
mutate_child,3,58,100,12.474165738677394,13.289232971471671,17.22474487139159,0.7631061806014703,12.474165738677394,2950,13.45,14.0
mutate_child,3,59,100,12.474165738677394,13.297491140321702,15.391924966748062,0.738243948339458,12.474165738677394,3000,13.68,14.0
mutate_child,3,60,100,12.474165738677394,13.411756335221696,18.257583690279024,1.0482521227383483,12.474165738677394,3050,13.31,14.0
mutate_child,3,61,100,12.474165738677394,13.405236690223468,17.599999999999998,0.973477719159073,12.474165738677394,3100,13.62,14.0
mutate_child,3,62,100,12.474165738677394,13.450042673744957,17.163818169698587,1.0030184835430775,12.474165738677394,3150,13.65,14.0
mutate_child,3,63,100,12.474165738677394,13.437412483217797,15.922497216032184,0.9315860523778547,12.474165738677394,3200,13.66,14.0
mutate_child,3,64,100,12.444948974278317,13.328273867148017,15.742640687119284,0.8056416582941134,12.444948974278317,3250,13.45,14.0
mutate_child,3,65,100,12.334846922834952,13.44214034062962,17.063324958071078,1.0736853100093313,12.334846922834952,3300,13.52,13.0
mutate_child,3,66,100,12.334846922834952,13.32195647280019,15.742787793912433,0.8502050542829805,12.334846922834952,3350,13.44,13.0
mutate_child,3,67,100,12.334846922834952,13.512359199054684,17.834846922834956,1.0914789137078875,12.334846922834952,3400,13.45,13.0
mutate_child,3,68,100,12.334846922834952,13.264770039977284,16.719090595827293,0.8568220011827424,12.334846922834952,3450,13.42,13.0
mutate_child,3,69,100,12.334846922834952,13.349959131186774,18.60665927567458,0.979302156978576,12.334846922834952,3500,13.38,13.0
mutate_child,3,70,100,12.334846922834952,13.285605375769217,15.593584466786357,0.8233736823435897,12.334846922834952,3550,13.16,13.0
mutate_child,3,71,100,12.334846922834952,13.314475565114124,16.588409872672514,0.9214531731721591,12.334846922834952,3600,13.48,13.0
mutate_child,3,72,100,12.334846922834952,13.451506823456493,18.492838827718412,1.1317702401585332,12.334846922834952,3650,13.43,13.0
mutate_child,3,73,100,12.334846922834952,13.504297695787145,17.988409872672513,1.1683116236002262,12.334846922834952,3700,13.67,13.0
mutate_child,3,74,100,12.334846922834952,13.330586142348833,17.46619037896906,1.0068833553831658,12.334846922834952,3750,13.6,13.0
mutate_child,3,75,100,12.334846922834952,13.350306776326747,16.257583690279024,0.964227521055233,12.334846922834952,3800,13.64,13.0
mutate_child,3,76,100,12.334846922834952,13.245370998336172,15.799999999999999,0.7663673003150183,12.334846922834952,3850,13.28,13.0
mutate_child,3,77,100,12.299999999999999,13.316752244180782,16.632455532033674,0.9505162776190812,12.299999999999999,3900,13.27,13.0
mutate_child,3,78,100,12.299999999999999,13.342332627850277,17.448683298050515,0.984907979990922,12.299999999999999,3950,13.47,13.0
mutate_child,3,79,100,12.299999999999999,13.190684395696879,15.779795897113273,0.7729282180274176,12.299999999999999,4000,13.28,13.0
mutate_child,3,80,100,12.299999999999999,13.253660666379542,17.30384048104053,0.926281687050345,12.299999999999999,4050,13.47,13.0
mutate_child,3,81,100,12.299999999999999,13.303847901452498,16.77979589711327,0.9378579672000051,12.299999999999999,4100,13.52,13.0
mutate_child,3,82,100,12.299999999999999,13.23642176042818,15.947213595499958,0.8531432745815528,12.299999999999999,4150,13.43,13.0
mutate_child,3,83,100,12.299999999999999,13.38341526735191,16.960232526704264,1.073139599421607,12.299999999999999,4200,13.13,13.0
mutate_child,3,84,100,12.299999999999999,13.194976712785135,16.260232526704264,0.8647626573069609,12.299999999999999,4250,13.5,13.0
mutate_child,3,85,100,12.299999999999999,13.146781220540708,16.569535971483266,0.8196236413012135,12.299999999999999,4300,13.35,13.0
mutate_child,3,86,100,12.299999999999999,13.186762774200274,17.2,0.9079739317741873,12.299999999999999,4350,13.23,13.0
mutate_child,3,87,100,12.299999999999999,13.018672974213725,14.524807680927193,0.630488794836132,12.299999999999999,4400,13.39,13.0
mutate_child,3,88,100,12.299999999999999,13.234360378944164,15.824349662087931,0.9276077520936445,12.299999999999999,4450,13.38,13.0
mutate_child,3,89,100,12.299999999999999,13.065166803953655,15.329872518944558,0.7794829745778263,12.299999999999999,4500,13.4,13.0
mutate_child,3,90,100,12.299999999999999,13.191383058493557,16.76843871413581,0.8613297748117397,12.299999999999999,4550,13.62,13.0
mutate_child,3,91,100,12.299999999999999,13.129550818094081,16.599999999999998,0.823019314815955,12.299999999999999,4600,13.51,13.0
mutate_child,3,92,100,12.299999999999999,13.13319733111671,16.929705854077834,0.9334364400003953,12.299999999999999,4650,13.36,13.0
mutate_child,3,93,100,12.299999999999999,13.075862865101039,16.26988664825584,0.8304969656842406,12.299999999999999,4700,13.24,13.0
mutate_child,3,94,100,12.299999999999999,13.199055613664818,17.992838827718412,0.9701480063785267,12.299999999999999,4750,13.59,13.0
mutate_child,3,95,100,12.299999999999999,13.17525327323055,16.97484176581315,0.9981838976758128,12.299999999999999,4800,13.28,13.0
mutate_child,3,96,100,12.299999999999999,13.177125303976688,16.096510211788168,0.9482001571428605,12.299999999999999,4850,13.26,13.0
mutate_child,3,97,100,12.299999999999999,13.031434764530115,17.520465053408525,0.8832656749900638,12.299999999999999,4900,13.35,13.0
mutate_child,3,98,100,12.299999999999999,13.058796075461713,16.12736184954957,0.8404038292199218,12.299999999999999,4950,13.24,13.0
mutate_child,3,99,100,12.299999999999999,13.06141381383919,16.61283361405006,0.8236905102774845,12.299999999999999,5000,13.16,13.0
mutate_child,3,100,100,12.299999999999999,13.110416315527118,15.948331477354788,0.9253464789119624,12.299999999999999,5050,13.29,13.0
mutate_child,4,0,50,15.693325909419151,17.784657687183213,20.880972058177587,1.1972221048836298,15.693325909419151,50,11.22,11.0
mutate_child,4,1,100,15.67804971641414,17.671350905491796,20.880972058177587,1.2657731036093487,15.67804971641414,100,10.14,10.0
mutate_child,4,2,100,15.489459064299282,16.810423937726572,19.61555394056826,0.8013257721660573,15.489459064299282,150,8.57,10.0
mutate_child,4,3,100,14.906659275674581,16.315467832296928,17.84474557908074,0.5399719062647623,14.906659275674581,200,8.53,10.0
mutate_child,4,4,100,14.82409987036266,16.283730655138772,20.648199740725325,0.8721695482582602,14.82409987036266,250,9.01,10.0
mutate_child,4,5,100,14.679075450674064,16.011508247422636,18.838211655780214,0.6712374328415373,14.679075450674064,300,8.98,12.0
mutate_child,4,6,100,14.63901391331568,15.824524099864014,18.183266665599966,0.6862783473882816,14.63901391331568,350,9.41,10.0
mutate_child,4,7,100,14.603569153775238,15.55951688166875,19.648199740725325,0.736077806950104,14.603569153775238,400,9.75,13.0
mutate_child,4,8,100,13.917800560721073,15.499679209123423,18.935613624582864,0.8559850097095153,13.917800560721073,450,10.34,10.0
mutate_child,4,9,100,13.799999999999999,15.316426046161501,18.586651818838305,0.8052775954648482,13.799999999999999,500,10.19,11.0
mutate_child,4,10,100,13.799999999999999,15.006592667445695,18.644832503882967,0.6746853641597106,13.799999999999999,550,10.54,11.0
mutate_child,4,11,100,13.644994432064365,14.849422063270149,16.908175741568165,0.6491311584539758,13.644994432064365,600,10.52,11.0
mutate_child,4,12,100,13.431300056749532,14.71861474052068,17.106404996924923,0.7231671560394906,13.431300056749532,650,10.78,10.0
mutate_child,4,13,100,13.431300056749532,14.585268434149091,17.032250968142538,0.7014078387980236,13.431300056749532,700,10.69,10.0
mutate_child,4,14,100,13.36397674405503,14.457729239316274,16.261706725018236,0.6686409073745652,13.36397674405503,750,10.78,12.0
mutate_child,4,15,100,13.36397674405503,14.39291648054866,16.86405499221705,0.6738651288196729,13.36397674405503,800,10.88,12.0
mutate_child,4,16,100,13.36397674405503,14.292336430086529,16.222668877499196,0.6490435419528031,13.36397674405503,850,11.11,12.0
mutate_child,4,17,100,13.20332963783729,14.274553127843317,16.67636238330917,0.7021867473210274,13.20332963783729,900,11.33,13.0
mutate_child,4,18,100,13.20332963783729,14.16361178215713,16.805996404313532,0.6806607002908579,13.20332963783729,950,11.54,13.0
mutate_child,4,19,100,13.20332963783729,14.166377305154274,17.729872518944557,0.7447595212570435,13.20332963783729,1000,11.45,13.0
mutate_child,4,20,100,13.20332963783729,14.075884051369671,16.619803902718555,0.7434256884046234,13.20332963783729,1050,11.76,13.0
mutate_child,4,21,100,13.20332963783729,14.135781441784536,17.536664289109584,0.841216156539624,13.20332963783729,1100,11.56,13.0
mutate_child,4,22,100,13.20332963783729,14.111520690729604,16.242787793912434,0.7573796584429043,13.20332963783729,1150,11.91,13.0
mutate_child,4,23,100,13.20332963783729,14.054163389040944,16.91152144312159,0.7478519588676074,13.20332963783729,1200,11.91,13.0
mutate_child,4,24,100,13.01657508881031,13.979655020390028,16.892415526630867,0.7262135718174025,13.01657508881031,1250,11.91,13.0
mutate_child,4,25,100,13.01657508881031,14.019044718295488,16.529910535983717,0.8101239631502067,13.01657508881031,1300,12.03,13.0
mutate_child,4,26,100,13.01657508881031,13.916180021640182,16.280350850198275,0.6709256817535652,13.01657508881031,1350,12.16,13.0
mutate_child,4,27,100,13.01657508881031,13.95506450468411,16.439198244429114,0.7930275888360785,13.01657508881031,1400,12.19,13.0
mutate_child,4,28,100,13.01657508881031,13.997961854320367,17.421061822182928,0.8860688243514371,13.01657508881031,1450,12.01,13.0
mutate_child,4,29,100,12.86287388383278,13.913470647240894,17.453720459187963,0.8658812050927902,12.86287388383278,1500,12.14,14.0
mutate_child,4,30,100,12.86287388383278,13.893431009505928,17.07907545067406,0.8334519535583346,12.86287388383278,1550,12.36,14.0
mutate_child,4,31,100,12.86287388383278,13.926906616974716,16.80924343682881,0.9130041923888168,12.86287388383278,1600,12.38,14.0
mutate_child,4,32,100,12.86287388383278,13.845905433666886,18.524845673131658,0.9233239547958886,12.86287388383278,1650,12.39,14.0
mutate_child,4,33,100,12.86287388383278,13.909185152310826,17.181934729198172,0.9813592632961721,12.86287388383278,1700,12.32,14.0
mutate_child,4,34,100,12.508304597359459,13.901905171244469,16.645705207551295,0.9126729701232787,12.508304597359459,1750,12.53,14.0
mutate_child,4,35,100,12.508304597359459,13.840762169020238,17.60554700852678,0.9432881186084183,12.508304597359459,1800,12.7,14.0
mutate_child,4,36,100,12.508304597359459,13.935945474829488,18.636664289109586,1.1577684337656227,12.508304597359459,1850,12.81,14.0
mutate_child,4,37,100,12.508304597359459,13.700744773526337,15.880624847486569,0.7726460530326053,12.508304597359459,1900,13.03,14.0
mutate_child,4,38,100,12.508304597359459,13.707978694528206,18.173320053068153,1.0158786011124012,12.508304597359459,1950,13.15,14.0
mutate_child,4,39,100,12.508304597359459,13.638825332191152,17.55758369027902,0.9425052838277459,12.508304597359459,2000,13.28,14.0
mutate_child,4,40,100,12.508304597359459,13.54791523228871,16.599999999999998,0.8325573646088562,12.508304597359459,2050,13.53,14.0
mutate_child,4,41,100,12.508304597359459,13.5520671904822,16.11248376620639,0.8304296977410633,12.508304597359459,2100,13.64,14.0
mutate_child,4,42,100,12.508304597359459,13.534302131155721,16.939270764090494,0.9000995487951675,12.508304597359459,2150,13.64,14.0
mutate_child,4,43,100,12.508304597359459,13.451143848770208,17.292848008753786,0.8735268741619395,12.508304597359459,2200,13.67,14.0
mutate_child,4,44,100,12.508304597359459,13.59120477004649,19.2,1.1463971831545783,12.508304597359459,2250,13.45,14.0
mutate_child,4,45,100,12.26332495807108,13.460960145156692,16.672004514666934,0.8810881003561478,12.26332495807108,2300,13.7,15.0
mutate_child,4,46,100,12.26332495807108,13.57313637541771,17.56287388383278,1.1559036028165928,12.26332495807108,2350,13.45,15.0
mutate_child,4,47,100,12.26332495807108,13.431210233796271,17.01657508881031,0.9393324931481818,12.26332495807108,2400,13.61,15.0
mutate_child,4,48,100,12.26332495807108,13.494295204837018,17.08494332412792,1.0414564521058742,12.26332495807108,2450,13.36,15.0
mutate_child,4,49,100,12.26332495807108,13.486520630340317,17.785229954635273,1.0482838689209657,12.26332495807108,2500,13.66,15.0
mutate_child,4,50,100,12.26332495807108,13.344045672648924,17.20185121722126,0.9193145002552128,12.26332495807108,2550,13.58,15.0
mutate_child,4,51,100,12.26332495807108,13.383625784196356,17.90997512422418,1.0763317054161283,12.26332495807108,2600,13.46,15.0
mutate_child,4,52,100,12.26332495807108,13.398541450892635,18.469817807045693,1.0615485217005618,12.26332495807108,2650,13.41,15.0
mutate_child,4,53,100,12.26332495807108,13.295151900947781,17.9591260281974,0.9655635931308323,12.26332495807108,2700,13.69,15.0
mutate_child,4,54,100,12.26332495807108,13.254413259193631,16.06287388383278,0.9297580974300448,12.26332495807108,2750,13.7,15.0
mutate_child,4,55,100,12.26332495807108,13.13205567737782,17.219090595827293,0.8490955546527595,12.26332495807108,2800,13.57,15.0
mutate_child,4,56,100,12.26332495807108,13.133525992951773,15.381780460041329,0.7583997764596812,12.26332495807108,2850,13.51,15.0
mutate_child,4,57,100,12.26332495807108,13.313315798710432,17.164582518894846,1.0047783229205394,12.26332495807108,2900,13.83,15.0
mutate_child,4,58,100,12.26332495807108,13.324319161553644,16.822497216032183,1.0393547598210926,12.26332495807108,2950,13.84,15.0
mutate_child,4,59,100,12.26332495807108,13.33257676926448,16.344994432064365,1.0597953742611774,12.26332495807108,3000,13.86,15.0
mutate_child,4,60,100,12.26332495807108,13.19773434609465,17.08494332412792,0.9602355559980007,12.26332495807108,3050,13.86,15.0
mutate_child,4,61,100,12.26332495807108,13.378500454507002,16.378232998312527,1.1149756134506978,12.26332495807108,3100,13.76,15.0
mutate_child,4,62,100,12.26332495807108,13.150335067906742,16.378232998312527,0.949257329124729,12.26332495807108,3150,13.82,15.0
mutate_child,4,63,100,12.26332495807108,13.328024055233497,17.50830459735946,1.1101986047215133,12.26332495807108,3200,14.03,15.0
mutate_child,4,64,100,12.26332495807108,13.121243682212961,17.106750598570127,0.9142794203973263,12.26332495807108,3250,13.56,15.0
mutate_child,4,65,100,12.26332495807108,13.306681716397279,17.91547594742265,1.14494387067843,12.26332495807108,3300,13.99,15.0
mutate_child,4,66,100,12.26332495807108,13.210663854297545,17.63527000944073,1.0876483659662708,12.26332495807108,3350,13.89,15.0
mutate_child,4,67,100,12.26332495807108,13.452482203441129,17.928991560298222,1.2533113075738176,12.26332495807108,3400,13.71,15.0
mutate_child,4,68,100,12.26332495807108,13.348167664148157,17.983239697419133,1.2276401021875643,12.26332495807108,3450,13.82,15.0
mutate_child,4,69,100,11.774165738677395,13.25897132863904,17.18062484748657,1.1417470001049956,11.774165738677395,3500,14.0,15.0
mutate_child,4,70,100,11.774165738677395,13.21971470066303,16.214944167960986,1.040447822083181,11.774165738677395,3550,13.88,15.0
mutate_child,4,71,100,11.774165738677395,13.108190649785255,16.269693845669906,0.9049716458157508,11.774165738677395,3600,13.93,15.0
mutate_child,4,72,100,11.774165738677395,13.05317955211495,16.64131112314674,0.9078066084517421,11.774165738677395,3650,14.05,15.0
mutate_child,4,73,100,11.774165738677395,13.057810085680035,17.01657508881031,0.8912953445474838,11.774165738677395,3700,14.15,15.0
mutate_child,4,74,100,11.774165738677395,13.235786003022419,16.286342439892262,1.11093150695859,11.774165738677395,3750,13.84,15.0
mutate_child,4,75,100,11.774165738677395,13.061503106668837,17.30384048104053,0.9718462671162001,11.774165738677395,3800,14.15,15.0
mutate_child,4,76,100,11.774165738677395,13.010544112890862,16.429705854077834,0.9613368404365569,11.774165738677395,3850,14.19,15.0
mutate_child,4,77,100,11.774165738677395,13.158488304163107,16.207106781186546,1.1047958443701729,11.774165738677395,3900,14.19,15.0
mutate_child,4,78,100,11.774165738677395,13.17857423081333,16.057583690279024,1.054421811295356,11.774165738677395,3950,14.09,15.0
mutate_child,4,79,100,11.774165738677395,13.236348343030839,17.51657508881031,1.2072334875650985,11.774165738677395,4000,14.22,15.0
mutate_child,4,80,100,11.774165738677395,13.130529436574516,17.172004514666934,1.1074766941967027,11.774165738677395,4050,14.38,15.0
mutate_child,4,81,100,11.774165738677395,13.088992792578981,15.803329637837292,0.9817232592705707,11.774165738677395,4100,13.98,15.0
mutate_child,4,82,100,11.774165738677395,12.959687570611681,15.627361849549569,0.8358882994285879,11.774165738677395,4150,14.2,15.0
mutate_child,4,83,100,11.774165738677395,13.161356227405586,17.163818169698587,1.1719572153474744,11.774165738677395,4200,14.41,15.0
mutate_child,4,84,100,11.774165738677395,13.064616621622172,17.396662954709576,1.114483568530411,11.774165738677395,4250,14.28,15.0
mutate_child,4,85,100,11.774165738677395,13.093654284526881,16.587761134463374,1.0095294258376544,11.774165738677395,4300,14.17,15.0
mutate_child,4,86,100,11.774165738677395,13.226342462421702,17.163818169698587,1.3172964988814242,11.774165738677395,4350,14.38,15.0
mutate_child,4,87,100,11.774165738677395,13.082240061894458,16.255294535724683,1.0443491289004123,11.774165738677395,4400,14.32,15.0
mutate_child,4,88,100,11.774165738677395,13.088854722701804,16.671779788708136,1.1727120376762594,11.774165738677395,4450,14.39,15.0
mutate_child,4,89,100,11.774165738677395,13.038358586580696,17.020465053408525,1.0945530875404146,11.774165738677395,4500,14.37,15.0
mutate_child,4,90,100,11.774165738677395,12.948174449217584,16.503569153775235,1.0721246565323819,11.774165738677395,4550,14.4,15.0
mutate_child,4,91,100,11.774165738677395,12.995788695799959,16.713552872566005,1.1316654446545396,11.774165738677395,4600,14.31,15.0
mutate_child,4,92,100,11.774165738677395,13.037449152267534,16.77979589711327,1.137697319887316,11.774165738677395,4650,14.35,15.0
mutate_child,4,93,100,11.774165738677395,13.037537904234863,16.80384048104053,1.1898083503830799,11.774165738677395,4700,14.49,15.0
mutate_child,4,94,100,11.774165738677395,12.92036991785814,16.096662954709576,1.0044364431948611,11.774165738677395,4750,14.48,15.0
mutate_child,4,95,100,11.774165738677395,12.774332309588559,15.803329637837292,0.8489490348612212,11.774165738677395,4800,14.28,15.0
mutate_child,4,96,100,11.774165738677395,12.935723404046044,16.629705854077834,1.0813345394580334,11.774165738677395,4850,14.56,15.0
mutate_child,4,97,100,11.774165738677395,12.893250048652735,16.619803902718555,1.0019101180608514,11.774165738677395,4900,14.63,15.0
mutate_child,4,98,100,11.774165738677395,12.91800981149802,16.661706725018234,1.0614306974984702,11.774165738677395,4950,14.16,15.0
mutate_child,4,99,100,11.774165738677395,13.054860607226594,16.1,1.19128107036421,11.774165738677395,5000,14.63,15.0
mutate_child,4,100,100,11.774165738677395,12.843521431384616,15.816590212458495,0.9424628468949894,11.774165738677395,5050,14.51,15.0
mutate_child,5,0,50,16.024913792078372,18.29736271463435,21.310693864511038,1.460017238065099,16.024913792078372,50,9.62,10.0
mutate_child,5,1,100,15.214674215792776,17.818462218060695,21.310693864511038,1.3162435651035491,15.214674215792776,100,9.68,12.0
mutate_child,5,2,100,15.063705936241092,16.694365484349884,19.039387691339815,0.6607091884536084,15.063705936241092,150,9.8,11.0
mutate_child,5,3,100,14.677193921634789,16.382580818916246,19.340063693621516,0.7580813078015498,14.677193921634789,200,9.88,11.0
mutate_child,5,4,100,14.509980079602226,16.03810952502254,18.61555394056826,0.6850317659372218,14.509980079602226,250,9.61,12.0
mutate_child,5,5,100,14.417935662402835,15.775199043998038,18.015339366124405,0.6294236017310088,14.417935662402835,300,9.68,13.0
mutate_child,5,6,100,14.417935662402835,15.59725432335978,18.146536616149586,0.719555206861,14.417935662402835,350,10.08,13.0
mutate_child,5,7,100,14.103569153775238,15.339009873144832,17.62541078227774,0.6260737365240301,14.103569153775238,400,10.27,11.0
mutate_child,5,8,100,14.103569153775238,15.250505305736574,18.586651818838305,0.7012004923556521,14.103569153775238,450,10.36,11.0
mutate_child,5,9,100,14.103569153775238,15.176714493029424,17.13973683071413,0.7107470687988376,14.103569153775238,500,10.25,11.0
mutate_child,5,10,100,14.049509756796393,14.992806836072335,16.847896782848373,0.637172657332141,14.049509756796393,550,10.67,11.0
mutate_child,5,11,100,13.9,14.878174837609688,17.280350850198275,0.6344930992284182,13.9,600,10.89,13.0
mutate_child,5,12,100,13.640175425099137,14.969479149991503,17.91547594742265,0.9266225997575221,13.640175425099137,650,11.0,15.0
mutate_child,5,13,100,13.6,14.858161267403538,18.310693864511038,0.9322147171275275,13.6,700,11.23,15.0
mutate_child,5,14,100,13.299999999999999,14.748373074072765,17.235489375751566,0.8505777455918503,13.299999999999999,750,11.65,14.0
mutate_child,5,15,100,13.299999999999999,14.78407571751323,18.975817632051932,1.0258194150994913,13.299999999999999,800,11.86,14.0
mutate_child,5,16,100,13.299999999999999,14.546194886285882,18.644832503882967,0.8730583530118581,13.299999999999999,850,12.1,14.0
mutate_child,5,17,100,13.299999999999999,14.60792431798851,18.586651818838305,0.9543701923795083,13.299999999999999,900,12.48,14.0
mutate_child,5,18,100,13.299999999999999,14.485233497847586,17.74294446319662,0.9849107686759925,13.299999999999999,950,12.66,14.0
mutate_child,5,19,100,13.299999999999999,14.376056864094164,17.816609194718914,0.87148638195287,13.299999999999999,1000,12.94,14.0
mutate_child,5,20,100,13.140175425099137,14.270572770852219,17.932364259186606,0.8465145694131243,13.140175425099137,1050,13.47,14.0
mutate_child,5,21,100,13.140175425099137,14.345274606948223,18.488409872672513,0.9592090070821014,13.140175425099137,1100,13.19,14.0
mutate_child,5,22,100,13.140175425099137,14.204601623957558,16.99313263129874,0.8993065297208297,13.140175425099137,1150,13.42,14.0
mutate_child,5,23,100,13.140175425099137,14.314773350312429,18.80332963783729,1.1597627477370436,13.140175425099137,1200,14.06,14.0
mutate_child,5,24,100,13.140175425099137,14.091733842581425,17.70332963783729,0.9076405586557508,13.140175425099137,1250,14.1,14.0
mutate_child,5,25,100,13.0,13.957804466897056,18.10554700852678,0.815304014370893,13.0,1300,13.82,14.0
mutate_child,5,26,100,13.0,14.07274422871172,17.724807680927192,0.9372727826124453,13.0,1350,13.95,14.0
mutate_child,5,27,100,13.0,13.987587972785732,16.340967364599084,0.8604515021869532,13.0,1400,13.94,14.0
mutate_child,5,28,100,13.0,13.903556964191711,18.254065922853805,0.8863761221842108,13.0,1450,14.53,14.0
mutate_child,5,29,100,13.0,13.906271463084302,17.948331477354788,0.9254669085025028,13.0,1500,14.27,14.0
mutate_child,5,30,100,13.0,13.905575932638621,17.362155066756827,0.9712390997281368,13.0,1550,14.11,14.0
mutate_child,5,31,100,13.0,13.888592516760378,17.512931993250106,0.8832679027110314,13.0,1600,14.26,14.0
mutate_child,5,32,100,13.0,13.878014510802846,17.544155686354955,0.8681149282470408,13.0,1650,14.17,14.0
mutate_child,5,33,100,12.98309518948453,13.973866959141391,17.048999599679682,0.9760246292446767,12.98309518948453,1700,14.19,15.0
mutate_child,5,34,100,12.98309518948453,13.903467100912906,18.235270009440733,0.9588490313826381,12.98309518948453,1750,14.36,15.0
mutate_child,5,35,100,12.98309518948453,13.981428034243804,17.822497216032183,1.0333050057720357,12.98309518948453,1800,14.42,15.0
mutate_child,5,36,100,12.978232998312528,13.885473020513999,18.01657508881031,1.075065701307156,12.978232998312528,1850,13.82,15.0
mutate_child,5,37,100,12.978232998312528,13.775845094367957,17.7770329614269,0.860216340878982,12.978232998312528,1900,14.25,15.0
mutate_child,5,38,100,12.978232998312528,13.856506900193088,17.041984052872976,0.8905874333404608,12.978232998312528,1950,14.47,15.0
mutate_child,5,39,100,12.774165738677395,13.831967938838455,17.840967364599088,0.9837555449003031,12.774165738677395,2000,14.35,16.0
mutate_child,5,40,100,12.774165738677395,13.825144618855163,16.272371086031935,0.8688295649688188,12.774165738677395,2050,14.42,16.0
mutate_child,5,41,100,12.774165738677395,13.808969243779059,17.041984052872976,0.9779815832530805,12.774165738677395,2100,14.13,16.0
mutate_child,5,42,100,12.774165738677395,13.75324248408874,16.460232526704264,0.8302951289864386,12.774165738677395,2150,14.46,16.0
mutate_child,5,43,100,12.774165738677395,13.686570919117043,16.12664991614216,0.8318894624663264,12.774165738677395,2200,14.66,16.0
mutate_child,5,44,100,12.774165738677395,13.74557312879386,16.960232526704264,0.9349409540640983,12.774165738677395,2250,14.19,16.0
mutate_child,5,45,100,12.774165738677395,13.674688148841344,17.698214000911364,0.9841185946167489,12.774165738677395,2300,14.44,16.0
mutate_child,5,46,100,12.774165738677395,13.645433579682015,17.22736184954957,0.9126234751519675,12.774165738677395,2350,14.38,16.0
mutate_child,5,47,100,12.774165738677395,13.773206049388461,17.555294535724684,1.1410557931779761,12.774165738677395,2400,13.91,16.0
mutate_child,5,48,100,12.774165738677395,13.859475388213557,17.14785670536077,1.1671228491474446,12.774165738677395,2450,14.32,16.0
mutate_child,5,49,100,12.774165738677395,13.653321939128459,16.86356421265527,0.9879881895279893,12.774165738677395,2500,14.33,16.0
mutate_child,5,50,100,12.72736184954957,13.746879338087043,17.22736184954957,1.0632237256409944,12.72736184954957,2550,14.41,14.0
mutate_child,5,51,100,12.700000000000001,13.606684763268303,17.104384278780664,0.9823196539148623,12.700000000000001,2600,14.34,14.0
mutate_child,5,52,100,12.700000000000001,13.500754070022943,16.41398045468867,0.7839880432822646,12.700000000000001,2650,14.19,14.0
mutate_child,5,53,100,12.700000000000001,13.59662856738576,17.877032961426902,0.9819605716248326,12.700000000000001,2700,14.19,14.0
mutate_child,5,54,100,12.700000000000001,13.597332726074207,16.717800560721074,0.8909525662378244,12.700000000000001,2750,14.52,14.0
mutate_child,5,55,100,12.700000000000001,13.707870143479914,18.420465053408524,1.2509403157540067,12.700000000000001,2800,14.04,14.0
mutate_child,5,56,100,12.700000000000001,13.591758923946427,16.756465996625053,0.9806640837721585,12.700000000000001,2850,14.4,14.0
mutate_child,5,57,100,12.700000000000001,13.645797227763524,17.61269819963779,1.1288278389352384,12.700000000000001,2900,14.33,14.0
mutate_child,5,58,100,12.700000000000001,13.57470193604114,17.094640292279745,0.9584836055408403,12.700000000000001,2950,14.48,14.0
mutate_child,5,59,100,12.700000000000001,13.57488075949917,16.992838827718412,1.051942606345577,12.700000000000001,3000,14.19,14.0
mutate_child,5,60,100,12.700000000000001,13.588804285853628,18.599999999999998,1.04465100261332,12.700000000000001,3050,14.32,14.0
mutate_child,5,61,100,12.700000000000001,13.467659233073825,17.272077843177478,0.8863311056137033,12.700000000000001,3100,14.54,14.0
mutate_child,5,62,100,12.700000000000001,13.6623256003611,16.52268050859363,1.0555251599787394,12.700000000000001,3150,14.12,14.0
mutate_child,5,63,100,12.700000000000001,13.514947362634544,18.22474487139159,1.0394120180450437,12.700000000000001,3200,14.13,14.0
mutate_child,5,64,100,12.700000000000001,13.527432833420516,16.561740355901136,1.0170492439817311,12.700000000000001,3250,13.86,14.0
mutate_child,5,65,100,12.700000000000001,13.584677402340951,17.932364259186606,1.1472768182933892,12.700000000000001,3300,14.1,14.0
mutate_child,5,66,100,12.700000000000001,13.391407475913022,16.867366884975475,0.8578565268871006,12.700000000000001,3350,13.97,14.0
mutate_child,5,67,100,12.700000000000001,13.595809933778787,17.448683298050515,1.1340616719423775,12.700000000000001,3400,13.84,14.0
mutate_child,5,68,100,12.700000000000001,13.62301362828732,17.560388679233963,1.1469505703195062,12.700000000000001,3450,13.91,14.0
mutate_child,5,69,100,12.700000000000001,13.61548711153745,18.356349099818896,1.1327960776547445,12.700000000000001,3500,14.08,14.0
mutate_child,5,70,100,12.700000000000001,13.66924986011694,16.919803902718556,1.0889626718557752,12.700000000000001,3550,13.89,14.0
mutate_child,5,71,100,12.700000000000001,13.506262886174234,16.569535971483266,0.9723505822233328,12.700000000000001,3600,13.99,14.0
mutate_child,5,72,100,12.700000000000001,13.685516452573104,18.599999999999998,1.2940966797078919,12.700000000000001,3650,14.09,14.0
mutate_child,5,73,100,12.700000000000001,13.576784134341565,17.19373774505092,1.1178421285915598,12.700000000000001,3700,13.92,14.0
mutate_child,5,74,100,12.700000000000001,13.421042801706431,16.891064299397748,0.9683875438229702,12.700000000000001,3750,13.92,14.0
mutate_child,5,75,100,12.700000000000001,13.63664964565566,17.46619037896906,1.1817139906944842,12.700000000000001,3800,13.82,14.0
mutate_child,5,76,100,12.700000000000001,13.551471308507093,16.719090595827293,1.078898250427949,12.700000000000001,3850,13.86,14.0
mutate_child,5,77,100,12.700000000000001,13.539390718588349,17.599999999999998,1.0734447938593028,12.700000000000001,3900,14.19,14.0
mutate_child,5,78,100,12.700000000000001,13.495542273712505,17.71909059582729,1.0599265604453556,12.700000000000001,3950,14.07,14.0
mutate_child,5,79,100,12.700000000000001,13.70687014158844,17.229563014098698,1.2386505181582856,12.700000000000001,4000,13.87,14.0
mutate_child,5,80,100,12.700000000000001,13.502210148294939,17.281934729198174,1.05536160528844,12.700000000000001,4050,14.05,14.0
mutate_child,5,81,100,12.700000000000001,13.560174074662097,16.943928459844674,1.1570413658655323,12.700000000000001,4100,13.59,14.0
mutate_child,5,82,100,12.700000000000001,13.661042880693069,17.698214000911364,1.2453522178031842,12.700000000000001,4150,13.7,14.0
mutate_child,5,83,100,12.700000000000001,13.447981214790428,16.75576411921994,0.9838082615295497,12.700000000000001,4200,13.77,14.0
mutate_child,5,84,100,12.700000000000001,13.622351975577422,17.61269819963779,1.1832740872612837,12.700000000000001,4250,13.56,14.0
mutate_child,5,85,100,12.700000000000001,13.522927629766674,17.61980390271856,1.080105088029901,12.700000000000001,4300,13.64,14.0
mutate_child,5,86,100,12.700000000000001,13.437724844120721,16.867274898667695,1.0381141664508309,12.700000000000001,4350,13.4,14.0
mutate_child,5,87,100,12.700000000000001,13.609610321810806,18.520465053408525,1.206546961050469,12.700000000000001,4400,13.74,14.0
mutate_child,5,88,100,12.700000000000001,13.679923735554986,17.698214000911364,1.2399617027036878,12.700000000000001,4450,13.31,14.0
mutate_child,5,89,100,12.700000000000001,13.4500865159167,17.03732584763727,1.001604115264887,12.700000000000001,4500,13.79,14.0
mutate_child,5,90,100,12.700000000000001,13.420990499651719,17.03033476111609,0.9685386373814425,12.700000000000001,4550,13.72,14.0
mutate_child,5,91,100,12.700000000000001,13.465303514090499,17.448683298050515,1.0467647997720342,12.700000000000001,4600,13.64,14.0
mutate_child,5,92,100,12.700000000000001,13.505166890622101,17.914213562373096,1.0446558574687457,12.700000000000001,4650,13.78,14.0
mutate_child,5,93,100,12.700000000000001,13.838398220962823,17.771599450733447,1.4266646995953638,12.700000000000001,4700,13.48,14.0
mutate_child,5,94,100,12.700000000000001,13.445702004468616,17.663818169698587,1.0569863930443908,12.700000000000001,4750,13.53,14.0
mutate_child,5,95,100,12.700000000000001,13.387121784747647,18.264911064067352,1.0443846134963348,12.700000000000001,4800,13.88,14.0
mutate_child,5,96,100,12.700000000000001,13.596536801619974,17.26843871413581,1.1419404665719266,12.700000000000001,4850,13.86,14.0
mutate_child,5,97,100,12.700000000000001,13.496208280377362,16.815587038162704,1.0737477960892696,12.700000000000001,4900,13.66,14.0
mutate_child,5,98,100,12.700000000000001,13.718504659823086,17.106404996924923,1.26877505384861,12.700000000000001,4950,13.54,14.0
mutate_child,5,99,100,12.700000000000001,13.471072471195999,17.488409872672513,1.0955793107851273,12.700000000000001,5000,13.6,14.0
mutate_child,5,100,100,12.700000000000001,13.595375493489502,17.03390796058137,1.0662189425153137,12.700000000000001,5050,13.67,14.0
mutate_child,6,0,50,15.607680962081059,18.21937228728185,20.648199740725325,1.4808199469537966,15.607680962081059,50,10.2,14.0
mutate_child,6,1,100,15.486342439892262,17.78161732579455,20.648199740725325,1.338508935724154,15.486342439892262,100,9.04,8.0
mutate_child,6,2,100,15.270540018881466,16.792723493382283,19.648199740725325,0.7651832383067727,15.270540018881466,150,8.56,13.0
mutate_child,6,3,100,14.35870331449229,16.25476330899696,18.54368283772331,0.6519084773778017,14.35870331449229,200,9.83,12.0
mutate_child,6,4,100,14.35870331449229,15.992419677577619,19.956141357987224,0.8572946194063332,14.35870331449229,250,10.19,12.0
mutate_child,6,5,100,14.35870331449229,15.794594146992958,18.977828559609097,0.9435051967895406,14.35870331449229,300,10.56,12.0
mutate_child,6,6,100,13.95472369909914,15.363455972884925,18.381742422927143,0.776718432180824,13.95472369909914,350,11.51,12.0
mutate_child,6,7,100,13.597617696340304,15.189167951876017,21.10768096208106,1.0153321121104144,13.597617696340304,400,12.13,11.0
mutate_child,6,8,100,13.597617696340304,14.96149856407929,18.399152481501048,0.7757311076510793,13.597617696340304,450,11.64,11.0
mutate_child,6,9,100,13.597617696340304,14.855029021401178,19.288854381999833,0.9419700914739806,13.597617696340304,500,11.7,11.0
mutate_child,6,10,100,13.597617696340304,14.663077646612601,17.5,0.7157984679737419,13.597617696340304,550,11.43,11.0
mutate_child,6,11,100,13.524845673131658,14.61532800474616,18.52769256906871,0.9136291309432275,13.524845673131658,600,11.53,12.0
mutate_child,6,12,100,13.524845673131658,14.55932523425242,18.549444375840398,0.8294784686149544,13.524845673131658,650,11.68,12.0
mutate_child,6,13,100,13.524845673131658,14.569788508601924,18.302172886644268,0.9358908205831166,13.524845673131658,700,11.69,12.0
mutate_child,6,14,100,13.23622914957372,14.471472616518401,18.822611077089288,0.883851701953298,13.23622914957372,750,11.93,12.0
mutate_child,6,15,100,13.23622914957372,14.50635887078556,18.12261107708929,0.9885626657169585,13.23622914957372,800,11.54,12.0
mutate_child,6,16,100,13.23622914957372,14.376035155650095,17.353317610041028,0.9064557291579244,13.23622914957372,850,11.55,12.0
mutate_child,6,17,100,13.23622914957372,14.369495636459588,18.62074368738204,1.1523126025220853,13.23622914957372,900,11.61,12.0
mutate_child,6,18,100,13.23622914957372,14.1644931322516,17.382114294781147,0.811413226515696,13.23622914957372,950,11.64,12.0
mutate_child,6,19,100,12.877032961426902,14.19771958144493,18.24131112314674,0.9476250902877186,12.877032961426902,1000,11.7,12.0
mutate_child,6,20,100,12.877032961426902,14.081448645573056,18.73622914957372,0.8943311895666686,12.877032961426902,1050,11.54,12.0
mutate_child,6,21,100,12.877032961426902,14.132421116225846,18.37840487520902,0.9742738500244782,12.877032961426902,1100,11.55,12.0
mutate_child,6,22,100,12.877032961426902,14.080648316327615,17.382114294781147,0.9658553426035584,12.877032961426902,1150,11.53,12.0
mutate_child,6,23,100,12.877032961426902,14.15774486222842,17.64355957741627,1.0646302624557489,12.877032961426902,1200,11.4,12.0
mutate_child,6,24,100,12.877032961426902,14.171512361125947,18.488409872672513,1.0950544604254508,12.877032961426902,1250,11.31,12.0
mutate_child,6,25,100,12.877032961426902,13.97262975497662,17.382114294781147,0.8788870964472957,12.877032961426902,1300,11.45,12.0
mutate_child,6,26,100,12.877032961426902,14.009547295575173,18.68679622641132,1.1565160330110402,12.877032961426902,1350,11.79,12.0
mutate_child,6,27,100,12.877032961426902,13.99805255006077,18.522327839240493,1.0509283619640364,12.877032961426902,1400,11.76,12.0
mutate_child,6,28,100,12.877032961426902,14.100980468165606,18.4,1.2088939149029307,12.877032961426902,1450,11.78,12.0
mutate_child,6,29,100,12.877032961426902,13.963407087861954,17.932364259186606,1.0978028813964367,12.877032961426902,1500,11.71,12.0
mutate_child,6,30,100,12.877032961426902,13.857320039091107,17.99373774505092,0.9555105585779581,12.877032961426902,1550,11.68,12.0
mutate_child,6,31,100,12.877032961426902,13.870985208567902,17.382114294781147,0.9085898501608598,12.877032961426902,1600,11.72,12.0
mutate_child,6,32,100,12.866190378969058,13.760885527855727,16.987721626560912,0.8945566790094431,12.866190378969058,1650,11.91,13.0
mutate_child,6,33,100,12.866190378969058,13.93316346361619,17.758317958127243,1.1962593700428925,12.866190378969058,1700,12.06,13.0
mutate_child,6,34,100,12.866190378969058,14.156660694082099,18.64355957741627,1.3851168772377052,12.866190378969058,1750,11.65,13.0
mutate_child,6,35,100,12.866190378969058,13.761421883244324,17.42672195865408,0.8961232362550301,12.866190378969058,1800,12.25,13.0
mutate_child,6,36,100,12.866190378969058,13.783068915303323,17.15350352572967,0.9269053787285514,12.866190378969058,1850,11.97,13.0
mutate_child,6,37,100,12.866190378969058,13.697532630330365,18.74165738677394,0.8313205491871392,12.866190378969058,1900,12.09,13.0
mutate_child,6,38,100,12.866190378969058,13.825302846246522,17.7,1.0028131645249647,12.866190378969058,1950,12.14,13.0
mutate_child,6,39,100,12.866190378969058,13.794246664845078,17.382114294781147,0.9756661036734626,12.866190378969058,2000,12.06,13.0
mutate_child,6,40,100,12.866190378969058,13.867573092219775,18.58522995463527,1.1144070998158082,12.866190378969058,2050,12.15,13.0
mutate_child,6,41,100,12.866190378969058,13.767133947522165,17.563818169698585,1.0102249627317146,12.866190378969058,2100,12.53,13.0
mutate_child,6,42,100,12.866190378969058,13.916179481776908,17.382114294781147,1.1139700920902154,12.866190378969058,2150,11.8,13.0
mutate_child,6,43,100,12.866190378969058,13.87337448292172,17.382114294781147,1.0347056908947507,12.866190378969058,2200,12.35,13.0
mutate_child,6,44,100,12.866190378969058,13.917951545434596,18.683266665599966,1.179959020538255,12.866190378969058,2250,12.07,13.0
mutate_child,6,45,100,12.707106781186548,13.82808693678948,18.01893461039046,1.070174056803925,12.707106781186548,2300,11.83,14.0
mutate_child,6,46,100,12.707106781186548,13.826144446384564,17.877032961426902,1.0336474567096083,12.707106781186548,2350,12.18,14.0
mutate_child,6,47,100,12.707106781186548,13.847093423225523,17.95818764390649,1.0557386865766967,12.707106781186548,2400,12.23,14.0
mutate_child,6,48,100,12.707106781186548,13.772652225753548,17.977074101966046,1.1045983993460338,12.707106781186548,2450,12.14,14.0
mutate_child,6,49,100,12.707106781186548,13.868519933870072,18.42756668824971,1.2479740697715835,12.707106781186548,2500,12.38,14.0
mutate_child,6,50,100,12.707106781186548,13.935438438267346,18.20332963783729,1.2783035363023723,12.707106781186548,2550,11.92,14.0
mutate_child,6,51,100,12.707106781186548,13.880230824078172,18.2,1.2103779784313138,12.707106781186548,2600,12.03,14.0
mutate_child,6,52,100,12.707106781186548,13.700423747177037,17.138320341483517,0.9930310498548237,12.707106781186548,2650,12.35,14.0
mutate_child,6,53,100,12.48309518948453,13.701883169033833,17.382114294781147,1.0753217795208532,12.48309518948453,2700,12.34,14.0
mutate_child,6,54,100,12.48309518948453,13.672444883239773,18.377193921634788,0.9741694927380935,12.48309518948453,2750,12.2,14.0
mutate_child,6,55,100,12.48309518948453,13.844254856183316,18.163818169698587,1.286696703072509,12.48309518948453,2800,12.33,14.0
mutate_child,6,56,100,12.48309518948453,13.848988080349647,17.488409872672513,1.2661972473416456,12.48309518948453,2850,12.16,14.0
mutate_child,6,57,100,12.48309518948453,13.737106397391303,17.382114294781147,1.12151571524543,12.48309518948453,2900,12.16,14.0
mutate_child,6,58,100,12.48309518948453,13.764472732329159,18.33622914957372,1.2228664328091885,12.48309518948453,2950,12.3,14.0
mutate_child,6,59,100,12.48309518948453,13.637173383120476,17.11398045468867,0.9436332134565124,12.48309518948453,3000,12.08,14.0
mutate_child,6,60,100,12.48309518948453,13.687481262243505,18.343559577416272,1.1573714129799264,12.48309518948453,3050,12.23,14.0
mutate_child,6,61,100,12.48309518948453,13.648511526569415,17.8,1.117862563869387,12.48309518948453,3100,12.41,14.0
mutate_child,6,62,100,12.48309518948453,13.461782292701143,17.382114294781147,0.8825485602806905,12.48309518948453,3150,12.36,14.0
mutate_child,6,63,100,12.48309518948453,13.68223291756505,18.109975124224178,1.1278921196228582,12.48309518948453,3200,12.72,14.0
mutate_child,6,64,100,12.48309518948453,13.807628848833525,17.890670590009258,1.327455968423966,12.48309518948453,3250,12.26,14.0
mutate_child,6,65,100,12.48309518948453,13.80472258535779,17.488409872672513,1.2779735015623959,12.48309518948453,3300,12.34,14.0
mutate_child,6,66,100,12.48309518948453,13.48695526798117,17.382114294781147,0.9411908181665847,12.48309518948453,3350,12.53,14.0
mutate_child,6,67,100,12.48309518948453,13.484018229144944,17.382114294781147,1.082574670397216,12.48309518948453,3400,12.91,14.0
mutate_child,6,68,100,12.48309518948453,13.605375290543286,17.629705854077837,1.0931768850400336,12.48309518948453,3450,12.94,14.0
mutate_child,6,69,100,12.48309518948453,13.597350450634286,17.382114294781147,1.1754734264738713,12.48309518948453,3500,13.05,14.0
mutate_child,6,70,100,12.48309518948453,13.545399305028306,17.325863986500217,1.1070865907161376,12.48309518948453,3550,13.29,14.0
mutate_child,6,71,100,12.48309518948453,13.515319920619032,18.3295630140987,1.0743775066193404,12.48309518948453,3600,13.36,14.0
mutate_child,6,72,100,12.48309518948453,13.489293939684995,17.95818764390649,1.150651435807452,12.48309518948453,3650,13.35,14.0
mutate_child,6,73,100,12.48309518948453,13.442328893942827,17.382114294781147,0.9617877200054384,12.48309518948453,3700,13.14,14.0
mutate_child,6,74,100,12.48309518948453,13.386290761488356,16.774165738677393,0.9338468605853248,12.48309518948453,3750,13.38,14.0
mutate_child,6,75,100,12.48309518948453,13.547460039513762,17.08999089252432,1.132574434868606,12.48309518948453,3800,13.44,14.0
mutate_child,6,76,100,12.48309518948453,13.312945978755067,17.382114294781147,0.9550750865500122,12.48309518948453,3850,13.35,14.0
mutate_child,6,77,100,12.48309518948453,13.541205074733051,17.382114294781147,1.1775407030418097,12.48309518948453,3900,13.33,14.0
mutate_child,6,78,100,12.48309518948453,13.352074894383469,17.06953597148327,1.0051211745509898,12.48309518948453,3950,13.43,14.0
mutate_child,6,79,100,12.48309518948453,13.286920789946748,17.38494332412792,0.9758667679011789,12.48309518948453,4000,13.73,14.0
mutate_child,6,80,100,12.48309518948453,13.389514335270318,17.958472019555188,1.1558174348962291,12.48309518948453,4050,13.2,14.0
mutate_child,6,81,100,12.48309518948453,13.597855263897479,17.5732137494637,1.3392767668066057,12.48309518948453,4100,13.26,14.0
mutate_child,6,82,100,12.48309518948453,13.503858194044513,18.257092555020158,1.2881551432051837,12.48309518948453,4150,13.28,14.0
mutate_child,6,83,100,12.48309518948453,13.333948983524367,16.229563014098698,0.9276017304580829,12.48309518948453,4200,13.64,14.0
mutate_child,6,84,100,12.48309518948453,13.327288102241415,17.382114294781147,0.9745044345838453,12.48309518948453,4250,13.49,14.0
mutate_child,6,85,100,12.48309518948453,13.315163299421538,17.382114294781147,1.0201039969399641,12.48309518948453,4300,13.37,14.0
mutate_child,6,86,100,12.4,13.34056580043834,17.382114294781147,1.0318960148416507,12.4,4350,13.53,14.0
mutate_child,6,87,100,12.4,13.424471620480599,17.932364259186606,1.2159104231087674,12.4,4400,13.67,14.0
mutate_child,6,88,100,12.4,13.220415538945138,17.12736184954957,0.8937856703895043,12.4,4450,13.79,14.0
mutate_child,6,89,100,12.4,13.40169171456226,17.932364259186606,1.186700400546496,12.4,4500,13.62,14.0
mutate_child,6,90,100,12.4,13.412115736827817,17.448683298050515,1.228244131367695,12.4,4550,13.3,14.0
mutate_child,6,91,100,12.4,13.444115925057867,17.382114294781147,1.19021146422918,12.4,4600,13.64,14.0
mutate_child,6,92,100,12.4,13.374460510156714,17.382114294781147,1.15648285562855,12.4,4650,13.37,14.0
mutate_child,6,93,100,12.4,13.27989449246161,17.382114294781147,0.981879579774818,12.4,4700,13.81,14.0
mutate_child,6,94,100,12.4,13.296202739794735,17.10768096208106,0.9478679027776402,12.4,4750,13.68,14.0
mutate_child,6,95,100,12.4,13.33706400772924,16.369535971483266,1.0755551588916534,12.4,4800,13.6,14.0
mutate_child,6,96,100,12.4,13.352176353081731,17.03390796058137,1.1825338606368079,12.4,4850,13.7,14.0
mutate_child,6,97,100,12.4,13.549302107779221,17.382114294781147,1.2999221488466557,12.4,4900,13.57,14.0
mutate_child,6,98,100,12.4,13.211131918227709,16.334199061197374,0.8538970100173323,12.4,4950,13.74,14.0
mutate_child,6,99,100,12.4,13.454672549690045,17.958472019555188,1.2812763342777338,12.4,5000,13.29,14.0
mutate_child,6,100,100,12.4,13.29801752252845,17.382114294781147,1.0961092566656558,12.4,5050,13.47,14.0
mutate_child,7,0,50,16.00516780926679,18.35466099159814,21.536308338453882,1.5496970468324496,16.00516780926679,50,10.58,13.0
mutate_child,7,1,100,15.614674215792775,17.829864699833408,21.536308338453882,1.4426707985638385,15.614674215792775,100,10.34,11.0
mutate_child,7,2,100,15.526109321823089,16.82533205324131,18.871243694664216,0.6869121700183591,15.526109321823089,150,10.06,7.0
mutate_child,7,3,100,15.196150997149434,16.44006982540319,20.9377155080899,0.7278619847680097,15.196150997149434,200,10.45,12.0
mutate_child,7,4,100,14.588435821108957,16.143220944882916,18.771599450733447,0.6253034844193119,14.588435821108957,250,10.39,10.0
mutate_child,7,5,100,14.588435821108957,15.943588894619047,18.61555394056826,0.6457132008127251,14.588435821108957,300,10.63,10.0
mutate_child,7,6,100,14.3219040425837,15.89341333865952,18.91916017074176,0.8603624103827022,14.3219040425837,350,10.53,10.0
mutate_child,7,7,100,14.3219040425837,15.692721012828938,17.791812087098393,0.6935063439348614,14.3219040425837,400,10.84,10.0
mutate_child,7,8,100,14.059591794226542,15.710861400045642,19.33390796058137,0.9911467535746721,14.059591794226542,450,10.9,12.0
mutate_child,7,9,100,14.059591794226542,15.415514365882073,17.991660871578098,0.7566026079690799,14.059591794226542,500,11.06,12.0
mutate_child,7,10,100,14.059591794226542,15.224726046825596,17.882176467941097,0.7757721694266755,14.059591794226542,550,10.9,12.0
mutate_child,7,11,100,13.9,15.106993246035973,17.890670590009258,0.8100921317402711,13.9,600,10.7,15.0
mutate_child,7,12,100,13.9,15.092640198281504,18.771599450733447,0.9920539126913421,13.9,650,10.94,15.0
mutate_child,7,13,100,13.757583690279022,15.077314103542738,18.488409872672513,1.1434099136676092,13.757583690279022,700,11.09,14.0
mutate_child,7,14,100,13.757583690279022,14.883447451252614,18.537211521390788,1.034506007585743,13.757583690279022,750,11.52,14.0
mutate_child,7,15,100,13.700000000000001,14.760768386421011,18.20332963783729,0.9215804345014359,13.700000000000001,800,12.03,15.0
mutate_child,7,16,100,13.700000000000001,14.550293685160826,17.94928556845359,0.778258224103611,13.700000000000001,850,12.41,15.0
mutate_child,7,17,100,13.448331477354788,14.671692200256773,18.161352984276697,0.9831882099975842,13.448331477354788,900,12.43,14.0
mutate_child,7,18,100,13.448331477354788,14.649426539284786,20.582207001484488,1.146577250463565,13.448331477354788,950,12.44,14.0
mutate_child,7,19,100,13.448331477354788,14.53649535185159,17.563818169698585,0.8962805530084279,13.448331477354788,1000,12.91,14.0
mutate_child,7,20,100,13.448331477354788,14.605138894282424,17.734380858325927,0.9880883258455323,13.448331477354788,1050,12.95,14.0
mutate_child,7,21,100,13.448331477354788,14.36953968913296,18.161352984276697,0.9064962920453861,13.448331477354788,1100,13.22,14.0
mutate_child,7,22,100,13.422497216032184,14.213128312890374,18.488409872672513,0.7925856173220642,13.422497216032184,1150,13.54,13.0
mutate_child,7,23,100,13.366190378969058,14.420243178739693,18.140967364599085,1.1097804747480775,13.366190378969058,1200,13.57,13.0
mutate_child,7,24,100,13.366190378969058,14.180842560114447,17.134791467339657,0.6922582369363236,13.366190378969058,1250,13.64,13.0
mutate_child,7,25,100,13.366190378969058,14.313228894896683,17.729563014098698,1.0356384772686593,13.366190378969058,1300,13.28,13.0
mutate_child,7,26,100,13.366190378969058,14.029657585986099,18.194259594077035,0.774105630019104,13.366190378969058,1350,13.54,13.0
mutate_child,7,27,100,13.047722557505166,14.37785698191294,18.76522961801754,1.1828003658053037,13.047722557505166,1400,12.78,15.0
mutate_child,7,28,100,13.047722557505166,14.090235648616531,19.2,0.8543660875601543,13.047722557505166,1450,13.59,15.0
mutate_child,7,29,100,13.047722557505166,14.102193414693097,19.43095064303001,1.0145159607167056,13.047722557505166,1500,13.29,15.0
mutate_child,7,30,100,13.047722557505166,14.061349389545082,18.97763888346312,0.9101243084539644,13.047722557505166,1550,13.46,15.0
mutate_child,7,31,100,13.047722557505166,14.221624268181372,19.054065922853802,1.1780313833475398,13.047722557505166,1600,13.36,15.0
mutate_child,7,32,100,13.047722557505166,14.124697537063682,18.822611077089288,1.1267125858471445,13.047722557505166,1650,13.04,15.0
mutate_child,7,33,100,13.047722557505166,13.997385938016839,18.419090595827292,0.9734892051887762,13.047722557505166,1700,13.31,15.0
mutate_child,7,34,100,13.047722557505166,14.30378223769478,18.256465996625053,1.373990522894638,13.047722557505166,1750,13.52,15.0
mutate_child,7,35,100,13.047722557505166,14.052963675059264,17.06287388383278,1.0063677036945846,13.047722557505166,1800,13.29,15.0
mutate_child,7,36,100,12.947213595499958,14.126387882969487,17.877032961426902,1.2267940607874708,12.947213595499958,1850,13.22,14.0
mutate_child,7,37,100,12.947213595499958,13.874051673453602,17.479788728465174,0.9234801296347025,12.947213595499958,1900,13.12,14.0
mutate_child,7,38,100,12.947213595499958,14.110766031835066,18.640967364599085,1.2315632604063191,12.947213595499958,1950,13.17,14.0
mutate_child,7,39,100,12.947213595499958,14.061715048311301,18.80332963783729,1.215832464646439,12.947213595499958,2000,13.13,14.0
mutate_child,7,40,100,12.947213595499958,13.732980611304216,16.640967364599085,0.705294789217076,12.947213595499958,2050,13.76,14.0
mutate_child,7,41,100,12.889897948556635,14.08076803461672,19.368438714135813,1.2462295888295711,12.889897948556635,2100,13.43,14.0
mutate_child,7,42,100,12.880624847486569,13.846235835026944,17.400000000000002,0.9289878899278134,12.880624847486569,2150,13.55,13.0
mutate_child,7,43,100,12.880624847486569,14.133318581175809,18.285575587824866,1.295457852749792,12.880624847486569,2200,13.14,13.0
mutate_child,7,44,100,12.880624847486569,13.777851192215632,17.869535971483266,1.0110848864426967,12.880624847486569,2250,13.32,13.0
mutate_child,7,45,100,12.880624847486569,13.914808223827709,17.859591794226542,1.095882639110401,12.880624847486569,2300,13.39,13.0
mutate_child,7,46,100,12.880624847486569,13.872602204357525,17.63907194296653,1.031368269680357,12.880624847486569,2350,13.33,13.0
mutate_child,7,47,100,12.880624847486569,14.121605295545118,18.76843871413581,1.3888631362868915,12.880624847486569,2400,13.58,13.0
mutate_child,7,48,100,12.880624847486569,13.635199963986938,18.22474487139159,0.9028016164121688,12.880624847486569,2450,13.57,13.0
mutate_child,7,49,100,12.880624847486569,13.920417733230094,17.391153452528776,1.175980663540872,12.880624847486569,2500,13.48,13.0
mutate_child,7,50,100,12.880624847486569,13.791980678382494,16.751881339845202,1.0019172587109098,12.880624847486569,2550,13.47,13.0
mutate_child,7,51,100,12.880624847486569,13.664706582032045,17.090375708944393,0.8669969997284942,12.880624847486569,2600,13.5,13.0
mutate_child,7,52,100,12.880624847486569,14.026675704546262,17.94935886896179,1.2834346904489158,12.880624847486569,2650,13.49,13.0
mutate_child,7,53,100,12.880624847486569,14.120374633391943,19.26843871413581,1.5267128267120913,12.880624847486569,2700,13.52,13.0
mutate_child,7,54,100,12.880624847486569,14.140016202718664,18.171779788708136,1.4468726318837888,12.880624847486569,2750,13.54,13.0
mutate_child,7,55,100,12.880624847486569,13.859825259925028,17.547722557505168,1.205520056214588,12.880624847486569,2800,13.7,13.0
mutate_child,7,56,100,12.76332495807108,13.699238096042635,17.62736184954957,1.0304411293092584,12.76332495807108,2850,13.59,15.0
mutate_child,7,57,100,12.707106781186548,13.846068236849346,18.760681686165903,1.2174016598294743,12.707106781186548,2900,13.7,14.0
mutate_child,7,58,100,12.707106781186548,13.836145138394409,18.140967364599085,1.285458077592647,12.707106781186548,2950,13.91,14.0
mutate_child,7,59,100,12.707106781186548,13.880958432601712,18.396662954709576,1.3637082670903091,12.707106781186548,3000,13.65,14.0
mutate_child,7,60,100,12.679795897113271,13.962640250131189,19.08522995463527,1.4987206558746988,12.679795897113271,3050,13.46,14.0
mutate_child,7,61,100,12.679795897113271,13.740002846319578,18.597617696340304,1.191490927290788,12.679795897113271,3100,13.54,14.0
mutate_child,7,62,100,12.595445115010332,13.851173520701096,17.68062484748657,1.1568095049094254,12.595445115010332,3150,13.78,13.0
mutate_child,7,63,100,12.595445115010332,13.793868097511426,17.888585061331156,1.2509604637606189,12.595445115010332,3200,13.67,13.0
mutate_child,7,64,100,12.595445115010332,13.677737556652891,17.888585061331156,1.0500336689792549,12.595445115010332,3250,13.68,13.0
mutate_child,7,65,100,12.595445115010332,13.985395277721233,18.492838827718412,1.4649196052101634,12.595445115010332,3300,13.53,13.0
mutate_child,7,66,100,12.595445115010332,13.948765511048473,17.48330235429198,1.2813050391636074,12.595445115010332,3350,13.58,13.0
mutate_child,7,67,100,12.595445115010332,13.909246575983476,17.56201920231798,1.2804220710819645,12.595445115010332,3400,13.62,13.0
mutate_child,7,68,100,12.595445115010332,13.923802864655745,18.01893461039046,1.3783099984437093,12.595445115010332,3450,13.16,13.0
mutate_child,7,69,100,12.595445115010332,13.936212071667905,19.552396473549933,1.4877463555279657,12.595445115010332,3500,13.51,13.0
mutate_child,7,70,100,12.595445115010332,13.923108381579203,18.68062484748657,1.4625395740231175,12.595445115010332,3550,13.52,13.0
mutate_child,7,71,100,12.448331477354788,13.745834326370709,18.13907194296653,1.2399109099015344,12.448331477354788,3600,13.67,14.0
mutate_child,7,72,100,12.448331477354788,13.799515325952381,17.932364259186606,1.2947614664051958,12.448331477354788,3650,13.59,14.0
mutate_child,7,73,100,12.448331477354788,14.054463811191454,18.66693988153255,1.5957709112859622,12.448331477354788,3700,13.17,14.0
mutate_child,7,74,100,12.448331477354788,14.144476636945413,19.02710574513201,1.5606393062058765,12.448331477354788,3750,13.62,14.0
mutate_child,7,75,100,12.448331477354788,13.760553696251243,19.033030277982334,1.4112888711732257,12.448331477354788,3800,13.51,14.0
mutate_child,7,76,100,12.448331477354788,13.77162387691183,17.51657508881031,1.3200160341696265,12.448331477354788,3850,13.36,14.0
mutate_child,7,77,100,12.448331477354788,13.850117624073976,18.95472369909914,1.4145106868240513,12.448331477354788,3900,13.22,14.0
mutate_child,7,78,100,12.448331477354788,13.644481396725082,17.932364259186606,1.155412911415421,12.448331477354788,3950,13.5,14.0
mutate_child,7,79,100,12.448331477354788,13.674554751096165,18.524845673131658,1.181093203313966,12.448331477354788,4000,13.39,14.0
mutate_child,7,80,100,12.448331477354788,13.736452676731073,17.741653005427764,1.3171826869469874,12.448331477354788,4050,13.46,14.0
mutate_child,7,81,100,12.4,13.594461902783884,17.109606511052444,1.0926257288043113,12.4,4100,13.38,14.0
mutate_child,7,82,100,12.4,13.551427295658526,17.090375708944393,1.1163094825267474,12.4,4150,13.06,14.0
mutate_child,7,83,100,12.4,13.799951463193347,18.164688270438848,1.446911163373621,12.4,4200,13.31,14.0
mutate_child,7,84,100,12.4,13.652186843611643,17.40370243444252,1.2540270438629504,12.4,4250,13.04,14.0
mutate_child,7,85,100,12.4,13.427778967955144,17.888585061331156,1.0000223255404959,12.4,4300,13.46,14.0
mutate_child,7,86,100,12.4,13.673107066461323,17.12574776766556,1.2035200980037981,12.4,4350,13.02,14.0
mutate_child,7,87,100,12.4,13.632053068712406,18.254723699099138,1.3094235312877718,12.4,4400,13.39,14.0
mutate_child,7,88,100,12.4,13.832168269128546,18.927105745132007,1.5504167843704895,12.4,4450,13.14,14.0
mutate_child,7,89,100,12.4,13.57965617546527,17.305996404313532,1.2137294290737175,12.4,4500,13.3,14.0
mutate_child,7,90,100,12.4,13.654996288651787,18.359591794226542,1.3675011022180041,12.4,4550,13.35,14.0
mutate_child,7,91,100,12.4,13.544236841275163,17.46619037896906,1.1774077844714737,12.4,4600,13.43,14.0
mutate_child,7,92,100,12.4,13.403745977329809,18.814642819948226,1.1413482651623912,12.4,4650,13.46,14.0
mutate_child,7,93,100,12.4,13.692215892992504,18.288854381999833,1.3996744738753293,12.4,4700,13.27,14.0
mutate_child,7,94,100,12.4,13.565685842834478,17.090375708944393,1.1659594655104089,12.4,4750,13.13,14.0
mutate_child,7,95,100,12.4,13.509667090969607,17.86124969497314,1.24633091087222,12.4,4800,13.33,14.0
mutate_child,7,96,100,12.4,13.668355287383886,18.5,1.457413594132503,12.4,4850,13.41,14.0
mutate_child,7,97,100,12.4,13.771069848847084,18.13527000944073,1.5443761639745202,12.4,4900,13.29,14.0
mutate_child,7,98,100,12.4,13.30073663865451,17.53390796058137,1.0199770799171308,12.4,4950,13.74,14.0
mutate_child,7,99,100,12.4,13.63984987165701,17.95818764390649,1.348445343959434,12.4,5000,13.39,14.0
mutate_child,7,100,100,12.4,13.699469830653378,18.099999999999998,1.4069693775225363,12.4,5050,13.27,14.0
mutate_child,8,0,50,15.729872518944557,17.84839828567405,20.648199740725325,1.3480875688803076,15.729872518944557,50,10.52,13.0
mutate_child,8,1,100,15.643835071544512,17.485865366407893,20.648199740725325,1.2437620667960985,15.643835071544512,100,10.35,10.0
mutate_child,8,2,100,15.22654919008431,16.483450750403797,18.586651818838305,0.7100757468522078,15.22654919008431,150,10.07,10.0
mutate_child,8,3,100,14.557641145488901,16.05276457398455,18.680614856144977,0.721193561199325,14.557641145488901,200,9.69,14.0
mutate_child,8,4,100,14.549615361854386,15.964768573166841,18.644832503882967,0.8544347693264441,14.549615361854386,250,9.81,10.0
mutate_child,8,5,100,14.145906043549196,15.56917638441618,19.58072158238645,0.730108308519149,14.145906043549196,300,10.17,11.0
mutate_child,8,6,100,14.145906043549196,15.4129569549187,18.157342370508886,0.6941682502766796,14.145906043549196,350,11.04,11.0
mutate_child,8,7,100,14.145906043549196,15.381253629973038,19.952610922848045,0.8765983133344343,14.145906043549196,400,11.57,11.0
mutate_child,8,8,100,14.145906043549196,15.25416519710256,18.72574776766556,0.874752673591304,14.145906043549196,450,11.81,11.0
mutate_child,8,9,100,13.989979919597747,15.15451845301446,17.551548460377916,0.7496417116944761,13.989979919597747,500,11.34,12.0
mutate_child,8,10,100,13.989979919597747,15.17934182935706,20.03315017762062,1.0256843369226978,13.989979919597747,550,11.95,12.0
mutate_child,8,11,100,13.989979919597747,15.312550042217694,19.009980079602226,1.1954816369499321,13.989979919597747,600,11.79,12.0
mutate_child,8,12,100,13.989979919597747,15.009866531712056,17.569215113223347,0.8477100682792872,13.989979919597747,650,12.04,12.0
mutate_child,8,13,100,13.989979919597747,15.076429882027933,17.580243893371346,0.8970857095674482,13.989979919597747,700,12.33,12.0
mutate_child,8,14,100,13.989979919597747,15.005625120104845,18.714944167960986,1.026085402073046,13.989979919597747,750,12.42,12.0
mutate_child,8,15,100,13.989979919597747,14.926599104959323,17.61314274283428,0.8820246637449565,13.989979919597747,800,12.49,12.0
mutate_child,8,16,100,13.896662954709576,14.728960666367437,18.781488772222676,0.7470162465232957,13.896662954709576,850,13.27,14.0
mutate_child,8,17,100,13.896662954709576,15.051540545910335,18.67804971641414,1.138523574006815,13.896662954709576,900,12.93,14.0
mutate_child,8,18,100,13.896662954709576,14.898049819961024,18.136664289109586,0.9872273077104584,13.896662954709576,950,13.35,14.0
mutate_child,8,19,100,13.896662954709576,14.883534354828788,19.26397674405503,1.0594777200765986,13.896662954709576,1000,13.24,14.0
mutate_child,8,20,100,13.768438714135812,14.704680568560489,17.569215113223347,0.8093945270998225,13.768438714135812,1050,13.01,14.0
mutate_child,8,21,100,13.768438714135812,14.706079577344383,19.739607805437114,0.978865204019656,13.768438714135812,1100,13.34,14.0
mutate_child,8,22,100,13.764688270438851,14.774382870227669,18.24294446319662,0.9533454754838814,13.764688270438851,1150,12.72,13.0
mutate_child,8,23,100,13.764688270438851,14.62184687316228,18.993468988235943,0.9088222577556552,13.764688270438851,1200,13.33,13.0
mutate_child,8,24,100,13.764688270438851,14.706526778351135,19.261706725018236,1.0640624252579862,13.764688270438851,1250,13.19,13.0
mutate_child,8,25,100,13.686796226411321,14.682584640276197,17.569215113223347,0.9845458763832755,13.686796226411321,1300,12.86,13.0
mutate_child,8,26,100,13.686796226411321,14.605223202436004,18.07156333832011,0.8574158339065774,13.686796226411321,1350,13.11,13.0
mutate_child,8,27,100,13.686796226411321,14.738718697901806,18.559591794226545,1.0916630021832348,13.686796226411321,1400,12.66,13.0
mutate_child,8,28,100,13.686796226411321,14.509487233691598,17.71604843283959,0.8355859736804347,13.686796226411321,1450,13.12,13.0
mutate_child,8,29,100,13.686796226411321,14.593513648417522,19.453720459187966,1.0051408573815792,13.686796226411321,1500,13.03,13.0
mutate_child,8,30,100,13.686796226411321,14.590453933303511,17.664688270438848,0.9931480528068762,13.686796226411321,1550,13.16,13.0
mutate_child,8,31,100,13.686796226411321,14.606933454305347,18.173320053068153,1.097552568994821,13.686796226411321,1600,12.94,13.0
mutate_child,8,32,100,13.64476105895272,14.557485672842589,18.367156809750927,1.0254873202461943,13.64476105895272,1650,12.94,12.0
mutate_child,8,33,100,13.64476105895272,14.433896824247913,20.003569153775235,0.9682974650567954,13.64476105895272,1700,12.95,12.0
mutate_child,8,34,100,13.12664991614216,14.500877291121638,18.280350850198275,0.981341105288252,13.12664991614216,1750,12.66,14.0
mutate_child,8,35,100,13.12664991614216,14.563113890376995,19.45306852353742,1.143443343556507,13.12664991614216,1800,12.81,14.0
mutate_child,8,36,100,13.12664991614216,14.713757410322941,18.494438717061495,1.2708739887604157,13.12664991614216,1850,12.7,14.0
mutate_child,8,37,100,13.12664991614216,14.400099439063833,17.411871208194288,0.9779440549453452,13.12664991614216,1900,12.81,14.0
mutate_child,8,38,100,13.12664991614216,14.598592859060327,18.16794833886788,1.2182802780973243,13.12664991614216,1950,13.13,14.0
mutate_child,8,39,100,13.12664991614216,14.251017426437938,19.288061301782108,0.946481371665157,13.12664991614216,2000,13.21,14.0
mutate_child,8,40,100,13.12664991614216,14.399693718192065,19.20293863659264,1.238241914054188,13.12664991614216,2050,13.23,14.0
mutate_child,8,41,100,13.12664991614216,14.257640498334949,17.047722557505168,0.9351289674416366,13.12664991614216,2100,13.27,14.0
mutate_child,8,42,100,13.026649916142159,14.413986611103601,19.53072757526625,1.2309701642575386,13.026649916142159,2150,13.32,14.0
mutate_child,8,43,100,13.026649916142159,14.186003436093063,18.003569153775235,0.9176008706364264,13.026649916142159,2200,13.35,14.0
mutate_child,8,44,100,13.026649916142159,14.269637667186197,18.549444375840398,1.0909488693273173,13.026649916142159,2250,13.53,14.0
mutate_child,8,45,100,13.026649916142159,14.247403293721092,20.036664289109584,1.2927395392862286,13.026649916142159,2300,13.3,14.0
mutate_child,8,46,100,13.026649916142159,14.230097377620867,18.659126028197402,1.2510715039520708,13.026649916142159,2350,12.89,14.0
mutate_child,8,47,100,13.026649916142159,14.179546919415106,19.20199920063936,1.2485522541998946,13.026649916142159,2400,13.34,14.0
mutate_child,8,48,100,12.72474487139159,14.103531886668724,19.427105745132007,1.194593548762899,12.72474487139159,2450,13.43,14.0
mutate_child,8,49,100,12.72474487139159,14.0598705117535,18.13907194296653,1.181805167005405,12.72474487139159,2500,13.15,14.0
mutate_child,8,50,100,12.72474487139159,14.038349812201206,17.788854381999833,1.197879193014506,12.72474487139159,2550,13.39,14.0
mutate_child,8,51,100,12.72474487139159,13.937057745306902,18.162049935181333,1.128920325166779,12.72474487139159,2600,13.29,14.0
mutate_child,8,52,100,12.72474487139159,13.821532771078134,17.94108003776293,1.016413740709066,12.72474487139159,2650,13.48,14.0
mutate_child,8,53,100,12.72474487139159,14.012541433253892,19.38425027803687,1.349737659936035,12.72474487139159,2700,13.42,14.0
mutate_child,8,54,100,12.72474487139159,13.856626044542192,17.814944167960988,1.0246670241835223,12.72474487139159,2750,13.27,14.0
mutate_child,8,55,100,12.72474487139159,13.891544625845409,18.449137674618942,1.2254449114346786,12.72474487139159,2800,13.48,14.0
mutate_child,8,56,100,12.72474487139159,13.955034412135292,17.639148871948674,1.2276708360837598,12.72474487139159,2850,13.16,14.0
mutate_child,8,57,100,12.72474487139159,14.260939159200007,18.55329983228432,1.5299096417668496,12.72474487139159,2900,13.36,14.0
mutate_child,8,58,100,12.72474487139159,14.05508651391159,18.49373774505092,1.3913115366126165,12.72474487139159,2950,12.86,14.0
mutate_child,8,59,100,12.72474487139159,13.88715041643644,18.483266665599963,1.2937627813255905,12.72474487139159,3000,13.53,14.0
mutate_child,8,60,100,12.72474487139159,14.03651905988062,17.569215113223347,1.385541431080801,12.72474487139159,3050,13.11,14.0
mutate_child,8,61,100,12.72474487139159,14.162533279848137,19.05657137141714,1.5419477879469177,12.72474487139159,3100,13.32,14.0
mutate_child,8,62,100,12.72474487139159,14.102870568873238,19.322611077089288,1.500935551970542,12.72474487139159,3150,13.29,14.0
mutate_child,8,63,100,12.72474487139159,14.116876841852196,17.739607805437114,1.4636261319983568,12.72474487139159,3200,13.27,14.0
mutate_child,8,64,100,12.72474487139159,14.076039555156886,18.235270009440733,1.4703255628805927,12.72474487139159,3250,13.22,14.0
mutate_child,8,65,100,12.72474487139159,13.921480725210149,18.661706725018234,1.3944615745125786,12.72474487139159,3300,13.06,14.0
mutate_child,8,66,100,12.72474487139159,13.926369433117138,18.297057550292607,1.334185976147691,12.72474487139159,3350,13.06,14.0
mutate_child,8,67,100,12.72474487139159,14.05137450739096,17.97156333832011,1.457596423408362,12.72474487139159,3400,13.24,14.0
mutate_child,8,68,100,12.72474487139159,13.80183064811105,18.560107523773826,1.2885090643160153,12.72474487139159,3450,13.14,14.0
mutate_child,8,69,100,12.72474487139159,13.592063204192883,17.425804665451803,0.9376254453461791,12.72474487139159,3500,13.45,14.0
mutate_child,8,70,100,12.72474487139159,13.831388201410974,18.24294446319662,1.335487138437899,12.72474487139159,3550,12.99,14.0
mutate_child,8,71,100,12.72474487139159,13.720754942112059,17.88494332412792,1.2438490794731507,12.72474487139159,3600,13.33,14.0
mutate_child,8,72,100,12.72474487139159,13.755919873229484,18.269693845669906,1.1900086925614208,12.72474487139159,3650,13.25,14.0
mutate_child,8,73,100,12.72474487139159,13.82098447516524,17.425804665451803,1.2860122442231992,12.72474487139159,3700,13.13,14.0
mutate_child,8,74,100,12.72474487139159,13.754015520268046,17.645906043549196,1.2307547560579588,12.72474487139159,3750,13.25,14.0
mutate_child,8,75,100,12.72474487139159,13.797455596472819,18.020465053408525,1.2957029344383468,12.72474487139159,3800,13.31,14.0
mutate_child,8,76,100,12.72474487139159,13.941108620070747,18.20332963783729,1.414116768288709,12.72474487139159,3850,13.35,14.0
mutate_child,8,77,100,12.72474487139159,13.681301709074074,18.85870331449229,1.3432089312401922,12.72474487139159,3900,13.36,14.0
mutate_child,8,78,100,12.72474487139159,13.686820822839902,17.569215113223347,1.2235742100177829,12.72474487139159,3950,13.2,14.0
mutate_child,8,79,100,12.66770782520313,13.711783169796231,17.87840487520902,1.1822546696272909,12.66770782520313,4000,13.21,14.0
mutate_child,8,80,100,12.66770782520313,13.695908151134418,17.507130750570546,1.2014771705982712,12.66770782520313,4050,13.43,14.0
mutate_child,8,81,100,12.66770782520313,13.823150447771507,18.343559577416272,1.3302146831658104,12.66770782520313,4100,13.26,14.0
mutate_child,8,82,100,12.66770782520313,13.611694571633564,17.639148871948674,1.2288411529845862,12.66770782520313,4150,13.26,14.0
mutate_child,8,83,100,12.66770782520313,13.709815735627203,17.988409872672513,1.3922378614193494,12.66770782520313,4200,13.3,14.0
mutate_child,8,84,100,12.640175425099137,13.702702222594677,18.453720459187966,1.2862478155502788,12.640175425099137,4250,13.17,14.0
mutate_child,8,85,100,12.640175425099137,13.946349314201933,18.02480768092719,1.5849684200731258,12.640175425099137,4300,13.2,14.0
mutate_child,8,86,100,12.640175425099137,13.950639010237927,18.00454076850486,1.5413951426183816,12.640175425099137,4350,12.99,14.0
mutate_child,8,87,100,12.640175425099137,13.692050566664284,17.99373774505092,1.3709431661461198,12.640175425099137,4400,13.36,14.0
mutate_child,8,88,100,12.640175425099137,13.85379708260835,18.427105745132007,1.543468809509787,12.640175425099137,4450,12.99,14.0
mutate_child,8,89,100,12.640175425099137,13.739829120156099,17.834313619501856,1.3406538705089526,12.640175425099137,4500,13.43,14.0
mutate_child,8,90,100,12.640175425099137,13.74457491789243,18.40454076850486,1.4212983780399062,12.640175425099137,4550,13.0,14.0
mutate_child,8,91,100,12.640175425099137,13.575426911895095,17.988409872672513,1.2465400755892957,12.640175425099137,4600,12.81,14.0
mutate_child,8,92,100,12.640175425099137,13.643361428172192,18.26843871413581,1.2643484750535552,12.640175425099137,4650,13.29,14.0
mutate_child,8,93,100,12.640175425099137,13.740349985302705,17.316515138991168,1.334406248286372,12.640175425099137,4700,12.94,14.0
mutate_child,8,94,100,12.640175425099137,13.596115214775555,17.61314274283428,1.2199035589291343,12.640175425099137,4750,13.09,14.0
mutate_child,8,95,100,12.640175425099137,13.532690253712623,17.569215113223347,1.1294367820367255,12.640175425099137,4800,13.44,14.0
mutate_child,8,96,100,12.640175425099137,13.873805831677647,17.756465996625053,1.527062130672534,12.640175425099137,4850,13.04,14.0
mutate_child,8,97,100,12.640175425099137,13.547409034076049,17.569215113223347,1.1891865782646063,12.640175425099137,4900,13.2,14.0
mutate_child,8,98,100,12.640175425099137,13.502413554842072,18.25440947723653,1.1488149011996514,12.640175425099137,4950,13.44,14.0
mutate_child,8,99,100,12.640175425099137,13.675983257389994,18.041794613730893,1.2914307561116136,12.640175425099137,5000,13.31,14.0
mutate_child,8,100,100,12.640175425099137,13.716438930310408,17.93095064303001,1.3244848320048082,12.640175425099137,5050,13.34,14.0
mutate_child,9,0,50,15.423243291566195,18.32636051518821,21.049666651850536,1.6223783185459864,15.423243291566195,50,10.7,11.0
mutate_child,9,1,100,15.423243291566195,17.776029650399,21.049666651850536,1.4922578630914143,15.423243291566195,100,9.75,11.0
mutate_child,9,2,100,15.177193921634789,16.54024985143567,19.680614856144977,0.7394413883768831,15.177193921634789,150,8.4,11.0
mutate_child,9,3,100,14.859411708155672,16.175399775522987,18.680614856144977,0.5732948995090369,14.859411708155672,200,9.36,10.0
mutate_child,9,4,100,14.859411708155672,16.124387321232085,19.61555394056826,0.7727982643417997,14.859411708155672,250,9.78,10.0
mutate_child,9,5,100,14.859411708155672,15.920490935394433,19.253720459187964,0.7084870864359134,14.859411708155672,300,10.34,10.0
mutate_child,9,6,100,14.693737745050923,15.686770892403485,17.917828762075256,0.5632313438808627,14.693737745050923,350,10.39,13.0
mutate_child,9,7,100,14.631098884280703,15.729500690829349,19.201428280002318,0.8305499295740044,14.631098884280703,400,10.13,10.0
mutate_child,9,8,100,14.301999200639361,15.425815638619666,18.03792402008342,0.662746716630084,14.301999200639361,450,10.22,11.0
mutate_child,9,9,100,14.301999200639361,15.315270612358967,18.11555394056826,0.6409698255162344,14.301999200639361,500,10.14,11.0
mutate_child,9,10,100,14.301999200639361,15.324025335625176,17.822370651203855,0.75774437938045,14.301999200639361,550,10.06,11.0
mutate_child,9,11,100,13.822611077089286,15.134191866459538,17.078027826631356,0.6069379127834108,13.822611077089286,600,10.27,11.0
mutate_child,9,12,100,13.822611077089286,15.13571788752674,20.45870331449229,0.9399607110553836,13.822611077089286,650,10.72,11.0
mutate_child,9,13,100,13.822611077089286,15.10864266921138,19.845207879911715,0.8962284400137913,13.822611077089286,700,10.78,11.0
mutate_child,9,14,100,13.822611077089286,15.145102606858334,18.4614551505325,0.8849322636106357,13.822611077089286,750,10.73,11.0
mutate_child,9,15,100,13.822611077089286,14.905318076582711,17.524944444170092,0.7063113280131886,13.822611077089286,800,10.99,11.0
mutate_child,9,16,100,13.822611077089286,14.80664945165528,17.867156809750927,0.675690631514547,13.822611077089286,850,11.11,11.0
mutate_child,9,17,100,13.822611077089286,14.747867176843231,16.967148342118485,0.6151743076962721,13.822611077089286,900,11.32,11.0
mutate_child,9,18,100,13.822611077089286,14.76568052619093,19.06287388383278,0.7966360864534858,13.822611077089286,950,11.11,11.0
mutate_child,9,19,100,13.822611077089286,14.78913367087799,18.06287388383278,0.8009995980206348,13.822611077089286,1000,11.22,11.0
mutate_child,9,20,100,13.160107523773828,14.722480016324832,16.825863986500217,0.7683702573700086,13.160107523773828,1050,10.92,11.0
mutate_child,9,21,100,13.160107523773828,14.69004708138609,17.58433666561813,0.8029208400275953,13.160107523773828,1100,11.02,11.0
mutate_child,9,22,100,13.160107523773828,14.509873429133002,18.644655678480984,0.737361914230855,13.160107523773828,1150,11.2,11.0
mutate_child,9,23,100,12.929705854077836,14.587799747326308,18.43130005674953,0.9104656556849078,12.929705854077836,1200,10.85,12.0
mutate_child,9,24,100,12.929705854077836,14.484332549445929,18.00365690573664,0.8746323194406399,12.929705854077836,1250,10.84,12.0
mutate_child,9,25,100,12.619803902718557,14.539806378572775,18.241653005427764,1.0095532427236396,12.619803902718557,1300,11.21,13.0
mutate_child,9,26,100,12.619803902718557,14.309092910251003,18.05320425066476,1.0258635305044852,12.619803902718557,1350,11.15,13.0
mutate_child,9,27,100,12.619803902718557,14.28518332825043,17.70087712549569,1.1080454610302006,12.619803902718557,1400,11.61,13.0
mutate_child,9,28,100,12.619803902718557,13.993477619808077,17.648008498577177,0.8851083190136777,12.619803902718557,1450,11.89,13.0
mutate_child,9,29,100,12.619803902718557,14.009661792589007,17.648008498577177,1.0085805045190979,12.619803902718557,1500,11.89,13.0
mutate_child,9,30,100,12.619803902718557,14.04469405266101,18.20199920063936,1.2074344041951677,12.619803902718557,1550,12.21,13.0
mutate_child,9,31,100,12.619803902718557,14.053046700166867,17.330950643030008,1.0532530617703162,12.619803902718557,1600,12.05,13.0
mutate_child,9,32,100,12.619803902718557,13.923349793259753,16.967148342118485,0.9551740622780982,12.619803902718557,1650,12.21,13.0
mutate_child,9,33,100,12.619803902718557,13.877493394078567,18.491153452528778,1.0019755509000001,12.619803902718557,1700,12.48,13.0
mutate_child,9,34,100,12.619803902718557,13.754821903437445,17.648008498577177,0.965460303285248,12.619803902718557,1750,12.63,13.0
mutate_child,9,35,100,12.612403840463596,13.88072232054325,18.929705854077834,1.1521900783747037,12.612403840463596,1800,12.53,14.0
mutate_child,9,36,100,12.612403840463596,13.838298891751617,17.640967364599085,1.1427088344957215,12.612403840463596,1850,12.7,14.0
mutate_child,9,37,100,12.612403840463596,13.735231665675476,18.3,1.139334491299235,12.612403840463596,1900,12.75,14.0
mutate_child,9,38,100,12.612403840463596,13.559892101412775,17.06953597148327,0.9319933315273529,12.612403840463596,1950,12.8,14.0
mutate_child,9,39,100,12.612403840463596,13.51714193295594,18.224807680927192,0.9418478459555853,12.612403840463596,2000,12.93,14.0
mutate_child,9,40,100,12.612403840463596,13.684162172781132,18.488409872672513,1.2520158925381353,12.612403840463596,2050,12.97,14.0
mutate_child,9,41,100,12.612403840463596,13.53692001381185,19.193737745050925,1.105327167984493,12.612403840463596,2100,13.13,14.0
mutate_child,9,42,100,12.612403840463596,13.544093525218218,16.02828568570857,0.9798530231267932,12.612403840463596,2150,13.25,14.0
mutate_child,9,43,100,12.612403840463596,13.615225180229595,17.3,1.046652348414353,12.612403840463596,2200,13.53,14.0
mutate_child,9,44,100,12.612403840463596,13.503774679668927,17.648008498577177,1.0653154117486363,12.612403840463596,2250,13.26,14.0
mutate_child,9,45,100,12.612403840463596,13.54963785884017,17.078027826631356,1.0599241386023102,12.612403840463596,2300,13.16,14.0
mutate_child,9,46,100,12.612403840463596,13.530763208904327,17.66770782520313,1.053257189434139,12.612403840463596,2350,13.38,14.0
mutate_child,9,47,100,12.612403840463596,13.57871331739903,17.40997512422418,1.1548736456666369,12.612403840463596,2400,13.4,14.0
mutate_child,9,48,100,12.612403840463596,13.481073345331058,16.20599640431353,1.0073268445949821,12.612403840463596,2450,13.16,14.0
mutate_child,9,49,100,12.612403840463596,13.645125279508242,17.648008498577177,1.2559296088541987,12.612403840463596,2500,13.5,14.0
mutate_child,9,50,100,12.612403840463596,13.50933642332779,18.356349099818896,1.1199235744916276,12.612403840463596,2550,13.59,14.0
mutate_child,9,51,100,12.48309518948453,13.408584700479771,18.235270009440733,0.9628340007085011,12.48309518948453,2600,13.51,13.0
mutate_child,9,52,100,12.48309518948453,13.576504107708622,17.2,1.1448721495849012,12.48309518948453,2650,13.36,13.0
mutate_child,9,53,100,12.48309518948453,13.419351518487826,17.26023252670426,1.0370830605774968,12.48309518948453,2700,13.52,13.0
mutate_child,9,54,100,12.48309518948453,13.546139572586675,18.362873883832776,1.200561866673711,12.48309518948453,2750,13.45,13.0
mutate_child,9,55,100,12.48309518948453,13.380643545065759,17.26023252670426,0.9782526626087882,12.48309518948453,2800,13.26,13.0
mutate_child,9,56,100,12.48309518948453,13.520708462688107,18.334057902536163,1.1289791691002415,12.48309518948453,2850,13.13,13.0
mutate_child,9,57,100,12.48309518948453,13.320227926969318,16.43388517946129,0.9039463504726319,12.48309518948453,2900,13.32,13.0
mutate_child,9,58,100,12.48309518948453,13.420467874219776,17.937663853655728,1.0308820587400485,12.48309518948453,2950,13.34,13.0
mutate_child,9,59,100,12.48309518948453,13.297779173855753,16.43388517946129,0.8645676021007311,12.48309518948453,3000,13.29,13.0
mutate_child,9,60,100,12.48309518948453,13.42787395339105,17.27979589711327,1.0644061085541743,12.48309518948453,3050,13.13,13.0
mutate_child,9,61,100,12.48309518948453,13.377644009737077,17.76843871413581,1.094054625145477,12.48309518948453,3100,13.33,13.0
mutate_child,9,62,100,12.48309518948453,13.446424815967621,17.54833147735479,1.0979137774703107,12.48309518948453,3150,13.15,13.0
mutate_child,9,63,100,12.48309518948453,13.455475535228334,16.774165738677393,1.0769345376250297,12.48309518948453,3200,12.91,13.0
mutate_child,9,64,100,12.48309518948453,13.425260143079045,16.38608421540822,1.020663169002085,12.48309518948453,3250,13.27,13.0
mutate_child,9,65,100,12.448331477354788,13.520308149093546,18.396662954709576,1.2382982730538112,12.448331477354788,3300,13.26,14.0
mutate_child,9,66,100,12.448331477354788,13.379582229653929,16.76332495807108,0.9831006304806359,12.448331477354788,3350,13.48,14.0
mutate_child,9,67,100,12.316227766016837,13.408897689132331,17.46619037896906,1.0978615582865483,12.316227766016837,3400,13.32,15.0
mutate_child,9,68,100,12.316227766016837,13.339112920768402,17.683266665599966,0.9885089821169447,12.316227766016837,3450,13.39,15.0
mutate_child,9,69,100,12.316227766016837,13.287713874205291,16.834846922834956,0.9803561018775472,12.316227766016837,3500,13.34,15.0
mutate_child,9,70,100,12.316227766016837,13.345711087919074,17.822497216032183,1.0884982408242168,12.316227766016837,3550,13.39,15.0
mutate_child,9,71,100,12.316227766016837,13.385203055739783,17.962977544445355,1.090995117418578,12.316227766016837,3600,13.38,15.0
mutate_child,9,72,100,12.316227766016837,13.436951577292996,18.255294535724687,1.1631641664871233,12.316227766016837,3650,13.22,15.0
mutate_child,9,73,100,12.316227766016837,13.343871973044875,17.34616984954482,1.0678800206254384,12.316227766016837,3700,13.38,15.0
mutate_child,9,74,100,12.316227766016837,13.293824405649252,16.569535971483266,0.9312405940309519,12.316227766016837,3750,13.36,15.0
mutate_child,9,75,100,12.316227766016837,13.339031165253427,18.099999999999998,1.1447418458577394,12.316227766016837,3800,13.58,15.0
mutate_child,9,76,100,12.316227766016837,13.378092161693148,18.099999999999998,1.1644665442583502,12.316227766016837,3850,13.64,15.0
mutate_child,9,77,100,12.316227766016837,13.534452053863902,17.215823125451337,1.2001940486056601,12.316227766016837,3900,13.32,15.0
mutate_child,9,78,100,12.316227766016837,13.446158147245063,18.422497216032184,1.2243722663227878,12.316227766016837,3950,13.56,15.0
mutate_child,9,79,100,12.316227766016837,13.368230850398827,17.422497216032184,1.0684608399483777,12.316227766016837,4000,13.76,15.0
mutate_child,9,80,100,12.316227766016837,13.280688449894432,17.30990195135928,0.9786598136245483,12.316227766016837,4050,13.67,15.0
mutate_child,9,81,100,12.316227766016837,13.279649345443524,16.897367813297645,1.0018737042533785,12.316227766016837,4100,13.59,15.0
mutate_child,9,82,100,12.316227766016837,13.335705578234611,17.76023252670426,1.0886747747531373,12.316227766016837,4150,13.67,15.0
mutate_child,9,83,100,12.316227766016837,13.311848956194403,16.297726685459203,0.9634873582816653,12.316227766016837,4200,13.62,15.0
mutate_child,9,84,100,12.316227766016837,13.27046784019859,18.00830459735946,1.0440183027665253,12.316227766016837,4250,13.64,15.0
mutate_child,9,85,100,12.316227766016837,13.258674787163255,18.437715508089905,1.0561093805563009,12.316227766016837,4300,13.71,15.0
mutate_child,9,86,100,12.316227766016837,13.210014973265936,15.90917508345343,0.9345722737351918,12.316227766016837,4350,13.69,15.0
mutate_child,9,87,100,12.316227766016837,13.18175556834239,15.483239697419133,0.8686391517029637,12.316227766016837,4400,13.94,15.0
mutate_child,9,88,100,12.316227766016837,13.37532421501283,17.72736184954957,1.2231047951518832,12.316227766016837,4450,13.78,15.0
mutate_child,9,89,100,12.316227766016837,13.361114918169422,17.698214000911364,1.1731774755565867,12.316227766016837,4500,13.93,15.0
mutate_child,9,90,100,12.316227766016837,13.262199045727002,18.084943324127924,1.13843120872107,12.316227766016837,4550,13.53,15.0
mutate_child,9,91,100,12.316227766016837,13.254810833530316,18.76859590355097,1.1858520447236474,12.316227766016837,4600,13.94,15.0
mutate_child,9,92,100,12.316227766016837,13.121246182952994,16.729563014098698,0.9426602433795936,12.316227766016837,4650,14.06,15.0
mutate_child,9,93,100,12.089897948556635,13.24532544980721,17.683266665599966,1.1798092926471153,12.089897948556635,4700,13.77,14.0
mutate_child,9,94,100,12.089897948556635,13.357570513624127,17.140175425099137,1.1990425377731322,12.089897948556635,4750,13.92,14.0
mutate_child,9,95,100,12.089897948556635,13.133154179313694,16.394427190999917,0.9848312231845362,12.089897948556635,4800,13.7,14.0
mutate_child,9,96,100,12.089897948556635,13.326416015045554,17.334846922834956,1.2639669503999391,12.089897948556635,4850,13.65,14.0
mutate_child,9,97,100,12.089897948556635,13.152361405099839,17.80384048104053,1.1352121789863783,12.089897948556635,4900,13.79,14.0
mutate_child,9,98,100,12.089897948556635,13.173851385120775,17.394427190999917,1.1734339232216913,12.089897948556635,4950,14.09,14.0
mutate_child,9,99,100,12.089897948556635,13.231033649599357,17.61980390271856,1.2356246793801762,12.089897948556635,5000,13.99,14.0
mutate_child,9,100,100,12.089897948556635,13.287296316636954,16.388762624632125,1.2465194595860607,12.089897948556635,5050,13.9,14.0
mutate_parent,0,0,50,15.72490309931942,18.456594193130673,21.049444375840398,1.4792826492936337,15.72490309931942,50,9.5,9.0
mutate_parent,0,1,100,15.423243291566195,17.8880903701752,21.049444375840398,1.3688262464715322,15.423243291566195,100,9.51,10.0
mutate_parent,0,2,100,14.516609194718914,16.686080633085368,19.61555394056826,0.7008096655685268,14.516609194718914,150,8.68,11.0
mutate_parent,0,3,100,14.516609194718914,16.30116223280403,17.79150262212918,0.5876478700603351,14.516609194718914,200,9.24,11.0
mutate_parent,0,4,100,14.516609194718914,15.960412759859288,17.99821400091136,0.59171595932875,14.516609194718914,250,9.57,11.0
mutate_parent,0,5,100,14.516609194718914,15.70696356316685,18.167156809750928,0.5818878546084592,14.516609194718914,300,10.17,11.0
mutate_parent,0,6,100,14.264688270438851,15.57960930707359,18.020465053408525,0.6491115815816448,14.264688270438851,350,10.29,12.0
mutate_parent,0,7,100,14.264688270438851,15.58024998874149,18.770615218501405,0.8709235469164158,14.264688270438851,400,10.71,12.0
mutate_parent,0,8,100,13.88494332412792,15.445460397999485,19.276575213227446,0.9096788909373932,13.88494332412792,450,10.85,12.0
mutate_parent,0,9,100,13.88494332412792,15.443731248644383,18.927105745132007,1.0313235382783577,13.88494332412792,500,10.85,12.0
mutate_parent,0,10,100,13.7131126469709,15.31733085419007,18.2219040425837,0.9493468480162426,13.7131126469709,550,10.86,12.0
mutate_parent,0,11,100,13.7131126469709,15.126817893912875,18.448683298050515,0.9553781288413832,13.7131126469709,600,11.44,12.0
mutate_parent,0,12,100,13.700000000000001,15.18148693543036,18.78433666561813,1.13666956686646,13.700000000000001,650,11.68,13.0
mutate_parent,0,13,100,13.700000000000001,14.879818144691486,19.621320343559642,1.0187064344765973,13.700000000000001,700,11.53,13.0
mutate_parent,0,14,100,13.693737745050923,14.775679423445855,18.06287388383278,0.9492320302263659,13.693737745050923,750,11.77,13.0
mutate_parent,0,15,100,13.693737745050923,14.613123035753722,18.58446194559183,0.854559667495241,13.693737745050923,800,11.55,13.0
mutate_parent,0,16,100,13.672004514666936,14.57495934322626,18.70293863659264,0.9358811399852773,13.672004514666936,850,11.91,13.0
mutate_parent,0,17,100,13.563818169698585,14.493692242696584,18.2,0.9270253897059426,13.563818169698585,900,12.15,13.0
mutate_parent,0,18,100,13.488409872672513,14.490307581240392,18.467707825203128,0.9261180246678917,13.488409872672513,950,12.37,13.0
mutate_parent,0,19,100,13.488409872672513,14.53190223407793,18.162277660168378,0.996065762145732,13.488409872672513,1000,12.18,13.0
mutate_parent,0,20,100,13.488409872672513,14.440836512343155,18.816609194718914,1.0393674883038244,13.488409872672513,1050,12.49,13.0
mutate_parent,0,21,100,13.488409872672513,14.397837325252153,19.680614856144977,0.9216654526530411,13.488409872672513,1100,12.16,13.0
mutate_parent,0,22,100,13.488409872672513,14.583237614181835,19.14355957741627,1.1261393228665224,13.488409872672513,1150,12.41,13.0
mutate_parent,0,23,100,13.488409872672513,14.359020154045208,18.58446194559183,0.9406462637513756,13.488409872672513,1200,12.51,13.0
mutate_parent,0,24,100,13.488409872672513,14.250585704633881,17.534387974463897,0.8010214186221911,13.488409872672513,1250,12.47,13.0
mutate_parent,0,25,100,13.488409872672513,14.443463617487515,19.23606797749979,1.1317972228448394,13.488409872672513,1300,12.54,13.0
mutate_parent,0,26,100,13.377032961426902,14.205192193431614,17.48262224629348,0.8211316634084116,13.377032961426902,1350,12.55,13.0
mutate_parent,0,27,100,13.377032961426902,14.293433882818535,19.981742422927145,1.057966190125968,13.377032961426902,1400,12.87,13.0
mutate_parent,0,28,100,13.377032961426902,14.385199370330522,19.664582518894846,1.209042995394344,13.377032961426902,1450,12.88,13.0
mutate_parent,0,29,100,13.377032961426902,14.380143638112765,19.802172886644268,1.1992544789723913,13.377032961426902,1500,12.59,13.0
mutate_parent,0,30,100,13.071779788708135,14.241837799837493,18.770615218501405,1.0600692916034133,13.071779788708135,1550,12.74,13.0
mutate_parent,0,31,100,13.071779788708135,14.124715397005202,19.24131112314674,0.9612777913440314,13.071779788708135,1600,12.79,13.0
mutate_parent,0,32,100,13.071779788708135,14.268934455453469,18.30332963783729,1.1155482116015312,13.071779788708135,1650,12.98,13.0
mutate_parent,0,33,100,13.071779788708135,14.192747043005339,17.2540659228538,0.9629313624903061,13.071779788708135,1700,12.74,13.0
mutate_parent,0,34,100,13.071779788708135,14.300694835614156,17.785229954635273,1.1616600875368883,13.071779788708135,1750,12.55,13.0
mutate_parent,0,35,100,13.071779788708135,14.324425319591876,18.770615218501405,1.3428283267677472,13.071779788708135,1800,12.63,13.0
mutate_parent,0,36,100,13.071779788708135,14.162496014592405,18.193737745050925,1.1763700269973427,13.071779788708135,1850,12.83,13.0
mutate_parent,0,37,100,13.071779788708135,14.210711910827937,18.560107523773826,1.1512082866959843,13.071779788708135,1900,12.8,13.0
mutate_parent,0,38,100,13.071779788708135,13.933185288512698,17.391153452528776,0.9613538796481372,13.071779788708135,1950,12.59,13.0
mutate_parent,0,39,100,13.071779788708135,14.1001082682225,18.862873883832776,1.1889334064620147,13.071779788708135,2000,12.68,13.0
mutate_parent,0,40,100,13.071779788708135,14.06947592884474,18.2770329614269,1.1178581410266466,13.071779788708135,2050,12.68,13.0
mutate_parent,0,41,100,13.071779788708135,14.110010351767853,19.61555394056826,1.1718269500691678,13.071779788708135,2100,12.57,13.0
mutate_parent,0,42,100,13.071779788708135,13.957434089627847,17.339337940912696,0.900553960278763,13.071779788708135,2150,12.51,13.0
mutate_parent,0,43,100,13.071779788708135,13.924514154780972,18.644655678480984,0.9772570498204951,13.071779788708135,2200,12.44,13.0
mutate_parent,0,44,100,13.071779788708135,13.999044968712845,17.94935886896179,1.0911098532539525,13.071779788708135,2250,12.32,13.0
mutate_parent,0,45,100,13.071779788708135,14.01426988149589,18.663818169698587,1.114417973768359,13.071779788708135,2300,12.55,13.0
mutate_parent,0,46,100,13.069535971483266,13.982381098336868,17.339337940912696,1.0053952617481516,13.069535971483266,2350,12.41,13.0
mutate_parent,0,47,100,13.069535971483266,14.125114589979624,18.891153452528776,1.4046930100117534,13.069535971483266,2400,12.19,13.0
mutate_parent,0,48,100,13.069535971483266,14.049855219922977,18.911871208194288,1.172693130392029,13.069535971483266,2450,12.22,13.0
mutate_parent,0,49,100,13.069535971483266,14.099732837341449,18.78997487421324,1.3913635020897162,13.069535971483266,2500,12.44,13.0
mutate_parent,0,50,100,13.069535971483266,13.901744267268633,17.468089245796925,0.9287980228271593,13.069535971483266,2550,12.4,13.0
mutate_parent,0,51,100,13.069535971483266,13.865206992509876,18.07156333832011,0.9627942031640192,13.069535971483266,2600,12.4,13.0
mutate_parent,0,52,100,13.013552872566004,14.024522280116443,17.269215113223346,1.069164829490903,13.013552872566004,2650,12.43,13.0
mutate_parent,0,53,100,13.013552872566004,14.143420746192682,18.661706725018234,1.4211892498213414,13.013552872566004,2700,12.41,13.0
mutate_parent,0,54,100,13.013552872566004,13.82831165432291,17.661740355901138,0.968782151919929,13.013552872566004,2750,12.41,13.0
mutate_parent,0,55,100,13.013552872566004,13.946580096753515,18.739071942966532,1.140764882256167,13.013552872566004,2800,12.25,13.0
mutate_parent,0,56,100,13.013552872566004,13.948771814821747,17.560388679233963,1.1055535440544784,13.013552872566004,2850,12.28,13.0
mutate_parent,0,57,100,13.013552872566004,13.935581077407221,18.680614856144977,1.1449936016556448,13.013552872566004,2900,12.43,13.0
mutate_parent,0,58,100,13.013552872566004,14.07348391719801,18.35870331449229,1.2530719542286808,13.013552872566004,2950,12.32,13.0
mutate_parent,0,59,100,13.013552872566004,13.9772619142347,18.58446194559183,1.1398078630883497,13.013552872566004,3000,12.23,13.0
mutate_parent,0,60,100,13.013552872566004,14.127680195873968,17.8,1.3261571134188217,13.013552872566004,3050,12.39,13.0
mutate_parent,0,61,100,13.013552872566004,13.638281545358453,17.55343928177439,0.7204995359973067,13.013552872566004,3100,12.62,13.0
mutate_parent,0,62,100,13.013552872566004,13.796448729160202,17.560388679233963,0.8825131987981437,13.013552872566004,3150,12.36,13.0
mutate_parent,0,63,100,13.013552872566004,13.959973446356734,18.99373774505092,1.2088143074904263,13.013552872566004,3200,12.46,13.0
mutate_parent,0,64,100,13.013552872566004,13.980952218426431,19.648199740725325,1.2520364702444327,13.013552872566004,3250,12.51,13.0
mutate_parent,0,65,100,13.013552872566004,13.730789467526739,16.487475490101847,0.8325689512488611,13.013552872566004,3300,12.53,13.0
mutate_parent,0,66,100,13.013552872566004,13.793681894302672,18.669693845669904,0.9902896100194061,13.013552872566004,3350,12.77,13.0
mutate_parent,0,67,100,13.013552872566004,14.03371182818532,18.586651818838305,1.2221929614408178,13.013552872566004,3400,12.65,13.0
mutate_parent,0,68,100,13.013552872566004,14.007689848180148,19.260681686165903,1.311417206061806,13.013552872566004,3450,12.5,13.0
mutate_parent,0,69,100,13.013552872566004,13.881505428298933,19.12074368738204,1.2631317845016532,13.013552872566004,3500,12.63,13.0
mutate_parent,0,70,100,13.013552872566004,13.774769714598879,17.588409872672514,1.089471512442566,13.013552872566004,3550,12.88,13.0
mutate_parent,0,71,100,13.013552872566004,13.96818347492158,18.586651818838305,1.2815901625494266,13.013552872566004,3600,12.3,13.0
mutate_parent,0,72,100,13.013552872566004,13.748669132828944,17.639337940912696,0.9386223328555218,13.013552872566004,3650,12.57,13.0
mutate_parent,0,73,100,13.013552872566004,13.842789691980892,18.370828693386972,1.1736974705026773,13.013552872566004,3700,12.78,13.0
mutate_parent,0,74,100,13.013552872566004,13.66941392828446,17.560388679233963,0.8773221711024461,13.013552872566004,3750,12.53,13.0
mutate_parent,0,75,100,13.013552872566004,13.964804944415027,19.14355957741627,1.3869190275225147,13.013552872566004,3800,12.52,13.0
mutate_parent,0,76,100,13.013552872566004,13.687557028105807,17.55343928177439,0.9078042555040962,13.013552872566004,3850,12.69,13.0
mutate_parent,0,77,100,13.013552872566004,13.90247710410084,18.771599450733447,1.2754598573945222,13.013552872566004,3900,12.58,13.0
mutate_parent,0,78,100,13.013552872566004,13.786207513927156,17.932364259186606,1.0739134313556693,13.013552872566004,3950,12.67,13.0
mutate_parent,0,79,100,13.013552872566004,13.87157663987042,18.771599450733447,1.2707979670987828,13.013552872566004,4000,12.59,13.0
mutate_parent,0,80,100,13.013552872566004,13.78112097714906,17.63801313572141,1.121834118161408,13.013552872566004,4050,12.79,13.0
mutate_parent,0,81,100,13.013552872566004,13.890801366825812,18.644832503882967,1.2514015971432255,13.013552872566004,4100,12.78,13.0
mutate_parent,0,82,100,13.013552872566004,13.747502919318446,17.314642819948226,1.0030661074766738,13.013552872566004,4150,12.74,13.0
mutate_parent,0,83,100,13.013552872566004,13.949498463460731,18.897366596101026,1.3573685566520124,13.013552872566004,4200,12.75,13.0
mutate_parent,0,84,100,13.013552872566004,13.707752859056395,18.20293863659264,1.0814999694273706,13.013552872566004,4250,12.84,13.0
mutate_parent,0,85,100,13.013552872566004,13.690751086894236,18.02664991614216,1.0823024404529973,13.013552872566004,4300,12.91,13.0
mutate_parent,0,86,100,13.013552872566004,13.5673753049848,16.451803788283282,0.7882695789446551,13.013552872566004,4350,12.91,13.0
mutate_parent,0,87,100,13.013552872566004,13.94291664844885,18.792848008753786,1.3959761240086266,13.013552872566004,4400,12.81,13.0
mutate_parent,0,88,100,13.013552872566004,13.73198251520082,17.27979589711327,0.9625492826939226,13.013552872566004,4450,12.75,13.0
mutate_parent,0,89,100,13.013552872566004,13.727559496817124,17.932364259186606,0.9787177315981269,13.013552872566004,4500,12.76,13.0
mutate_parent,0,90,100,13.013552872566004,13.746972702579985,18.20332963783729,1.1763874410222348,13.013552872566004,4550,12.74,13.0
mutate_parent,0,91,100,13.013552872566004,13.703201406112887,17.932364259186606,0.9689793707710197,13.013552872566004,4600,12.89,13.0
mutate_parent,0,92,100,13.013552872566004,13.812345646079642,17.560388679233963,1.1427504523816712,13.013552872566004,4650,12.62,13.0
mutate_parent,0,93,100,13.013552872566004,13.784642218382205,18.586651818838305,1.1459881728117838,13.013552872566004,4700,12.67,13.0
mutate_parent,0,94,100,13.013552872566004,13.700835219676112,18.36397674405503,1.1160264407122575,13.013552872566004,4750,12.91,13.0
mutate_parent,0,95,100,13.013552872566004,13.73770006950307,17.932364259186606,1.0413691676541643,13.013552872566004,4800,12.82,13.0
mutate_parent,0,96,100,13.013552872566004,13.723473996726137,17.661740355901138,1.070314688785454,13.013552872566004,4850,12.76,13.0
mutate_parent,0,97,100,13.013552872566004,13.754463521255136,19.322611077089288,1.1034707641794534,13.013552872566004,4900,12.82,13.0
mutate_parent,0,98,100,13.013552872566004,13.907718535237134,18.93095064303001,1.356802622975863,13.013552872566004,4950,12.89,13.0
mutate_parent,0,99,100,13.013552872566004,13.787663329980392,17.63801313572141,1.082906649413441,13.013552872566004,5000,12.86,13.0
mutate_parent,0,100,100,13.013552872566004,13.654228641757902,16.943928459844674,0.8873127066857179,13.013552872566004,5050,12.89,13.0
mutate_parent,1,0,50,15.65796522451032,17.996327949610944,20.957066051117284,1.1394388530753021,15.65796522451032,50,10.7,13.0
mutate_parent,1,1,100,15.420526275297414,17.68082872108753,20.957066051117284,1.095398528591187,15.420526275297414,100,10.33,10.0
mutate_parent,1,2,100,14.717800560721074,16.75687678259452,18.588435821108956,0.7409721834579867,14.717800560721074,150,10.59,11.0
mutate_parent,1,3,100,14.717800560721074,16.25148229300059,19.137715508089904,0.6547660078500801,14.717800560721074,200,11.47,11.0
mutate_parent,1,4,100,14.717800560721074,15.958258151467389,19.024948132556826,0.6416866570110246,14.717800560721074,250,10.28,11.0
mutate_parent,1,5,100,14.621347195933177,15.825911030065386,19.680614856144977,0.8587614887005736,14.621347195933177,300,10.23,10.0
mutate_parent,1,6,100,14.355133376499413,15.55256149355182,18.586651818838305,0.7126496999124797,14.355133376499413,350,10.43,9.0
mutate_parent,1,7,100,14.355133376499413,15.482330633453087,19.61555394056826,0.8494520009900012,14.355133376499413,400,10.55,9.0
mutate_parent,1,8,100,14.355133376499413,15.49394482696233,18.007402333838307,0.8039267978279252,14.355133376499413,450,10.55,9.0
mutate_parent,1,9,100,14.355133376499413,15.30998037504955,17.786826883245173,0.6030099669191481,14.355133376499413,500,10.79,9.0
mutate_parent,1,10,100,14.274887385102321,15.267655301397673,19.160319135392633,0.7438886521595206,14.274887385102321,550,10.59,11.0
mutate_parent,1,11,100,14.220743687382042,15.343128674518983,18.167156809750928,0.8806659663663992,14.220743687382042,600,10.0,11.0
mutate_parent,1,12,100,14.209361307176243,15.136319179649442,18.127038417709677,0.8628874992268346,14.209361307176243,650,10.45,9.0
mutate_parent,1,13,100,14.209361307176243,15.002396285043,17.825863986500217,0.7255585443729274,14.209361307176243,700,10.09,9.0
mutate_parent,1,14,100,14.209361307176243,15.003621880236922,18.007402333838307,0.7305425121347521,14.209361307176243,750,10.16,9.0
mutate_parent,1,15,100,13.785229954635271,14.902887053437107,17.373592452822642,0.7390113962944976,13.785229954635271,800,10.3,12.0
mutate_parent,1,16,100,13.785229954635271,14.947656272085867,17.549444375840398,0.8192566110472155,13.785229954635271,850,10.36,12.0
mutate_parent,1,17,100,13.785229954635271,14.761565374023963,17.770615218501405,0.6751276003725147,13.785229954635271,900,10.35,12.0
mutate_parent,1,18,100,13.333907960581373,14.781005846035475,17.42672195865408,0.7744500312131234,13.333907960581373,950,10.82,12.0
mutate_parent,1,19,100,13.333907960581373,14.935356125440995,18.995943722515268,1.0920458928912364,13.333907960581373,1000,10.5,12.0
mutate_parent,1,20,100,13.333907960581373,14.765728761575666,17.992838827718412,0.8120677797815469,13.333907960581373,1050,11.07,12.0
mutate_parent,1,21,100,13.333907960581373,14.6452313767715,18.935613624582864,0.9565059470836349,13.333907960581373,1100,11.39,12.0
mutate_parent,1,22,100,13.257583690279022,14.487974459724814,17.894438717061494,0.8566516205410082,13.257583690279022,1150,12.16,13.0
mutate_parent,1,23,100,13.257583690279022,14.461396773800764,18.345207879911715,1.0308885154295968,13.257583690279022,1200,11.93,13.0
mutate_parent,1,24,100,13.044948974278318,14.549215132439066,18.341653005427766,1.2088924277328985,13.044948974278318,1250,12.3,16.0
mutate_parent,1,25,100,13.044948974278318,14.23565044724276,17.7770329614269,1.0074426415403683,13.044948974278318,1300,13.05,16.0
mutate_parent,1,26,100,13.044948974278318,14.184645973887044,17.164688270438848,0.8977992018175808,13.044948974278318,1350,13.25,16.0
mutate_parent,1,27,100,13.044948974278318,14.141459341229979,18.440063693621518,1.0181141308973012,13.044948974278318,1400,13.16,16.0
mutate_parent,1,28,100,13.044948974278318,14.003207182601104,17.97375485654325,0.8931401844553992,13.044948974278318,1450,13.5,16.0
mutate_parent,1,29,100,13.044948974278318,13.86918791015171,17.73382640840131,0.7481119860625993,13.044948974278318,1500,13.93,16.0
mutate_parent,1,30,100,13.044948974278318,13.879631481084644,16.372983346207416,0.7306594471470373,13.044948974278318,1550,14.21,16.0
mutate_parent,1,31,100,12.889897948556635,13.998551315652247,18.04880884817015,1.1338424530887856,12.889897948556635,1600,14.11,15.0
mutate_parent,1,32,100,12.889897948556635,14.042435650883922,19.64476105895272,1.1781486464996542,12.889897948556635,1650,13.96,15.0
mutate_parent,1,33,100,12.889897948556635,13.807995586318498,17.00830459735946,0.7894854813685118,12.889897948556635,1700,14.13,15.0
mutate_parent,1,34,100,12.889897948556635,13.918651317997638,17.477225575051662,0.9956645709003245,12.889897948556635,1750,13.91,15.0
mutate_parent,1,35,100,12.80990195135928,13.915824724889415,17.12541078227774,1.026731758535054,12.80990195135928,1800,13.87,15.0
mutate_parent,1,36,100,12.760232526704263,13.79660315245825,20.361901286060018,1.1068506746383369,12.760232526704263,1850,14.16,14.0
mutate_parent,1,37,100,12.760232526704263,13.777515246485107,17.42672195865408,0.9879078414468098,12.760232526704263,1900,14.37,14.0
mutate_parent,1,38,100,12.760232526704263,13.77151359858894,16.90805405358401,0.996723235369051,12.760232526704263,1950,14.42,14.0
mutate_parent,1,39,100,12.709901951359278,13.784515017470163,17.97375485654325,1.108942021049199,12.709901951359278,2000,14.51,15.0
mutate_parent,1,40,100,12.709901951359278,13.67372843318021,18.672458299147443,1.0028279826632078,12.709901951359278,2050,14.84,15.0
mutate_parent,1,41,100,12.709901951359278,13.632785701508887,17.889990892524324,0.9818791066055136,12.709901951359278,2100,14.62,15.0
mutate_parent,1,42,100,12.709901951359278,13.669993564705857,17.59544511501033,1.1122406803523461,12.709901951359278,2150,14.6,15.0
mutate_parent,1,43,100,12.709901951359278,13.588981025609613,17.42672195865408,1.033411141270726,12.709901951359278,2200,14.34,15.0
mutate_parent,1,44,100,12.709901951359278,13.578779879940152,17.09544511501033,0.9253425660204992,12.709901951359278,2250,14.32,15.0
mutate_parent,1,45,100,12.709901951359278,13.730411242184104,17.944366510251644,1.1179488842330036,12.709901951359278,2300,14.19,15.0
mutate_parent,1,46,100,12.709901951359278,13.533377866551731,16.728972164382675,0.9169135887251614,12.709901951359278,2350,14.69,15.0
mutate_parent,1,47,100,12.709901951359278,13.590679003156716,17.62138772902208,0.9688530748907115,12.709901951359278,2400,14.2,15.0
mutate_parent,1,48,100,12.709901951359278,13.642554978628855,17.953720459187963,1.1482125205134028,12.709901951359278,2450,14.18,15.0
mutate_parent,1,49,100,12.709901951359278,13.656117920675033,17.800909015790026,1.1625105572338434,12.709901951359278,2500,13.98,15.0
mutate_parent,1,50,100,12.709901951359278,13.67074940945186,19.75306852353742,1.2022521552628367,12.709901951359278,2550,14.34,15.0
mutate_parent,1,51,100,12.68309518948453,13.627021014449173,17.37314991723711,1.1374312098557053,12.68309518948453,2600,13.87,15.0
mutate_parent,1,52,100,12.68309518948453,13.675778537275239,18.049444375840398,1.2050136344328009,12.68309518948453,2650,13.89,15.0
mutate_parent,1,53,100,12.68309518948453,13.698447631327987,19.30332963783729,1.3964558887074394,12.68309518948453,2700,14.1,15.0
mutate_parent,1,54,100,12.68309518948453,13.543718589598466,17.889990892524324,1.114436252623063,12.68309518948453,2750,14.03,15.0
mutate_parent,1,55,100,12.68309518948453,13.535446301437464,17.869535971483266,1.0809252471330935,12.68309518948453,2800,14.12,15.0
mutate_parent,1,56,100,12.48309518948453,13.664847084152985,18.245327270945403,1.1881500173070845,12.48309518948453,2850,14.12,14.0
mutate_parent,1,57,100,12.48309518948453,13.46773177304572,17.42672195865408,1.0798549923685044,12.48309518948453,2900,14.09,14.0
mutate_parent,1,58,100,12.48309518948453,13.59181208225265,17.854515615568197,1.1845501435176824,12.48309518948453,2950,14.04,14.0
mutate_parent,1,59,100,12.48309518948453,13.649197534023283,17.85709255502016,1.1858775224020401,12.48309518948453,3000,14.03,14.0
mutate_parent,1,60,100,12.48309518948453,13.603088160252126,18.0,1.1573868415300774,12.48309518948453,3050,14.05,14.0
mutate_parent,1,61,100,12.48309518948453,13.421858590999445,17.97375485654325,1.0650909298324485,12.48309518948453,3100,14.01,14.0
mutate_parent,1,62,100,12.48309518948453,13.669569166754938,17.309990925582365,1.2218640446181328,12.48309518948453,3150,13.56,14.0
mutate_parent,1,63,100,12.444948974278317,13.55680734417864,18.02664991614216,1.2529789269154339,12.444948974278317,3200,14.27,15.0
mutate_parent,1,64,100,12.444948974278317,13.656613780767785,18.09666295470958,1.2562303402305592,12.444948974278317,3250,14.19,15.0
mutate_parent,1,65,100,12.444948974278317,13.75048112456328,18.414213562373096,1.4597969042598575,12.444948974278317,3300,13.61,15.0
mutate_parent,1,66,100,12.444948974278317,13.370905896430058,17.800909015790026,1.077120292056086,12.444948974278317,3350,14.18,15.0
mutate_parent,1,67,100,12.444948974278317,13.563418966490659,17.207106781186546,1.1499760718376038,12.444948974278317,3400,14.17,15.0
mutate_parent,1,68,100,12.444948974278317,13.696226359179274,17.992838827718412,1.386087195217746,12.444948974278317,3450,13.78,15.0
mutate_parent,1,69,100,12.444948974278317,13.625669267517091,18.18321595661992,1.3690088033960766,12.444948974278317,3500,13.95,15.0
mutate_parent,1,70,100,12.444948974278317,13.410206120203549,17.27314991723711,1.122441649868837,12.444948974278317,3550,13.8,15.0
mutate_parent,1,71,100,12.444948974278317,13.474154341218762,17.93534100123922,1.105442904640982,12.444948974278317,3600,13.93,15.0
mutate_parent,1,72,100,12.299999999999999,13.458470051695745,17.27314991723711,1.1771642412025631,12.299999999999999,3650,13.82,15.0
mutate_parent,1,73,100,12.299999999999999,13.316301653460021,17.032364259186608,1.061316918770887,12.299999999999999,3700,13.86,15.0
mutate_parent,1,74,100,12.299999999999999,13.459245043075342,17.235270009440733,1.2151760632733375,12.299999999999999,3750,13.99,15.0
mutate_parent,1,75,100,12.299999999999999,13.585219264117843,18.98328677803526,1.365215702164061,12.299999999999999,3800,14.19,15.0
mutate_parent,1,76,100,12.299999999999999,13.390242667001658,17.90161269348546,1.1803042430916404,12.299999999999999,3850,14.45,15.0
mutate_parent,1,77,100,12.299999999999999,13.301788920740966,15.899999999999999,0.9736346836359615,12.299999999999999,3900,14.07,15.0
mutate_parent,1,78,100,12.299999999999999,13.339206915426576,18.085696017507576,1.3304068089057943,12.299999999999999,3950,13.79,15.0
mutate_parent,1,79,100,12.299999999999999,13.368438033780397,16.98309518948453,1.1797514542172909,12.299999999999999,4000,14.31,15.0
mutate_parent,1,80,100,12.299999999999999,13.235896628569153,17.571779788708135,1.1495032589453043,12.299999999999999,4050,14.6,15.0
mutate_parent,1,81,100,12.299999999999999,13.281640982466344,17.288854381999833,1.2138374341636153,12.299999999999999,4100,14.06,15.0
mutate_parent,1,82,100,12.299999999999999,13.270295408597008,17.88208554864871,1.2028261967301643,12.299999999999999,4150,13.93,15.0
mutate_parent,1,83,100,12.299999999999999,13.491367077953168,18.2,1.3851124410774853,12.299999999999999,4200,14.06,15.0
mutate_parent,1,84,100,12.299999999999999,13.471204366898451,18.08433666561813,1.4178858144055713,12.299999999999999,4250,13.68,15.0
mutate_parent,1,85,100,12.299999999999999,13.265936354209384,18.163818169698587,1.1989772271554524,12.299999999999999,4300,14.3,15.0
mutate_parent,1,86,100,12.299999999999999,13.526690689109016,17.90161269348546,1.388346917771269,12.299999999999999,4350,13.61,15.0
mutate_parent,1,87,100,12.299999999999999,13.162502805629671,16.789117562233507,1.006220866730032,12.299999999999999,4400,14.33,15.0
mutate_parent,1,88,100,12.299999999999999,13.212927659912932,18.091930232165087,1.141631553929859,12.299999999999999,4450,13.95,15.0
mutate_parent,1,89,100,12.299999999999999,13.37117330462778,18.065941943351177,1.3163245704512814,12.299999999999999,4500,14.14,15.0
mutate_parent,1,90,100,12.299999999999999,13.382566504548873,17.2770329614269,1.2522120578720213,12.299999999999999,4550,14.1,15.0
mutate_parent,1,91,100,12.299999999999999,13.175989670550809,18.091930232165087,1.242431738911594,12.299999999999999,4600,13.99,15.0
mutate_parent,1,92,100,12.299999999999999,13.26949181754822,17.27314991723711,1.1868881992407652,12.299999999999999,4650,13.85,15.0
mutate_parent,1,93,100,12.299999999999999,13.43541987470725,17.52610932182309,1.3998782637893208,12.299999999999999,4700,13.78,15.0
mutate_parent,1,94,100,12.299999999999999,13.235331239524676,17.656141357987224,1.1716437062378862,12.299999999999999,4750,14.22,15.0
mutate_parent,1,95,100,12.299999999999999,13.316001209418312,18.54928556845359,1.2656728884744193,12.299999999999999,4800,14.18,15.0
mutate_parent,1,96,100,12.299999999999999,13.40327134313106,18.88806130178211,1.4110148510272265,12.299999999999999,4850,14.02,15.0
mutate_parent,1,97,100,12.299999999999999,13.23990383306625,18.10554700852678,1.2677970139208645,12.299999999999999,4900,14.03,15.0
mutate_parent,1,98,100,12.299999999999999,13.263445298000422,17.73766385365573,1.3419705228374095,12.299999999999999,4950,14.25,15.0
mutate_parent,1,99,100,12.299999999999999,13.182665357758118,18.908304597359457,1.315065614045918,12.299999999999999,5000,14.29,15.0
mutate_parent,1,100,100,12.299999999999999,13.186047615873013,17.636809247747852,1.2176909953189146,12.299999999999999,5050,14.45,15.0
mutate_parent,2,0,50,15.32828568570857,18.015092069939957,21.338181191654584,1.3651552352002252,15.32828568570857,50,9.18,15.0
mutate_parent,2,1,100,14.970540018881465,17.732026944719077,21.93238075793812,1.3805812079864188,14.970540018881465,100,8.79,12.0
mutate_parent,2,2,100,14.326549190084311,16.751680126753094,19.85808937493144,0.8279384541411975,14.326549190084311,150,9.24,10.0
mutate_parent,2,3,100,14.326549190084311,16.28446429411558,19.61555394056826,0.805651598404567,14.326549190084311,200,9.42,10.0
mutate_parent,2,4,100,14.326549190084311,15.893765838290019,18.23801313572141,0.6750610551259403,14.326549190084311,250,10.16,10.0
mutate_parent,2,5,100,14.326549190084311,15.696089604351823,18.584943324127924,0.8027332171204786,14.326549190084311,300,10.43,10.0
mutate_parent,2,6,100,14.326549190084311,15.476744184434478,18.857066051117283,0.744185497853495,14.326549190084311,350,11.09,10.0
mutate_parent,2,7,100,14.326549190084311,15.301094119218192,17.932364259186606,0.6349278711998978,14.326549190084311,400,10.91,10.0
mutate_parent,2,8,100,14.326549190084311,15.272093951371339,18.088435821108956,0.6923021422555672,14.326549190084311,450,10.96,10.0
mutate_parent,2,9,100,13.4,15.02612070950003,17.407440918375926,0.5960174392262535,13.4,500,10.81,13.0
mutate_parent,2,10,100,13.4,15.08637998907483,17.339337940912696,0.6870442939165753,13.4,550,10.69,13.0
mutate_parent,2,11,100,13.4,15.030254070686835,17.385830114561003,0.7769964772886477,13.4,600,10.97,13.0
mutate_parent,2,12,100,13.4,14.94189423046381,17.534192325759246,0.7803377396379714,13.4,650,11.23,13.0
mutate_parent,2,13,100,13.4,14.889758220631807,18.00908153700972,0.8502736601590134,13.4,700,10.9,13.0
mutate_parent,2,14,100,13.4,14.798011923389733,17.400000000000002,0.7795141070607415,13.4,750,11.06,13.0
mutate_parent,2,15,100,13.4,14.63544749858587,17.569215113223347,0.7377055083147158,13.4,800,11.08,13.0
mutate_parent,2,16,100,13.4,14.842706267956302,19.737663853655725,0.990602257977148,13.4,850,11.65,13.0
mutate_parent,2,17,100,13.4,14.68201938494508,17.760681686165903,0.8837569940511336,13.4,900,11.73,13.0
mutate_parent,2,18,100,13.4,14.757543888895416,19.36397674405503,1.011249772796762,13.4,950,11.63,13.0
mutate_parent,2,19,100,13.4,14.609671851203268,16.900000000000002,0.7944162775401896,13.4,1000,11.89,13.0
mutate_parent,2,20,100,13.4,14.519338372582627,16.743835071544513,0.8085634961045685,13.4,1050,12.12,13.0
mutate_parent,2,21,100,13.4,14.580473867024306,18.23238075793812,0.9806827671736285,13.4,1100,12.04,13.0
mutate_parent,2,22,100,13.4,14.43308654866397,17.872004514666937,0.8237258653098286,13.4,1150,12.17,13.0
mutate_parent,2,23,100,13.4,14.423174520801178,17.660107523773828,0.8586663379041707,13.4,1200,12.33,13.0
mutate_parent,2,24,100,13.4,14.193601306383623,16.949761899362674,0.5872631382415663,13.4,1250,12.49,13.0
mutate_parent,2,25,100,13.4,14.576077549914306,17.224807680927192,1.0286707068520449,13.4,1300,12.11,13.0
mutate_parent,2,26,100,13.4,14.488598807644387,19.577902338672775,1.1712136057336768,13.4,1350,12.3,13.0
mutate_parent,2,27,100,13.4,14.228383018403731,16.8132473986153,0.7561379650146506,13.4,1400,12.36,13.0
mutate_parent,2,28,100,13.4,14.50758577947763,17.57763888346312,1.097216612400856,13.4,1450,12.62,13.0
mutate_parent,2,29,100,13.4,14.255072647965049,17.6431676725155,0.9019233744521283,13.4,1500,12.51,13.0
mutate_parent,2,30,100,13.4,14.313745871216613,17.540758070878027,0.9349637989780274,13.4,1550,12.35,13.0
mutate_parent,2,31,100,13.4,14.23553448264871,17.51657508881031,0.8778111698564591,13.4,1600,12.57,13.0
mutate_parent,2,32,100,13.4,14.33609568506151,17.866431913239847,0.9653662897137953,13.4,1650,12.61,13.0
mutate_parent,2,33,100,13.322497216032183,14.155196462625673,16.42718872423573,0.736388999855131,13.322497216032183,1700,12.76,13.0
mutate_parent,2,34,100,13.322497216032183,14.399630951091185,17.429705854077834,1.1028113072479788,13.322497216032183,1750,12.38,13.0
mutate_parent,2,35,100,13.322497216032183,14.273945730796859,17.30094331227943,0.9205381541223694,13.322497216032183,1800,12.77,13.0
mutate_parent,2,36,100,13.322497216032183,14.239749413060387,17.609251334519406,0.9279551570187715,13.322497216032183,1850,12.29,13.0
mutate_parent,2,37,100,13.322497216032183,14.197093672925654,18.344994432064368,0.916337233731797,13.322497216032183,1900,12.75,13.0
mutate_parent,2,38,100,13.322497216032183,14.107053994305424,16.765570056765576,0.8192621518235417,13.322497216032183,1950,12.75,13.0
mutate_parent,2,39,100,13.322497216032183,14.25599169991323,18.257583690279024,1.0293388980292935,13.322497216032183,2000,12.45,13.0
mutate_parent,2,40,100,13.322497216032183,14.103893563775088,18.097617696340304,0.9270132195194568,13.322497216032183,2050,12.18,13.0
mutate_parent,2,41,100,13.322497216032183,14.305696321171219,17.225444142409902,1.0540793481537656,13.322497216032183,2100,12.24,13.0
mutate_parent,2,42,100,13.279795897113273,14.092388927955067,16.857641145488902,0.8031280502622539,13.279795897113273,2150,12.68,13.0
mutate_parent,2,43,100,13.279795897113273,14.09605520301072,18.01489282489182,0.8953681996261059,13.279795897113273,2200,12.27,13.0
mutate_parent,2,44,100,13.279795897113273,14.181174096674754,17.932364259186606,1.0071509287057263,13.279795897113273,2250,12.45,13.0
mutate_parent,2,45,100,13.279795897113273,14.0952829064352,16.71040538832228,0.8418930817425204,13.279795897113273,2300,12.7,13.0
mutate_parent,2,46,100,13.279795897113273,14.06773984257693,19.843024810940587,0.9888317493447542,13.279795897113273,2350,12.35,13.0
mutate_parent,2,47,100,13.026649916142159,14.137365845255006,17.38252262107277,0.9726564830903284,13.026649916142159,2400,12.35,12.0
mutate_parent,2,48,100,13.026649916142159,14.073574678674246,17.53868107973205,0.9717069349970472,13.026649916142159,2450,12.46,12.0
mutate_parent,2,49,100,13.026649916142159,14.010309211881518,17.991454509095757,0.8977454562071701,13.026649916142159,2500,12.43,12.0
mutate_parent,2,50,100,13.026649916142159,14.069337144753602,16.963332257370233,0.89434052668732,13.026649916142159,2550,12.37,12.0
mutate_parent,2,51,100,13.026649916142159,13.9882623174486,17.666877632905475,0.8560897082989068,13.026649916142159,2600,12.27,12.0
mutate_parent,2,52,100,13.026649916142159,14.16305125496941,17.801514803843837,1.1333315854727948,13.026649916142159,2650,12.49,12.0
mutate_parent,2,53,100,12.889897948556635,14.036720621740631,17.609251334519406,0.9917119738910808,12.889897948556635,2700,12.14,14.0
mutate_parent,2,54,100,12.889897948556635,14.044712985862322,17.408304597359457,0.978635376673528,12.889897948556635,2750,12.38,14.0
mutate_parent,2,55,100,12.889897948556635,14.089584970191934,18.381742422927143,1.054875573424423,12.889897948556635,2800,12.21,14.0
mutate_parent,2,56,100,12.889897948556635,13.963901131309035,17.122862220715,1.0265237610476319,12.889897948556635,2850,12.08,14.0
mutate_parent,2,57,100,12.889897948556635,14.032228805980921,17.872004514666937,1.173992991761967,12.889897948556635,2900,12.34,14.0
mutate_parent,2,58,100,12.889897948556635,13.973648100400432,17.419090595827292,0.998335573664302,12.889897948556635,2950,12.31,14.0
mutate_parent,2,59,100,12.889897948556635,13.784348701171677,18.43469899493758,0.835929924750928,12.889897948556635,3000,12.46,14.0
mutate_parent,2,60,100,12.889897948556635,13.780929004887303,16.235270009440733,0.8340945942486652,12.889897948556635,3050,12.57,14.0
mutate_parent,2,61,100,12.448999599679679,13.682165281324366,16.803060268852505,0.8054785277381392,12.448999599679679,3100,12.33,13.0
mutate_parent,2,62,100,12.448999599679679,13.730152602117194,16.870828693386972,0.8867364569931367,12.448999599679679,3150,12.44,13.0
mutate_parent,2,63,100,12.448999599679679,13.577946584868931,17.57907545067406,0.7934662432300917,12.448999599679679,3200,12.73,13.0
mutate_parent,2,64,100,12.448999599679679,13.69054135647236,17.74131112314674,0.9287411057030474,12.448999599679679,3250,12.24,13.0
mutate_parent,2,65,100,12.448999599679679,13.63538578036477,16.432493928760188,0.8077619844743495,12.448999599679679,3300,12.33,13.0
mutate_parent,2,66,100,12.448999599679679,13.73464080403645,19.117935662402836,1.0946691471945074,12.448999599679679,3350,12.72,13.0
mutate_parent,2,67,100,12.448999599679679,13.561368742888579,17.67979589711327,0.8239459401179918,12.448999599679679,3400,12.54,13.0
mutate_parent,2,68,100,12.448999599679679,13.725270787893983,17.515167380558044,0.9771726433667051,12.448999599679679,3450,12.63,13.0
mutate_parent,2,69,100,12.448999599679679,13.661111589542259,16.18330013267038,0.9088993257937326,12.448999599679679,3500,12.24,13.0
mutate_parent,2,70,100,12.448999599679679,13.598703922787722,18.8,0.986858203001883,12.448999599679679,3550,12.73,13.0
mutate_parent,2,71,100,12.448999599679679,13.64307565818201,16.251881339845202,0.8323005681359797,12.448999599679679,3600,12.49,13.0
mutate_parent,2,72,100,12.448999599679679,13.635712934901873,16.39317652729776,0.8858086539326863,12.448999599679679,3650,12.54,13.0
mutate_parent,2,73,100,12.448999599679679,13.636594046342259,16.310856753359403,0.8530969721473071,12.448999599679679,3700,12.56,13.0
mutate_parent,2,74,100,12.448999599679679,13.526230305488767,16.810856753359403,0.8758640973800769,12.448999599679679,3750,12.5,13.0
mutate_parent,2,75,100,12.448999599679679,13.5780311773465,16.727566688249706,0.9420782007811532,12.448999599679679,3800,12.42,13.0
mutate_parent,2,76,100,12.448999599679679,13.498642405068624,16.208687448721165,0.8727369211732668,12.448999599679679,3850,12.49,13.0
mutate_parent,2,77,100,12.448999599679679,13.592558529128542,15.978232998312528,0.9158682043990682,12.448999599679679,3900,12.42,13.0
mutate_parent,2,78,100,12.448999599679679,13.470132776366938,17.98328677803526,0.989502251872116,12.448999599679679,3950,12.5,13.0
mutate_parent,2,79,100,12.2295630140987,13.507194944231358,17.27211421989835,0.9741857667868513,12.2295630140987,4000,12.57,13.0
mutate_parent,2,80,100,12.2295630140987,13.35292793041972,17.260681686165903,0.8760968520686383,12.2295630140987,4050,12.55,13.0
mutate_parent,2,81,100,12.2295630140987,13.641846696468965,17.807878402833893,1.21098800422589,12.2295630140987,4100,12.7,13.0
mutate_parent,2,82,100,12.2295630140987,13.45433166357098,17.460970061472082,1.0506321831670618,12.2295630140987,4150,12.75,13.0
mutate_parent,2,83,100,12.2295630140987,13.425695964438795,16.615167380558045,0.9413959133002094,12.2295630140987,4200,12.67,13.0
mutate_parent,2,84,100,12.2295630140987,13.518985434320314,17.567366884975474,1.1023696183697838,12.2295630140987,4250,12.61,13.0
mutate_parent,2,85,100,12.2295630140987,13.33298347397601,16.555294535724684,0.8938876418519397,12.2295630140987,4300,12.81,13.0
mutate_parent,2,86,100,12.2295630140987,13.467756715009209,18.667815921162745,1.1210976955163443,12.2295630140987,4350,12.89,13.0
mutate_parent,2,87,100,12.2295630140987,13.295113583087762,17.136664289109586,0.9222141821828965,12.2295630140987,4400,12.93,13.0
mutate_parent,2,88,100,12.2295630140987,13.265613455823516,16.11283361405006,0.8660157788961588,12.2295630140987,4450,12.96,13.0
mutate_parent,2,89,100,12.2295630140987,13.35632168064474,17.013552872566006,0.9988851224639199,12.2295630140987,4500,13.04,13.0
mutate_parent,2,90,100,12.2295630140987,13.224444113004129,17.314944167960988,0.9641133546041872,12.2295630140987,4550,12.91,13.0
mutate_parent,2,91,100,12.2295630140987,13.287894878342849,16.381742422927143,0.9396150627476755,12.2295630140987,4600,12.82,13.0
mutate_parent,2,92,100,12.2295630140987,13.290789226982321,16.239071942966532,0.9986573384661565,12.2295630140987,4650,12.89,13.0
mutate_parent,2,93,100,12.2295630140987,13.175317727827196,15.949705872175155,0.8583034501995557,12.2295630140987,4700,12.88,13.0
mutate_parent,2,94,100,12.2295630140987,13.403299428511605,17.540658617698014,1.1140553425427162,12.2295630140987,4750,12.88,13.0
mutate_parent,2,95,100,12.2295630140987,13.294531169066364,16.80384048104053,1.0690415418778123,12.2295630140987,4800,12.9,13.0
mutate_parent,2,96,100,12.2295630140987,13.201354144174541,16.10554700852678,0.9380682474546503,12.2295630140987,4850,12.76,13.0
mutate_parent,2,97,100,12.2295630140987,13.265723869290401,16.63907194296653,1.0425801466580997,12.2295630140987,4900,12.85,13.0
mutate_parent,2,98,100,12.2295630140987,13.267878602438794,17.437663853655728,1.0246569870285347,12.2295630140987,4950,12.62,13.0
mutate_parent,2,99,100,12.2295630140987,13.170957671128724,15.824349662087931,0.8992724355943638,12.2295630140987,5000,12.75,13.0
mutate_parent,2,100,100,12.2295630140987,13.208333223768907,16.427566688249705,0.9994708661601988,12.2295630140987,5050,12.84,13.0
mutate_parent,3,0,50,15.417800560721073,18.035084151005652,20.737663853655725,1.3190015439419236,15.417800560721073,50,11.06,13.0
mutate_parent,3,1,100,15.417800560721073,17.712761370973386,20.737663853655725,1.2755609409665547,15.417800560721073,100,10.21,13.0
mutate_parent,3,2,100,14.970540018881465,16.79541997837777,20.648199740725325,0.8473491593901152,14.970540018881465,150,9.55,12.0
mutate_parent,3,3,100,14.686819245752298,16.198486024913915,17.964965543462903,0.6136928024801668,14.686819245752298,200,10.45,10.0
mutate_parent,3,4,100,14.686819245752298,15.793736130114848,17.131098884280703,0.4717162983139364,14.686819245752298,250,11.24,10.0
mutate_parent,3,5,100,14.522327839240491,15.626075554731129,17.43534100123922,0.6098183493736395,14.522327839240491,300,10.36,10.0
mutate_parent,3,6,100,14.494438717061497,15.434029417345103,17.544155686354955,0.5629739694080808,14.494438717061497,350,10.68,13.0
mutate_parent,3,7,100,14.015167380558044,15.404670630558329,17.729872518944557,0.7019649220023967,14.015167380558044,400,10.87,12.0
mutate_parent,3,8,100,14.015167380558044,15.299054051556976,17.520897306865447,0.6242571277455156,14.015167380558044,450,11.0,12.0
mutate_parent,3,9,100,14.015167380558044,15.210597671984575,17.354515615568197,0.6588434894936752,14.015167380558044,500,11.21,12.0
mutate_parent,3,10,100,14.015167380558044,15.034103471736012,17.090732788777423,0.5131016079007296,14.015167380558044,550,11.42,12.0
mutate_parent,3,11,100,14.015167380558044,15.074282620785134,18.72574776766556,0.757651592669028,14.015167380558044,600,11.88,12.0
mutate_parent,3,12,100,13.95472369909914,14.975865158179495,17.22474487139159,0.6811353245247393,13.95472369909914,650,11.86,13.0
mutate_parent,3,13,100,13.95472369909914,14.842330652511537,16.976819745345026,0.6693100946056578,13.95472369909914,700,11.99,13.0
mutate_parent,3,14,100,13.95472369909914,14.66010982350456,17.95870331449229,0.6272988597623673,13.95472369909914,750,11.89,13.0
mutate_parent,3,15,100,13.763976744055029,14.610164320931613,16.53033476111609,0.5900339493577142,13.763976744055029,800,11.94,12.0
mutate_parent,3,16,100,13.605547008526779,14.644016625636155,17.15371150739731,0.6968962818019315,13.605547008526779,850,12.17,12.0
mutate_parent,3,17,100,13.605547008526779,14.620214225210372,18.2343879744639,0.7993223387982394,13.605547008526779,900,12.15,12.0
mutate_parent,3,18,100,13.605547008526779,14.730451679160451,18.900000000000002,1.0769679987797365,13.605547008526779,950,12.16,12.0
mutate_parent,3,19,100,13.605547008526779,14.37379801480541,17.090732788777423,0.6313017430218982,13.605547008526779,1000,12.05,12.0
mutate_parent,3,20,100,13.577902338672773,14.546434913449131,18.01662062579967,0.9214093645663631,13.577902338672773,1050,11.65,11.0
mutate_parent,3,21,100,13.303329637837292,14.534664770860314,18.064965543462904,0.9906083566426208,13.303329637837292,1100,11.91,12.0
mutate_parent,3,22,100,13.303329637837292,14.357284770462076,17.15371150739731,0.7775512347714368,13.303329637837292,1150,11.62,12.0
mutate_parent,3,23,100,13.303329637837292,14.379236617858332,19.239071942966532,0.9069917592864872,13.303329637837292,1200,11.72,12.0
mutate_parent,3,24,100,13.303329637837292,14.303580812941835,17.088409872672514,0.8104595373846312,13.303329637837292,1250,11.64,12.0
mutate_parent,3,25,100,13.303329637837292,14.248491014834128,16.658325879540847,0.7670474846318165,13.303329637837292,1300,11.65,12.0
mutate_parent,3,26,100,12.978232998312528,14.115002045824706,15.8293765408777,0.6056796172460509,12.978232998312528,1350,11.47,14.0
mutate_parent,3,27,100,12.978232998312528,14.076776275945301,15.948999599679679,0.659844773966849,12.978232998312528,1400,11.67,14.0
mutate_parent,3,28,100,12.948999599679679,14.030624419902246,16.28997487421324,0.7175493163053474,12.948999599679679,1450,11.54,13.0
mutate_parent,3,29,100,12.948999599679679,14.008608451698471,16.381780460041327,0.8249619027361432,12.948999599679679,1500,11.85,13.0
mutate_parent,3,30,100,12.948999599679679,13.943173480777546,19.659126028197402,0.8450955877838137,12.948999599679679,1550,12.07,13.0
mutate_parent,3,31,100,12.709901951359278,14.025343490387788,17.265570056765576,0.9612820046573683,12.709901951359278,1600,12.03,14.0
mutate_parent,3,32,100,12.709901951359278,13.909403803936552,16.615930449020638,0.8232204373520585,12.709901951359278,1650,12.18,14.0
mutate_parent,3,33,100,12.709901951359278,13.843190568750353,17.181449618829486,0.8594091837005554,12.709901951359278,1700,12.4,14.0
mutate_parent,3,34,100,12.709901951359278,13.771902878667627,18.369535971483266,0.9315856402920006,12.709901951359278,1750,12.69,14.0
mutate_parent,3,35,100,12.589897948556635,13.750504195192288,17.060107523773826,0.8242068131562069,12.589897948556635,1800,13.0,14.0
mutate_parent,3,36,100,12.589897948556635,13.761640429852783,17.256465996625053,0.8487499335221822,12.589897948556635,1850,12.99,14.0
mutate_parent,3,37,100,12.589897948556635,13.652951644099364,16.310856753359403,0.7625271512066171,12.589897948556635,1900,13.12,14.0
mutate_parent,3,38,100,12.589897948556635,13.682251339988671,17.870828693386972,0.949670622608028,12.589897948556635,1950,12.98,14.0
mutate_parent,3,39,100,12.589897948556635,13.704449555206201,17.17979589711327,0.9066801784275332,12.589897948556635,2000,13.2,14.0
mutate_parent,3,40,100,12.589897948556635,13.687391258828397,18.63527000944073,0.9634095671737813,12.589897948556635,2050,13.14,14.0
mutate_parent,3,41,100,12.589897948556635,13.716256332855428,16.960232526704264,1.0199549342763112,12.589897948556635,2100,13.12,14.0
mutate_parent,3,42,100,12.589897948556635,13.701574043403882,17.56287388383278,0.9240781632979552,12.589897948556635,2150,13.19,14.0
mutate_parent,3,43,100,12.569535971483266,13.50718763843028,18.26023252670426,0.9001274391619057,12.569535971483266,2200,13.27,13.0
mutate_parent,3,44,100,12.569535971483266,13.498100758744123,17.92756668824971,0.8334559187371958,12.569535971483266,2250,13.36,13.0
mutate_parent,3,45,100,12.569535971483266,13.544365117235818,16.948683298050515,0.9124014216827495,12.569535971483266,2300,13.1,13.0
mutate_parent,3,46,100,12.569535971483266,13.478819773666512,18.43846820423443,0.9588453818429983,12.569535971483266,2350,12.94,13.0
mutate_parent,3,47,100,12.569535971483266,13.538100015060355,18.063818169698585,0.9928943944303563,12.569535971483266,2400,13.08,13.0
mutate_parent,3,48,100,12.569535971483266,13.425655098888999,16.547722557505168,0.8268048477083322,12.569535971483266,2450,13.18,13.0
mutate_parent,3,49,100,12.569535971483266,13.431440671576333,16.8295630140987,0.8757602907731603,12.569535971483266,2500,13.12,13.0
mutate_parent,3,50,100,12.548808848170152,13.272647804599881,16.420465053408524,0.7062643936717781,12.548808848170152,2550,13.1,13.0
mutate_parent,3,51,100,12.548808848170152,13.38633421754219,16.840967364599084,0.9181640024514112,12.548808848170152,2600,12.94,13.0
mutate_parent,3,52,100,12.334846922834952,13.34962597809054,17.40454076850486,0.879231646449739,12.334846922834952,2650,13.0,13.0
mutate_parent,3,53,100,12.334846922834952,13.316195844605705,15.700000000000001,0.7916155158452032,12.334846922834952,2700,12.97,13.0
mutate_parent,3,54,100,12.334846922834952,13.53949338738204,18.09666295470958,1.1690044528765497,12.334846922834952,2750,12.99,13.0
mutate_parent,3,55,100,12.334846922834952,13.319621093234934,16.70332963783729,0.8682369679862114,12.334846922834952,2800,13.02,13.0
mutate_parent,3,56,100,12.334846922834952,13.304370502606229,16.13527000944073,0.8331978815351158,12.334846922834952,2850,13.05,13.0
mutate_parent,3,57,100,12.334846922834952,13.280129502218424,15.679795897113271,0.7743776071711351,12.334846922834952,2900,13.13,13.0
mutate_parent,3,58,100,12.334846922834952,13.319230154126542,17.881742422927143,0.9515859286705375,12.334846922834952,2950,13.05,13.0
mutate_parent,3,59,100,12.334846922834952,13.32903774032872,16.93469899493758,0.9800789154588343,12.334846922834952,3000,12.75,13.0
mutate_parent,3,60,100,12.334846922834952,13.268333430715064,16.061455150532503,0.902200326276204,12.334846922834952,3050,13.09,13.0
mutate_parent,3,61,100,12.334846922834952,13.27796540977676,16.520465053408525,0.9362386014546861,12.334846922834952,3100,12.86,13.0
mutate_parent,3,62,100,12.334846922834952,13.13249906336674,15.048808848170152,0.6920312589363553,12.334846922834952,3150,13.09,13.0
mutate_parent,3,63,100,12.334846922834952,13.37641278264544,17.95472369909914,1.0419372665904092,12.334846922834952,3200,13.13,13.0
mutate_parent,3,64,100,12.334846922834952,13.243614015413833,15.949719092257398,0.8981060561670475,12.334846922834952,3250,13.06,13.0
mutate_parent,3,65,100,12.334846922834952,13.368762306642324,17.140175425099137,1.0004246475317644,12.334846922834952,3300,13.17,13.0
mutate_parent,3,66,100,12.299999999999999,13.243578134373422,16.26332495807108,0.8606748758851188,12.299999999999999,3350,13.11,14.0
mutate_parent,3,67,100,12.299999999999999,13.22501499448267,16.788078318274383,0.9013170805225593,12.299999999999999,3400,13.04,14.0
mutate_parent,3,68,100,12.299999999999999,13.29856220937977,16.6,1.018740751748219,12.299999999999999,3450,13.17,14.0
mutate_parent,3,69,100,12.299999999999999,13.248166735607796,16.588409872672514,0.8855136012851637,12.299999999999999,3500,13.09,14.0
mutate_parent,3,70,100,12.299999999999999,13.343288670675935,17.336660026534076,1.1173127763445716,12.299999999999999,3550,13.02,14.0
mutate_parent,3,71,100,12.299999999999999,13.182907217656803,17.97763888346312,1.005827333219394,12.299999999999999,3600,13.22,14.0
mutate_parent,3,72,100,12.299999999999999,13.246522488744658,17.99373774505092,1.0215646070727822,12.299999999999999,3650,13.17,14.0
mutate_parent,3,73,100,12.299999999999999,13.293682430334506,17.488409872672513,1.0524551355028866,12.299999999999999,3700,13.06,14.0
mutate_parent,3,74,100,12.299999999999999,13.281441878713938,18.178839135311737,1.1073758971336851,12.299999999999999,3750,12.93,14.0
mutate_parent,3,75,100,12.299999999999999,13.230292356982705,16.894427190999917,1.0085672428600818,12.299999999999999,3800,12.94,14.0
mutate_parent,3,76,100,12.299999999999999,13.252079790423336,16.834846922834956,1.0866201300730063,12.299999999999999,3850,12.99,14.0
mutate_parent,3,77,100,12.299999999999999,13.009127258035724,15.419803902718558,0.7480222396451961,12.299999999999999,3900,13.25,14.0
mutate_parent,3,78,100,12.299999999999999,13.08364578737138,15.343908891458577,0.8155495871490737,12.299999999999999,3950,13.31,14.0
mutate_parent,3,79,100,12.299999999999999,13.253421124061761,17.369535971483266,1.0767120340592085,12.299999999999999,4000,13.34,14.0
mutate_parent,3,80,100,12.299999999999999,13.1622194772772,16.21952378498044,0.9268150538570484,12.299999999999999,4050,13.22,14.0
mutate_parent,3,81,100,12.299999999999999,13.061774034713793,17.16770782520313,1.0018308017790352,12.299999999999999,4100,13.41,14.0
mutate_parent,3,82,100,12.299999999999999,13.090235899974921,16.322497216032183,0.9218888988219245,12.299999999999999,4150,13.32,14.0
mutate_parent,3,83,100,12.299999999999999,13.090428740507196,17.134846922834953,0.965295655225017,12.299999999999999,4200,13.19,14.0
mutate_parent,3,84,100,12.299999999999999,13.03811071020657,16.460232526704264,0.8663023698901081,12.299999999999999,4250,13.56,14.0
mutate_parent,3,85,100,12.299999999999999,13.009930106850902,16.03868107973205,0.854764876703675,12.299999999999999,4300,13.13,14.0
mutate_parent,3,86,100,12.299999999999999,13.235551852350945,16.512403840463595,1.101469360602557,12.299999999999999,4350,13.05,14.0
mutate_parent,3,87,100,12.299999999999999,13.28300598237555,18.18910462845192,1.1839055759701411,12.299999999999999,4400,13.1,14.0
mutate_parent,3,88,100,12.299999999999999,13.23706012575846,16.907567081708244,1.1656139933109815,12.299999999999999,4450,13.22,14.0
mutate_parent,3,89,100,12.299999999999999,12.964328040525402,16.163818169698587,0.7922115423436638,12.299999999999999,4500,13.38,14.0
mutate_parent,3,90,100,12.274165738677395,12.98917552225554,15.577708763999663,0.8237364826957463,12.274165738677395,4550,13.44,14.0
mutate_parent,3,91,100,12.274165738677395,13.164821263624397,17.560107523773826,1.1119289463196027,12.274165738677395,4600,13.39,14.0
mutate_parent,3,92,100,12.274165738677395,12.876527468389158,15.413135192987523,0.7075664888859958,12.274165738677395,4650,13.31,14.0
mutate_parent,3,93,100,12.274165738677395,13.131533958965136,17.1,1.057643200419641,12.274165738677395,4700,13.42,14.0
mutate_parent,3,94,100,12.274165738677395,13.015983321122585,16.707106781186546,0.9019900271013859,12.274165738677395,4750,13.43,14.0
mutate_parent,3,95,100,12.274165738677395,12.928909502109198,15.557583690279023,0.7866378008535709,12.274165738677395,4800,13.47,14.0
mutate_parent,3,96,100,12.274165738677395,13.108846865792488,17.43095064303001,1.0433756664019163,12.274165738677395,4850,13.53,14.0
mutate_parent,3,97,100,12.274165738677395,13.170973813812504,16.22736184954957,1.0976566177435676,12.274165738677395,4900,13.48,14.0
mutate_parent,3,98,100,12.274165738677395,13.076874458561495,17.422497216032184,1.050360625138558,12.274165738677395,4950,13.55,14.0
mutate_parent,3,99,100,12.274165738677395,13.164972846658397,16.830950643030008,1.0802725658105519,12.274165738677395,5000,13.69,14.0
mutate_parent,3,100,100,12.274165738677395,12.971644786360393,15.889897948556635,0.870416892214632,12.274165738677395,5050,13.47,14.0
mutate_parent,4,0,50,15.693325909419151,17.784657687183213,20.880972058177587,1.1972221048836298,15.693325909419151,50,11.22,11.0
mutate_parent,4,1,100,15.157342370508884,17.546747879972287,20.880972058177587,1.2139394969050619,15.157342370508884,100,10.35,11.0
mutate_parent,4,2,100,15.157342370508884,16.61143691750473,18.71882341631134,0.6935281652543195,15.157342370508884,150,9.68,11.0
mutate_parent,4,3,100,14.985677655436824,16.15519395245258,18.70199920063936,0.5736138579751648,14.985677655436824,200,9.3,11.0
mutate_parent,4,4,100,14.985677655436824,16.056481996429753,19.397999199359358,0.745735427092704,14.985677655436824,250,8.98,11.0
mutate_parent,4,5,100,14.741653005427766,15.9623866016397,18.586651818838305,0.7907791109781399,14.741653005427766,300,9.5,11.0
mutate_parent,4,6,100,13.922497216032184,15.69214329852004,18.61555394056826,0.710246485107732,13.922497216032184,350,9.31,13.0
mutate_parent,4,7,100,13.9,15.575679911608766,18.629705854077837,0.8063704905113473,13.9,400,10.06,16.0
mutate_parent,4,8,100,13.9,15.39744462812381,18.425804665451803,0.80585866416659,13.9,450,10.59,16.0
mutate_parent,4,9,100,13.9,15.300634476313128,17.627706698044765,0.7108391676332212,13.9,500,10.67,16.0
mutate_parent,4,10,100,13.569535971483266,15.153477375816808,20.04964786985977,0.8589333471870656,13.569535971483266,550,11.29,13.0
mutate_parent,4,11,100,13.569535971483266,15.148274437457415,19.3,0.9755625403036623,13.569535971483266,600,11.72,13.0
mutate_parent,4,12,100,13.112403840463596,14.867344102538699,18.54833147735479,0.8872643239697541,13.112403840463596,650,11.75,14.0
mutate_parent,4,13,100,13.112403840463596,14.833438615033304,18.739071942966532,1.083540632873893,13.112403840463596,700,12.15,14.0
mutate_parent,4,14,100,13.112403840463596,14.709963981721465,17.920465053408524,0.9816691714197383,13.112403840463596,750,12.66,14.0
mutate_parent,4,15,100,13.112403840463596,14.497634736075833,17.956465996625056,0.8923668279887312,13.112403840463596,800,12.86,14.0
mutate_parent,4,16,100,13.112403840463596,14.502240019721157,18.464965543462903,1.0809911374415622,13.112403840463596,850,12.84,14.0
mutate_parent,4,17,100,13.112403840463596,14.407012389026947,17.983239697419133,0.9850237869662066,13.112403840463596,900,13.2,14.0
mutate_parent,4,18,100,13.112403840463596,14.371509252706831,18.26843871413581,1.0712371796787645,13.112403840463596,950,13.31,14.0
mutate_parent,4,19,100,13.112403840463596,14.352453443051704,19.84390889145858,1.0985095071610542,13.112403840463596,1000,13.43,14.0
mutate_parent,4,20,100,13.112403840463596,14.132972393994107,18.32842712474619,0.89086919127319,13.112403840463596,1050,13.26,14.0
mutate_parent,4,21,100,13.112403840463596,14.203725728304043,18.12736184954957,1.0729436761720423,13.112403840463596,1100,13.24,14.0
mutate_parent,4,22,100,13.048808848170152,14.14224060960711,17.2644304369257,0.9261180185783606,13.048808848170152,1150,13.38,14.0
mutate_parent,4,23,100,13.048808848170152,14.160067028893872,18.735270009440733,1.116410979774445,13.048808848170152,1200,13.5,14.0
mutate_parent,4,24,100,13.048808848170152,14.023446208921575,17.84390889145858,0.9911463722143112,13.048808848170152,1250,13.7,14.0
mutate_parent,4,25,100,12.774165738677395,14.018422691771,18.161352984276697,1.0068187645939959,12.774165738677395,1300,13.18,15.0
mutate_parent,4,26,100,12.774165738677395,14.065831847187823,19.659126028197402,1.1540448788010196,12.774165738677395,1350,13.53,15.0
mutate_parent,4,27,100,12.774165738677395,13.959852781468204,18.070264048575666,0.9610476128619341,12.774165738677395,1400,13.73,15.0
mutate_parent,4,28,100,12.774165738677395,14.022059782163419,19.457342370508883,1.1650177058747404,12.774165738677395,1450,13.42,15.0
mutate_parent,4,29,100,12.774165738677395,13.912000577326582,18.085696017507576,1.021482406246537,12.774165738677395,1500,13.71,15.0
mutate_parent,4,30,100,12.774165738677395,13.952249916532852,18.085696017507576,1.092263144540115,12.774165738677395,1550,13.68,15.0
mutate_parent,4,31,100,12.774165738677395,13.966108428367974,17.357238094391548,1.0789165997040433,12.774165738677395,1600,13.55,15.0
mutate_parent,4,32,100,12.474165738677394,13.920446149687695,18.976819745345022,1.1879780673062188,12.474165738677394,1650,13.91,15.0
mutate_parent,4,33,100,12.474165738677394,13.783477492763428,17.42672195865408,0.9663771200485448,12.474165738677394,1700,13.68,15.0
mutate_parent,4,34,100,12.474165738677394,13.80072567177285,18.549193338482965,1.127654119976859,12.474165738677394,1750,13.75,15.0
mutate_parent,4,35,100,12.474165738677394,13.762713136674785,17.478232998312528,1.0232652821141972,12.474165738677394,1800,13.75,15.0
mutate_parent,4,36,100,12.474165738677394,13.667546241034328,18.161352984276697,0.9943712050643303,12.474165738677394,1850,13.63,15.0
mutate_parent,4,37,100,12.474165738677394,13.64827779809272,16.888762624632125,0.8863299358569472,12.474165738677394,1900,13.92,15.0
mutate_parent,4,38,100,12.474165738677394,13.743458923690858,17.219090595827293,1.0402725587582733,12.474165738677394,1950,13.75,15.0
mutate_parent,4,39,100,12.474165738677394,13.481848489304227,16.274596669241483,0.6717005152471993,12.474165738677394,2000,14.06,15.0
mutate_parent,4,40,100,12.474165738677394,13.541892416411184,16.449137674618942,0.7805680686635071,12.474165738677394,2050,14.08,15.0
mutate_parent,4,41,100,12.474165738677394,13.626899841724068,18.161352984276697,1.103990334628952,12.474165738677394,2100,13.98,15.0
mutate_parent,4,42,100,12.474165738677394,13.533848113097783,17.173572873361604,0.9193266251368533,12.474165738677394,2150,14.21,15.0
mutate_parent,4,43,100,12.474165738677394,13.577446857313348,18.049193338482965,1.0334445246638944,12.474165738677394,2200,14.02,15.0
mutate_parent,4,44,100,12.474165738677394,13.578160109064063,18.3,1.0969667137335977,12.474165738677394,2250,13.75,15.0
mutate_parent,4,45,100,12.474165738677394,13.485739172791309,17.800909015790026,0.9437182337874915,12.474165738677394,2300,14.13,15.0
mutate_parent,4,46,100,12.444948974278317,13.512110645149251,17.181449618829486,0.9770470120363014,12.444948974278317,2350,14.12,15.0
mutate_parent,4,47,100,12.444948974278317,13.462631230567936,17.2644304369257,0.9705567711731237,12.444948974278317,2400,13.95,15.0
mutate_parent,4,48,100,12.444948974278317,13.563379771120715,18.161352984276697,1.1061565061022205,12.444948974278317,2450,14.15,15.0
mutate_parent,4,49,100,12.444948974278317,13.596264552682188,17.10881590977792,1.1214260385330168,12.444948974278317,2500,14.35,15.0
mutate_parent,4,50,100,12.444948974278317,13.38863741703683,17.068775948927797,0.963887276426737,12.444948974278317,2550,14.53,15.0
mutate_parent,4,51,100,12.444948974278317,13.284436633316934,16.209901951359278,0.844374732494457,12.444948974278317,2600,14.37,15.0
mutate_parent,4,52,100,12.444948974278317,13.260626867747888,16.715974481593783,0.7796373581393564,12.444948974278317,2650,14.38,15.0
mutate_parent,4,53,100,12.444948974278317,13.431259033401691,17.62664991614216,1.0807405593040773,12.444948974278317,2700,14.25,15.0
mutate_parent,4,54,100,12.444948974278317,13.345694655823701,17.444366510251644,1.0474459799844948,12.444948974278317,2750,14.46,15.0
mutate_parent,4,55,100,12.444948974278317,13.259678513797693,16.664688270438848,0.897221845613427,12.444948974278317,2800,14.76,15.0
mutate_parent,4,56,100,12.444948974278317,13.236703621932758,16.676871642217915,0.8546718130992306,12.444948974278317,2850,14.62,15.0
mutate_parent,4,57,100,12.444948974278317,13.202119797690438,17.453720459187963,0.9741749823831962,12.444948974278317,2900,14.52,15.0
mutate_parent,4,58,100,12.444948974278317,13.264780635218457,17.29150262212918,0.9254724954840624,12.444948974278317,2950,14.38,15.0
mutate_parent,4,59,100,12.444948974278317,13.35779221708837,16.66770782520313,1.038267850162857,12.444948974278317,3000,14.62,15.0
mutate_parent,4,60,100,12.444948974278317,13.31143646965533,17.12736184954957,1.0072078894754248,12.444948974278317,3050,14.66,15.0
mutate_parent,4,61,100,12.444948974278317,13.15745997515253,17.77314991723711,0.9197015959052947,12.444948974278317,3100,14.61,15.0
mutate_parent,4,62,100,12.444948974278317,13.370762995081893,17.819950248448357,1.1617231534450638,12.444948974278317,3150,14.39,15.0
mutate_parent,4,63,100,12.444948974278317,13.236996047997515,17.112403840463596,0.970349247824867,12.444948974278317,3200,14.66,15.0
mutate_parent,4,64,100,12.444948974278317,13.352536004698386,16.84785670536077,1.1147503794936922,12.444948974278317,3250,14.29,15.0
mutate_parent,4,65,100,12.444948974278317,13.270381885556413,17.900000000000002,1.0865658499072968,12.444948974278317,3300,14.72,15.0
mutate_parent,4,66,100,12.444948974278317,13.345262905840979,17.62664991614216,1.1834456212080542,12.444948974278317,3350,14.71,15.0
mutate_parent,4,67,100,12.444948974278317,13.312166810176596,17.181449618829486,1.0590420799595026,12.444948974278317,3400,14.48,15.0
mutate_parent,4,68,100,12.444948974278317,13.263949272443499,17.65337735076593,1.063959723637298,12.444948974278317,3450,14.61,15.0
mutate_parent,4,69,100,12.444948974278317,13.29423638024552,19.27967389859482,1.2204077388419803,12.444948974278317,3500,14.42,15.0
mutate_parent,4,70,100,12.444948974278317,13.33003067628576,17.79283882771841,1.1727763956965576,12.444948974278317,3550,14.67,15.0
mutate_parent,4,71,100,12.444948974278317,13.14949814130785,18.108059278067504,1.0130728035985905,12.444948974278317,3600,14.49,15.0
mutate_parent,4,72,100,12.444948974278317,13.48802827110705,17.126785107312738,1.2811425403961578,12.444948974278317,3650,14.65,15.0
mutate_parent,4,73,100,12.444948974278317,13.22468969940289,17.756465996625053,1.105545322806077,12.444948974278317,3700,14.9,15.0
mutate_parent,4,74,100,12.444948974278317,13.3588877125208,17.640967364599085,1.3251435046306577,12.444948974278317,3750,14.48,15.0
mutate_parent,4,75,100,12.444948974278317,13.214211679965999,18.161352984276697,1.123434151086136,12.444948974278317,3800,14.55,15.0
mutate_parent,4,76,100,12.444948974278317,13.249369269050186,17.956465996625056,1.1096896932354388,12.444948974278317,3850,14.81,15.0
mutate_parent,4,77,100,12.444948974278317,13.227775074088811,17.235270009440733,1.0214720366049117,12.444948974278317,3900,14.74,15.0
mutate_parent,4,78,100,12.444948974278317,13.355853449460437,17.377032961426902,1.2563699650652123,12.444948974278317,3950,14.34,15.0
mutate_parent,4,79,100,12.444948974278317,13.276113469520846,17.640967364599085,1.1559618024874527,12.444948974278317,4000,14.6,15.0
mutate_parent,4,80,100,12.444948974278317,13.21614579219899,17.70936130717624,0.9888134306695452,12.444948974278317,4050,14.55,15.0
mutate_parent,4,81,100,12.444948974278317,13.32144442868411,17.48309518948453,1.1278400896672267,12.444948974278317,4100,14.62,15.0
mutate_parent,4,82,100,12.444948974278317,13.2172595760428,17.935112807463533,1.0354473206858479,12.444948974278317,4150,14.57,15.0
mutate_parent,4,83,100,12.444948974278317,13.293094638959042,17.548999599679682,1.151079541132156,12.444948974278317,4200,14.81,15.0
mutate_parent,4,84,100,12.444948974278317,13.33896254147709,17.389897948556634,1.1379551686249922,12.444948974278317,4250,14.78,15.0
mutate_parent,4,85,100,12.444948974278317,13.332527042860258,17.444366510251644,1.3086360750753292,12.444948974278317,4300,14.5,15.0
mutate_parent,4,86,100,12.444948974278317,13.390388102129888,17.444366510251644,1.242755882412024,12.444948974278317,4350,14.09,15.0
mutate_parent,4,87,100,12.444948974278317,13.192334601899933,17.671779788708136,0.9797187996881009,12.444948974278317,4400,14.72,15.0
mutate_parent,4,88,100,12.444948974278317,13.23222519144407,16.724807680927192,1.017828698091878,12.444948974278317,4450,14.69,15.0
mutate_parent,4,89,100,12.444948974278317,13.466147963216791,17.77314991723711,1.363847930045221,12.444948974278317,4500,14.39,15.0
mutate_parent,4,90,100,12.444948974278317,13.234121301066443,17.30990195135928,1.1456466469151292,12.444948974278317,4550,14.49,15.0
mutate_parent,4,91,100,12.444948974278317,13.199216672738567,17.020465053408525,1.0322322257956784,12.444948974278317,4600,14.77,15.0
mutate_parent,4,92,100,12.444948974278317,13.309058925400214,18.108059278067504,1.1223158890396536,12.444948974278317,4650,14.47,15.0
mutate_parent,4,93,100,12.444948974278317,13.214669804207373,17.444366510251644,1.1168587188783223,12.444948974278317,4700,14.59,15.0
mutate_parent,4,94,100,12.444948974278317,13.315069368252477,17.444366510251644,1.1915228212783984,12.444948974278317,4750,14.48,15.0
mutate_parent,4,95,100,12.444948974278317,13.250999404446825,17.181449618829486,1.0907388157315578,12.444948974278317,4800,14.69,15.0
mutate_parent,4,96,100,12.444948974278317,13.126866946367322,17.181449618829486,0.9647008863726082,12.444948974278317,4850,14.54,15.0
mutate_parent,4,97,100,12.444948974278317,13.375359514746298,17.26023252670426,1.2834585184601246,12.444948974278317,4900,14.39,15.0
mutate_parent,4,98,100,12.444948974278317,13.188112634473473,15.944948974278317,0.945046431128395,12.444948974278317,4950,14.76,15.0
mutate_parent,4,99,100,12.444948974278317,13.290467868930286,16.84297197830461,1.1135101464265904,12.444948974278317,5000,14.52,15.0
mutate_parent,4,100,100,12.444948974278317,13.109608855532917,17.93534100123922,0.9906566272531062,12.444948974278317,5050,14.57,15.0
mutate_parent,5,0,50,16.024913792078372,18.29736271463435,21.310693864511038,1.460017238065099,16.024913792078372,50,9.62,10.0
mutate_parent,5,1,100,15.293237062523877,17.844026677520354,21.310693864511038,1.299703022997621,15.293237062523877,100,9.67,10.0
mutate_parent,5,2,100,15.293237062523877,16.84830490229592,19.680614856144977,0.801710807809058,15.293237062523877,150,9.13,10.0
mutate_parent,5,3,100,14.540658617698012,16.295413630956286,18.58998327754521,0.6434347633851979,14.540658617698012,200,10.08,10.0
mutate_parent,5,4,100,14.130495168499706,15.893827353970558,17.64785670536077,0.5403648423193621,14.130495168499706,250,10.02,9.0
mutate_parent,5,5,100,14.130495168499706,15.672329998725962,17.525863986500212,0.5742661975959656,14.130495168499706,300,9.84,9.0
mutate_parent,5,6,100,14.016620625799671,15.523601196295607,17.828766584960547,0.7514267374069944,14.016620625799671,350,9.88,12.0
mutate_parent,5,7,100,13.957066051117286,15.151195756410605,16.92078831727758,0.57694402918921,13.957066051117286,400,10.17,13.0
mutate_parent,5,8,100,13.173320053068151,15.078396964351803,18.12883794381533,0.8284205398072869,13.173320053068151,450,10.12,12.0
mutate_parent,5,9,100,13.173320053068151,14.898961425155198,18.07402157263998,0.8169885362329257,13.173320053068151,500,10.26,12.0
mutate_parent,5,10,100,13.159126028197399,14.588746506952525,16.74004830889689,0.6434004247493935,13.159126028197399,550,10.38,11.0
mutate_parent,5,11,100,13.159126028197399,14.511064749179956,17.587761134463374,0.73463329108704,13.159126028197399,600,11.11,11.0
mutate_parent,5,12,100,12.919090595827292,14.463581582713015,17.251698748956503,0.843840325739805,12.919090595827292,650,10.71,12.0
mutate_parent,5,13,100,12.919090595827292,14.207240471428882,16.6254441424099,0.6509164141191999,12.919090595827292,700,11.18,12.0
mutate_parent,5,14,100,12.919090595827292,14.08938172932293,17.704714883949936,0.7246006357581111,12.919090595827292,750,11.27,12.0
mutate_parent,5,15,100,12.919090595827292,14.08506601747068,16.826368339802364,0.7901306051238861,12.919090595827292,800,11.5,12.0
mutate_parent,5,16,100,12.919090595827292,13.944111334283217,16.45411901469428,0.7591140257512126,12.919090595827292,850,11.39,12.0
mutate_parent,5,17,100,12.919090595827292,13.877782690868221,16.507440918375927,0.741042700957398,12.919090595827292,900,11.75,12.0
mutate_parent,5,18,100,12.919090595827292,13.959990164597155,18.288078318274383,1.0032910708824714,12.919090595827292,950,11.54,12.0
mutate_parent,5,19,100,12.919090595827292,13.784805685535716,16.62261107708929,0.7789162757903082,12.919090595827292,1000,11.66,12.0
mutate_parent,5,20,100,12.919090595827292,13.783549551819036,15.927566688249707,0.7390050298722959,12.919090595827292,1050,11.76,12.0
mutate_parent,5,21,100,12.422497216032184,13.75640368260103,16.223273151159457,0.79877010853067,12.422497216032184,1100,11.51,13.0
mutate_parent,5,22,100,12.422497216032184,13.752934520420583,16.70332963783729,0.8852491521786188,12.422497216032184,1150,11.83,13.0
mutate_parent,5,23,100,12.422497216032184,13.977414274875953,17.26023252670426,1.0953625048748103,12.422497216032184,1200,11.76,13.0
mutate_parent,5,24,100,12.422497216032184,13.740330051165252,16.37820925690384,0.9180802423377535,12.422497216032184,1250,11.72,13.0
mutate_parent,5,25,100,12.422497216032184,13.600556950724199,16.43095064303001,0.7794193140505574,12.422497216032184,1300,12.07,13.0
mutate_parent,5,26,100,12.422497216032184,13.7451323796684,16.816590212458493,0.9867431091700657,12.422497216032184,1350,11.81,13.0
mutate_parent,5,27,100,12.422497216032184,13.712556125572641,17.26468827043885,1.0328385002752478,12.422497216032184,1400,11.85,13.0
mutate_parent,5,28,100,12.422497216032184,13.7409113472632,17.83721152139079,1.023625650977013,12.422497216032184,1450,12.0,13.0
mutate_parent,5,29,100,12.422497216032184,13.76930097745935,17.449444375840397,1.0303018888810602,12.422497216032184,1500,11.69,13.0
mutate_parent,5,30,100,12.422497216032184,13.529495379529855,16.253720459187964,0.7786907885883033,12.422497216032184,1550,12.18,13.0
mutate_parent,5,31,100,12.422497216032184,13.55031146459906,16.052396473549933,0.809380373009335,12.422497216032184,1600,12.24,13.0
mutate_parent,5,32,100,12.422497216032184,13.582181620122867,17.18998886412873,0.9501489983574261,12.422497216032184,1650,12.11,13.0
mutate_parent,5,33,100,12.422497216032184,13.490194673002035,16.98998997994986,0.8016080133164047,12.422497216032184,1700,11.97,13.0
mutate_parent,5,34,100,12.422497216032184,13.549904564651861,15.991153452528778,0.8523434509319983,12.422497216032184,1750,12.2,13.0
mutate_parent,5,35,100,12.422497216032184,13.410775585113553,17.757583690279024,0.8622793176429304,12.422497216032184,1800,12.57,13.0
mutate_parent,5,36,100,12.422497216032184,13.575432926605476,17.121320343559642,1.0409927827956862,12.422497216032184,1850,12.26,13.0
mutate_parent,5,37,100,12.422497216032184,13.358517225079638,15.659326868617084,0.816876892495601,12.422497216032184,1900,12.3,13.0
mutate_parent,5,38,100,12.422497216032184,13.354942129905973,16.588409872672514,0.8049079952830601,12.422497216032184,1950,12.55,13.0
mutate_parent,5,39,100,12.422497216032184,13.346311308796421,19.26988664825584,0.987801528133375,12.422497216032184,2000,12.55,13.0
mutate_parent,5,40,100,12.422497216032184,13.32569473815513,15.983266665599967,0.7938740555648937,12.422497216032184,2050,12.66,13.0
mutate_parent,5,41,100,12.422497216032184,13.322293195006223,16.23622914957372,0.904419323734191,12.422497216032184,2100,12.41,13.0
mutate_parent,5,42,100,12.422497216032184,13.251412130816936,16.51805044483418,0.8187152076587726,12.422497216032184,2150,12.8,13.0
mutate_parent,5,43,100,12.422497216032184,13.466790011791938,17.408304597359457,1.0424604362410068,12.422497216032184,2200,12.72,13.0
mutate_parent,5,44,100,12.422497216032184,13.436331289404086,18.645222154178573,1.0769345303277267,12.422497216032184,2250,12.64,13.0
mutate_parent,5,45,100,12.422497216032184,13.197099355419414,16.08494332412792,0.8954942047300254,12.422497216032184,2300,12.68,13.0
mutate_parent,5,46,100,12.377032961426902,13.357321092028162,16.85709255502016,1.0814218820573285,12.377032961426902,2350,12.87,13.0
mutate_parent,5,47,100,12.377032961426902,13.28194424167288,16.28401537145215,0.9397425900776308,12.377032961426902,2400,12.87,13.0
mutate_parent,5,48,100,12.377032961426902,13.12740460730815,15.830375285612675,0.8174264505200808,12.377032961426902,2450,12.74,13.0
mutate_parent,5,49,100,12.377032961426902,13.190246236758187,17.588409872672514,0.8796234061316525,12.377032961426902,2500,12.76,13.0
mutate_parent,5,50,100,12.377032961426902,13.086704297799784,15.413135192987523,0.7685184420447277,12.377032961426902,2550,12.79,13.0
mutate_parent,5,51,100,12.377032961426902,13.207721310735032,17.613112646970897,0.9975558701642082,12.377032961426902,2600,12.8,13.0
mutate_parent,5,52,100,12.316515138991168,13.19954824404632,17.112403840463596,0.9717804606305731,12.316515138991168,2650,12.83,13.0
mutate_parent,5,53,100,12.316515138991168,13.033609810085789,15.967707825203131,0.7719731579898819,12.316515138991168,2700,12.96,13.0
mutate_parent,5,54,100,12.316515138991168,13.105748353509355,16.092492955535427,0.7959806341721067,12.316515138991168,2750,12.76,13.0
mutate_parent,5,55,100,12.316515138991168,13.108726331341577,15.872004514666935,0.8328292512851495,12.316515138991168,2800,12.84,13.0
mutate_parent,5,56,100,12.316515138991168,13.22793872744449,16.38494332412792,1.0026782782366386,12.316515138991168,2850,12.77,13.0
mutate_parent,5,57,100,12.30990195135928,13.064227207698853,15.571779788708135,0.8402573975202333,12.30990195135928,2900,13.04,14.0
mutate_parent,5,58,100,12.200000000000001,13.054108939231922,16.040048308896893,0.9454407064726233,12.200000000000001,2950,12.87,14.0
mutate_parent,5,59,100,12.200000000000001,13.164817195598511,17.588078318274384,1.051240229796333,12.200000000000001,3000,12.84,14.0
mutate_parent,5,60,100,12.200000000000001,13.19217182522715,17.326368339802364,1.0419672701124503,12.200000000000001,3050,13.08,14.0
mutate_parent,5,61,100,12.200000000000001,13.265466579697707,17.89317652729776,1.1233285336547767,12.200000000000001,3100,13.11,14.0
mutate_parent,5,62,100,12.200000000000001,13.121554147896504,17.37994974842648,1.094095314502154,12.200000000000001,3150,13.25,14.0
mutate_parent,5,63,100,12.200000000000001,13.154023198139376,16.110960958218893,1.0487218494410797,12.200000000000001,3200,13.16,14.0
mutate_parent,5,64,100,12.200000000000001,13.217754478307661,17.4614551505325,1.097809368614075,12.200000000000001,3250,13.2,14.0
mutate_parent,5,65,100,12.200000000000001,13.039365122161843,15.512480529547776,0.8267868956097126,12.200000000000001,3300,13.34,14.0
mutate_parent,5,66,100,12.200000000000001,13.058305157995102,16.664582518894846,0.9413105008190737,12.200000000000001,3350,13.32,14.0
mutate_parent,5,67,100,12.200000000000001,12.952291506754626,15.764688270438851,0.777308731656698,12.200000000000001,3400,13.18,14.0
mutate_parent,5,68,100,12.200000000000001,13.086769204771851,15.53732584763727,0.9229033231868051,12.200000000000001,3450,13.4,14.0
mutate_parent,5,69,100,12.200000000000001,12.979664839389892,15.414213562373096,0.8083123919060133,12.200000000000001,3500,13.43,14.0
mutate_parent,5,70,100,12.200000000000001,12.985035037568494,15.633959855479073,0.7708377490052798,12.200000000000001,3550,13.31,14.0
mutate_parent,5,71,100,12.200000000000001,12.999865662606664,16.04833147735479,0.840867428636303,12.200000000000001,3600,13.26,14.0
mutate_parent,5,72,100,12.200000000000001,13.035109529230764,16.01805044483418,0.8375242644562645,12.200000000000001,3650,13.38,14.0
mutate_parent,5,73,100,12.200000000000001,13.064437651597622,16.62664991614216,0.9852668533868935,12.200000000000001,3700,13.19,14.0
mutate_parent,5,74,100,12.200000000000001,13.067270785585032,17.99373774505092,1.0595013306441559,12.200000000000001,3750,13.39,14.0
mutate_parent,5,75,100,12.200000000000001,12.9268284412887,16.013552872566006,0.7488049765657804,12.200000000000001,3800,13.55,14.0
mutate_parent,5,76,100,12.200000000000001,13.098958380522772,16.729563014098698,0.9660697844863505,12.200000000000001,3850,13.17,14.0
mutate_parent,5,77,100,12.200000000000001,12.932910808648282,16.18309518948453,0.8262093701715298,12.200000000000001,3900,13.54,14.0
mutate_parent,5,78,100,12.200000000000001,13.158116785428554,18.10554700852678,1.159083490948219,12.200000000000001,3950,13.39,14.0
mutate_parent,5,79,100,12.200000000000001,13.080297628706246,16.632455532033674,0.973324146582829,12.200000000000001,4000,13.28,14.0
mutate_parent,5,80,100,12.200000000000001,12.985349287581347,17.609975124224178,0.9747956998235163,12.200000000000001,4050,13.45,14.0
mutate_parent,5,81,100,12.200000000000001,13.06753032906763,16.690890230020663,0.959686602057118,12.200000000000001,4100,13.15,14.0
mutate_parent,5,82,100,12.200000000000001,13.203992170307867,17.892492955535428,1.159242547836359,12.200000000000001,4150,13.48,14.0
mutate_parent,5,83,100,12.200000000000001,13.0396435206512,16.064965543462904,0.9550155179807016,12.200000000000001,4200,13.25,14.0
mutate_parent,5,84,100,12.200000000000001,13.141199809554774,16.729563014098698,1.011764886757914,12.200000000000001,4250,13.55,14.0
mutate_parent,5,85,100,12.200000000000001,12.98858094784338,16.757583690279024,0.9244334140503061,12.200000000000001,4300,13.45,14.0
mutate_parent,5,86,100,12.200000000000001,13.03724203546291,16.619803902718555,0.9860277082414018,12.200000000000001,4350,13.53,14.0
mutate_parent,5,87,100,12.200000000000001,12.98733029766388,17.57907545067406,1.0127339294426485,12.200000000000001,4400,13.5,14.0
mutate_parent,5,88,100,12.200000000000001,13.079855206553507,16.336660026534076,1.0387592207628142,12.200000000000001,4450,13.57,14.0
mutate_parent,5,89,100,12.200000000000001,12.946465188724254,17.280697580112786,0.9867579393753494,12.200000000000001,4500,13.55,14.0
mutate_parent,5,90,100,12.200000000000001,13.006608851052881,16.59544511501033,0.8901431926417949,12.200000000000001,4550,13.51,14.0
mutate_parent,5,91,100,12.200000000000001,12.98422474863067,17.071779788708135,0.9893815835397414,12.200000000000001,4600,13.4,14.0
mutate_parent,5,92,100,12.200000000000001,13.130282745723491,17.28608421540822,1.101291999473247,12.200000000000001,4650,13.49,14.0
mutate_parent,5,93,100,12.200000000000001,12.940579080411414,15.389897948556635,0.7728472975796183,12.200000000000001,4700,13.55,14.0
mutate_parent,5,94,100,12.200000000000001,13.105903604871882,15.983239697419133,0.9907516887359025,12.200000000000001,4750,13.46,14.0
mutate_parent,5,95,100,12.200000000000001,12.877326275673374,16.612403840463596,0.8662094080854426,12.200000000000001,4800,13.54,14.0
mutate_parent,5,96,100,12.200000000000001,12.912940284881369,15.780350850198277,0.8655548501127376,12.200000000000001,4850,13.41,14.0
mutate_parent,5,97,100,12.200000000000001,12.838620023684433,16.171779788708136,0.8337367842097924,12.200000000000001,4900,13.42,14.0
mutate_parent,5,98,100,12.200000000000001,13.041234034018062,16.292838827718413,0.954021883434419,12.200000000000001,4950,13.58,14.0
mutate_parent,5,99,100,12.200000000000001,13.116310797662788,17.988409872672513,1.1531385084168888,12.200000000000001,5000,13.49,14.0
mutate_parent,5,100,100,12.200000000000001,12.95368081749819,16.207106781186546,0.8708998424909428,12.200000000000001,5050,13.56,14.0
mutate_parent,6,0,50,15.607680962081059,18.21937228728185,20.648199740725325,1.4808199469537966,15.607680962081059,50,10.2,14.0
mutate_parent,6,1,100,15.054065922853802,17.661092392353353,20.648199740725325,1.415869346469827,15.054065922853802,100,9.5,14.0
mutate_parent,6,2,100,15.054065922853802,16.561571980695323,18.194259594077035,0.6753160759302427,15.054065922853802,150,8.92,14.0
mutate_parent,6,3,100,14.88494332412792,16.166989489099876,18.61555394056826,0.7084229062028438,14.88494332412792,200,9.63,14.0
mutate_parent,6,4,100,14.585677655436825,15.89445572887589,18.58446194559183,0.6824222555250417,14.585677655436825,250,10.0,12.0
mutate_parent,6,5,100,14.585677655436825,15.765122341016584,18.07907545067406,0.7823727685958304,14.585677655436825,300,10.59,12.0
mutate_parent,6,6,100,14.585677655436825,15.557826772167962,18.213594362117867,0.6751896359016819,14.585677655436825,350,11.01,12.0
mutate_parent,6,7,100,14.409975124224179,15.492473535101134,19.2131126469709,0.7932147225583946,14.409975124224179,400,11.08,12.0
mutate_parent,6,8,100,14.20185121722126,15.433182793214995,18.634698994937583,0.8239597475722623,14.20185121722126,450,11.38,11.0
mutate_parent,6,9,100,14.20185121722126,15.325418926189423,18.98121323515277,0.8778149891467049,14.20185121722126,500,11.11,11.0
mutate_parent,6,10,100,14.20185121722126,15.205965996087178,18.75941170815567,0.7771490017049558,14.20185121722126,550,11.4,11.0
mutate_parent,6,11,100,14.186796226411321,15.120346659799745,19.157342370508886,0.7860823889088934,14.186796226411321,600,11.94,13.0
mutate_parent,6,12,100,14.186796226411321,15.035650471205411,17.64476105895272,0.7171489231322603,14.186796226411321,650,12.13,13.0
mutate_parent,6,13,100,14.186796226411321,15.033323492691627,19.93130005674953,0.933855153156637,14.186796226411321,700,12.06,13.0
mutate_parent,6,14,100,14.186796226411321,15.113373397386143,18.599999999999998,0.977722219020597,14.186796226411321,750,11.91,13.0
mutate_parent,6,15,100,14.186796226411321,14.86976462587079,17.561740355901136,0.7032339719425938,14.186796226411321,800,11.55,13.0
mutate_parent,6,16,100,14.186796226411321,14.993231048909559,17.74294446319662,0.8755617407963942,14.186796226411321,850,11.36,13.0
mutate_parent,6,17,100,13.823790007724451,14.983253842957957,19.037211521390788,1.004348026274812,13.823790007724451,900,11.73,11.0
mutate_parent,6,18,100,13.823790007724451,15.059256580256164,19.507130750570546,1.1486193871964243,13.823790007724451,950,11.75,11.0
mutate_parent,6,19,100,13.823790007724451,14.99250519818426,19.648199740725325,1.092058216683748,13.823790007724451,1000,11.46,11.0
mutate_parent,6,20,100,13.823790007724451,15.035006487559103,19.61555394056826,1.222478696872131,13.823790007724451,1050,11.33,11.0
mutate_parent,6,21,100,13.823790007724451,14.878317698441059,18.738211655780212,0.9874549225051379,13.823790007724451,1100,11.85,11.0
mutate_parent,6,22,100,13.823790007724451,14.9106565405261,20.036664289109584,1.1123496321338866,13.823790007724451,1150,11.69,11.0
mutate_parent,6,23,100,13.823790007724451,14.851947881799667,19.012931993250106,1.0832756880651617,13.823790007724451,1200,11.64,11.0
mutate_parent,6,24,100,13.823790007724451,14.834160883408327,17.742694391866355,1.0096930640708879,13.823790007724451,1250,11.67,11.0
mutate_parent,6,25,100,13.823790007724451,14.744287956238484,18.872004514666937,1.0503798897873398,13.823790007724451,1300,11.85,11.0
mutate_parent,6,26,100,13.781488772222678,14.622520091968772,18.900000000000002,0.9085420263192765,13.781488772222678,1350,12.0,13.0
mutate_parent,6,27,100,13.430950643030009,14.553543733814172,18.586651818838305,0.9027205519478982,13.430950643030009,1400,11.85,13.0
mutate_parent,6,28,100,13.429705854077836,14.573101550438231,17.640175425099137,0.9470025528082566,13.429705854077836,1450,11.97,14.0
mutate_parent,6,29,100,13.359591794226542,14.788589697947323,18.85870331449229,1.2360635304733938,13.359591794226542,1500,11.38,12.0
mutate_parent,6,30,100,13.105547008526779,14.401998569258835,17.664582518894846,0.8328291115863558,13.105547008526779,1550,11.87,12.0
mutate_parent,6,31,100,12.760232526704263,14.428713272879227,18.049444375840398,0.9458115798787147,12.760232526704263,1600,11.93,14.0
mutate_parent,6,32,100,12.760232526704263,14.438939453056573,18.7,1.1525392624555848,12.760232526704263,1650,11.94,14.0
mutate_parent,6,33,100,12.72474487139159,14.192280655539383,17.63901391331568,0.9523070091322421,12.72474487139159,1700,12.44,13.0
mutate_parent,6,34,100,12.72474487139159,14.28634807537712,17.708687448721165,0.9797966385630696,12.72474487139159,1750,12.41,13.0
mutate_parent,6,35,100,12.700000000000001,14.186333764555092,17.975467891024387,1.0501840282234793,12.700000000000001,1800,12.52,14.0
mutate_parent,6,36,100,12.629705854077836,13.969092156904967,17.1,0.8620798871709543,12.629705854077836,1850,12.61,12.0
mutate_parent,6,37,100,12.629705854077836,14.04415530094823,16.491153452528778,1.0322416029190105,12.629705854077836,1900,12.54,12.0
mutate_parent,6,38,100,12.629705854077836,13.869594597395931,16.810856753359403,0.9113122843371115,12.629705854077836,1950,12.42,12.0
mutate_parent,6,39,100,12.629705854077836,13.940845240736994,18.3,1.102752202387338,12.629705854077836,2000,12.58,12.0
mutate_parent,6,40,100,12.629705854077836,13.669036101556184,18.420526275297412,0.9686386378523494,12.629705854077836,2050,12.94,12.0
mutate_parent,6,41,100,12.62664991614216,13.966092024317872,17.76468827043885,1.2588351737515102,12.62664991614216,2100,12.51,12.0
mutate_parent,6,42,100,12.62664991614216,13.819527258934361,17.561740355901136,1.1502833014053175,12.62664991614216,2150,12.51,12.0
mutate_parent,6,43,100,12.62664991614216,13.736334896873059,18.941186241925156,1.1873399162884437,12.62664991614216,2200,12.67,12.0
mutate_parent,6,44,100,12.62664991614216,13.69545374427961,18.621320343559642,1.0957265463394121,12.62664991614216,2250,12.79,12.0
mutate_parent,6,45,100,12.62664991614216,13.761223972775497,18.235270009440733,1.1773062652303001,12.62664991614216,2300,12.56,12.0
mutate_parent,6,46,100,12.62664991614216,13.62992196885152,17.7,1.1476975763198067,12.62664991614216,2350,12.64,12.0
mutate_parent,6,47,100,12.62664991614216,13.573985317486283,17.097169055259613,1.0381952877024665,12.62664991614216,2400,12.88,12.0
mutate_parent,6,48,100,12.62664991614216,13.588481253077985,17.03072757526625,1.0294220456075216,12.62664991614216,2450,12.57,12.0
mutate_parent,6,49,100,12.62664991614216,13.612888575285167,17.83721152139079,1.1452599813634552,12.62664991614216,2500,12.45,12.0
mutate_parent,6,50,100,12.209901951359278,13.519386186631365,16.859591794226542,1.1004763941675826,12.209901951359278,2550,12.5,15.0
mutate_parent,6,51,100,12.209901951359278,13.591139182024065,18.3,1.2054849949500843,12.209901951359278,2600,12.96,15.0
mutate_parent,6,52,100,12.209901951359278,13.64449419174797,17.917245689653488,1.258035936507552,12.209901951359278,2650,12.82,15.0
mutate_parent,6,53,100,12.209901951359278,13.56770016586952,17.671355310873647,1.2174304528992348,12.209901951359278,2700,12.67,15.0
mutate_parent,6,54,100,12.200000000000001,13.448891863912976,16.83721152139079,1.1074971692625832,12.200000000000001,2750,12.97,14.0
mutate_parent,6,55,100,12.200000000000001,13.578191998586522,17.83390796058137,1.2962347610844511,12.200000000000001,2800,12.92,14.0
mutate_parent,6,56,100,12.200000000000001,13.449843698495712,17.676819745345025,1.171288389102886,12.200000000000001,2850,13.42,14.0
mutate_parent,6,57,100,12.200000000000001,13.42987033356972,17.314944167960988,1.1518482435927286,12.200000000000001,2900,13.0,14.0
mutate_parent,6,58,100,12.200000000000001,13.46849079048429,18.167156809750928,1.3177971112968323,12.200000000000001,2950,13.07,14.0
mutate_parent,6,59,100,12.200000000000001,13.614510953961899,19.40831891575846,1.569814263741755,12.200000000000001,3000,12.76,14.0
mutate_parent,6,60,100,12.200000000000001,13.281149936467536,17.983266665599967,1.0655730909144745,12.200000000000001,3050,13.27,14.0
mutate_parent,6,61,100,12.200000000000001,13.32230195508893,16.20111097397076,1.0139651827963208,12.200000000000001,3100,13.24,14.0
mutate_parent,6,62,100,12.200000000000001,13.3852409925867,18.838181191654584,1.2464141657148275,12.200000000000001,3150,13.09,14.0
mutate_parent,6,63,100,12.200000000000001,13.413231274153313,18.608607914449795,1.3218639736563238,12.200000000000001,3200,13.19,14.0
mutate_parent,6,64,100,12.200000000000001,13.53820535228171,18.87571129984594,1.4364063288810993,12.200000000000001,3250,13.37,14.0
mutate_parent,6,65,100,12.200000000000001,13.395180886542137,17.34390889145858,1.2162884252143555,12.200000000000001,3300,13.17,14.0
mutate_parent,6,66,100,12.200000000000001,13.42455978493353,17.612403840463596,1.2993339993070996,12.200000000000001,3350,13.41,14.0
mutate_parent,6,67,100,12.200000000000001,13.295254578194823,16.540048308896893,1.1159558510611232,12.200000000000001,3400,13.45,14.0
mutate_parent,6,68,100,12.200000000000001,13.452047561218881,17.51657508881031,1.3970389415977666,12.200000000000001,3450,13.29,14.0
mutate_parent,6,69,100,12.200000000000001,13.171544630413916,17.432575659723035,1.0927139106128287,12.200000000000001,3500,13.5,14.0
mutate_parent,6,70,100,12.200000000000001,13.337643476216286,17.44935886896179,1.3751257636641931,12.200000000000001,3550,13.58,14.0
mutate_parent,6,71,100,12.200000000000001,13.333621405804811,19.133030277982336,1.3228360116269708,12.200000000000001,3600,13.61,14.0
mutate_parent,6,72,100,12.200000000000001,13.365350178588846,17.549705872175156,1.490039384602488,12.200000000000001,3650,13.53,14.0
mutate_parent,6,73,100,12.200000000000001,13.39804117564711,17.54928556845359,1.4497821367719348,12.200000000000001,3700,13.56,14.0
mutate_parent,6,74,100,12.047722557505166,13.371836538534305,18.251803788283283,1.431224236800274,12.047722557505166,3750,13.39,14.0
mutate_parent,6,75,100,12.047722557505166,13.357978389594532,18.239071942966532,1.510635141937923,12.047722557505166,3800,13.56,14.0
mutate_parent,6,76,100,12.047722557505166,13.091470388625225,18.039013913315678,1.2447959080978312,12.047722557505166,3850,13.57,14.0
mutate_parent,6,77,100,12.047722557505166,13.245806940671821,17.830950643030008,1.3297028345234634,12.047722557505166,3900,13.69,14.0
mutate_parent,6,78,100,12.047722557505166,13.361376108498801,18.69041575982343,1.4719261391601295,12.047722557505166,3950,13.43,14.0
mutate_parent,6,79,100,12.047722557505166,13.177870341545836,17.729563014098698,1.258414649508415,12.047722557505166,4000,13.86,14.0
mutate_parent,6,80,100,12.047722557505166,13.16741434525528,17.7644304369257,1.2149776031780215,12.047722557505166,4050,13.95,14.0
mutate_parent,6,81,100,12.047722557505166,13.234701254466172,17.735270009440733,1.3420900693067703,12.047722557505166,4100,13.81,14.0
mutate_parent,6,82,100,12.047722557505166,13.378351689132698,18.577154105707724,1.5464479058403748,12.047722557505166,4150,13.6,14.0
mutate_parent,6,83,100,12.047722557505166,13.434351945758827,18.256465996625053,1.6534353575153884,12.047722557505166,4200,13.6,14.0
mutate_parent,6,84,100,12.047722557505166,13.248179488339938,17.2131126469709,1.348620972741079,12.047722557505166,4250,13.62,14.0
mutate_parent,6,85,100,12.047722557505166,13.37297606758495,17.7644304369257,1.4969067710316024,12.047722557505166,4300,13.6,14.0
mutate_parent,6,86,100,12.047722557505166,13.152318892469008,17.822611077089284,1.3812173148691969,12.047722557505166,4350,13.62,14.0
mutate_parent,6,87,100,12.047722557505166,13.306548979232813,18.404996878900157,1.4607711414970233,12.047722557505166,4400,13.69,14.0
mutate_parent,6,88,100,12.047722557505166,13.026453055753372,15.984857057125708,1.1035481688262265,12.047722557505166,4450,13.88,14.0
mutate_parent,6,89,100,12.047722557505166,13.200231692951268,17.57332857821917,1.3449792299196563,12.047722557505166,4500,13.62,14.0
mutate_parent,6,90,100,12.047722557505166,13.302410683826713,18.38527285403645,1.5794253406150716,12.047722557505166,4550,13.62,14.0
mutate_parent,6,91,100,12.047722557505166,13.524418760984886,18.735270009440733,1.6426340399943025,12.047722557505166,4600,13.2,14.0
mutate_parent,6,92,100,12.047722557505166,13.17036490722071,18.302172886644268,1.382482340403463,12.047722557505166,4650,13.61,14.0
mutate_parent,6,93,100,12.047722557505166,13.11229023779108,16.80332963783729,1.2119297797429194,12.047722557505166,4700,13.69,14.0
mutate_parent,6,94,100,12.047722557505166,13.131222835998326,17.61283361405006,1.3382757910344993,12.047722557505166,4750,13.57,14.0
mutate_parent,6,95,100,12.047722557505166,13.322919027490423,17.57790233867277,1.517768932871666,12.047722557505166,4800,13.52,14.0
mutate_parent,6,96,100,12.047722557505166,13.231309373319455,17.30332963783729,1.39479886918341,12.047722557505166,4850,13.37,14.0
mutate_parent,6,97,100,12.047722557505166,13.137180339189708,17.752272056851645,1.2941047141738473,12.047722557505166,4900,13.21,14.0
mutate_parent,6,98,100,12.047722557505166,12.979116865936712,18.14131112314674,1.152650866595154,12.047722557505166,4950,13.8,14.0
mutate_parent,6,99,100,12.047722557505166,13.205894076663544,17.76332495807108,1.420950350619426,12.047722557505166,5000,13.15,14.0
mutate_parent,6,100,100,12.047722557505166,13.348191758107733,17.476819745345026,1.5732973345327863,12.047722557505166,5050,13.32,14.0
mutate_parent,7,0,50,16.00516780926679,18.35466099159814,21.536308338453882,1.5496970468324496,16.00516780926679,50,10.58,13.0
mutate_parent,7,1,100,15.61058907144937,17.83231045558655,21.536308338453882,1.4010267019420721,15.61058907144937,100,10.15,10.0
mutate_parent,7,2,100,14.573644135332772,16.549633455184093,18.907567081708244,0.6337741150977907,14.573644135332772,150,9.63,12.0
mutate_parent,7,3,100,14.573644135332772,16.20302051537486,18.917800560721076,0.6540592156090457,14.573644135332772,200,9.68,12.0
mutate_parent,7,4,100,14.573644135332772,15.896089870237233,17.8309518948453,0.5404698304581886,14.573644135332772,250,9.64,12.0
mutate_parent,7,5,100,14.573644135332772,15.785200571587731,17.70087712549569,0.6358315547046375,14.573644135332772,300,9.8,12.0
mutate_parent,7,6,100,14.555592347112503,15.790632608787606,19.41916017074176,0.9746905586707535,14.555592347112503,350,10.39,11.0
mutate_parent,7,7,100,14.555592347112503,15.506250621120872,18.179075450674063,0.7186024706769154,14.555592347112503,400,11.09,11.0
mutate_parent,7,8,100,14.555592347112503,15.596813794999782,19.1886890422961,0.9254151039991688,14.555592347112503,450,11.23,11.0
mutate_parent,7,9,100,14.461324772583616,15.351917233632346,20.345207879911715,0.7218369141162219,14.461324772583616,500,11.47,13.0
mutate_parent,7,10,100,14.461324772583616,15.213451915813025,18.586651818838305,0.5926761479103154,14.461324772583616,550,11.88,13.0
mutate_parent,7,11,100,14.183266665599966,15.355830093299137,18.969817807045693,0.9353723430245648,14.183266665599966,600,11.89,13.0
mutate_parent,7,12,100,13.86287388383278,15.058847560963574,17.20332963783729,0.5978498132571045,13.86287388383278,650,12.0,13.0
mutate_parent,7,13,100,13.58679622641132,15.219248960466354,18.967491648096548,1.007278779163841,13.58679622641132,700,12.15,13.0
mutate_parent,7,14,100,13.58679622641132,14.990553623907141,19.61555394056826,0.8549651641997804,13.58679622641132,750,11.66,13.0
mutate_parent,7,15,100,13.58679622641132,14.94669216490778,19.77488738510232,0.8569464586831376,13.58679622641132,800,12.2,13.0
mutate_parent,7,16,100,13.58679622641132,14.81382279306611,17.558052492344384,0.7443900935879417,13.58679622641132,850,12.27,13.0
mutate_parent,7,17,100,13.58679622641132,14.671679672883881,17.38608421540822,0.6878443959860426,13.58679622641132,900,12.68,13.0
mutate_parent,7,18,100,13.58679622641132,14.817128329619162,19.659126028197402,0.9680537282301981,13.58679622641132,950,12.48,13.0
mutate_parent,7,19,100,13.314642819948224,14.690383517104738,18.272077843177478,0.8331797776596532,13.314642819948224,1000,12.43,13.0
mutate_parent,7,20,100,13.314642819948224,14.659272495100588,19.00554700852678,0.9328495625214784,13.314642819948224,1050,12.72,13.0
mutate_parent,7,21,100,13.314642819948224,14.594779432808691,16.727566688249706,0.7827270601274546,13.314642819948224,1100,12.78,13.0
mutate_parent,7,22,100,13.314642819948224,14.620831367103651,18.58446194559183,0.957734048358001,13.314642819948224,1150,12.57,13.0
mutate_parent,7,23,100,13.314642819948224,14.566666178656769,18.381742422927143,0.9388186988815206,13.314642819948224,1200,12.7,13.0
mutate_parent,7,24,100,13.314642819948224,14.375082458240847,17.339607805437115,0.7076681402982675,13.314642819948224,1250,12.82,13.0
mutate_parent,7,25,100,13.314642819948224,14.519538471852156,17.804384278780663,1.0330653912093009,13.314642819948224,1300,12.67,13.0
mutate_parent,7,26,100,13.264911064067352,14.312543397491726,17.58494332412792,0.7601520012145561,13.264911064067352,1350,13.06,13.0
mutate_parent,7,27,100,13.264911064067352,14.58609611539598,18.814944167960988,1.100042395084593,13.264911064067352,1400,12.61,13.0
mutate_parent,7,28,100,13.264911064067352,14.389655149269814,18.29283882771841,1.0170808306212684,13.264911064067352,1450,12.88,13.0
mutate_parent,7,29,100,13.264911064067352,14.3414803626601,17.390670590009258,0.894256434953026,13.264911064067352,1500,12.8,13.0
mutate_parent,7,30,100,13.264911064067352,14.30164923123275,17.3,0.8395634361009928,13.264911064067352,1550,12.81,13.0
mutate_parent,7,31,100,13.264911064067352,14.523449485539938,18.261706725018236,1.2092445549568747,13.264911064067352,1600,12.68,13.0
mutate_parent,7,32,100,13.209901951359278,14.466118335511533,18.665775990588614,1.2210971529742614,13.209901951359278,1650,12.65,16.0
mutate_parent,7,33,100,12.992838827718412,14.11516841727822,17.671355310873647,0.8105368013203863,12.992838827718412,1700,13.04,14.0
mutate_parent,7,34,100,12.992838827718412,14.34192169837401,17.981742422927145,1.0940056651545216,12.992838827718412,1750,13.11,14.0
mutate_parent,7,35,100,12.992838827718412,14.235433102976128,18.19332590941915,1.0926408188946641,12.992838827718412,1800,13.0,14.0
mutate_parent,7,36,100,12.992838827718412,14.152547886517295,18.60768096208106,1.0225789722570628,12.992838827718412,1850,13.07,14.0
mutate_parent,7,37,100,12.992838827718412,14.25931623092623,20.037211521390788,1.1668591417524998,12.992838827718412,1900,13.15,14.0
mutate_parent,7,38,100,12.992838827718412,14.01493096047457,17.35808937493144,0.8985416756673105,12.992838827718412,1950,13.12,14.0
mutate_parent,7,39,100,12.992838827718412,13.981830826680548,18.524845673131658,0.9217135732173385,12.992838827718412,2000,13.38,14.0
mutate_parent,7,40,100,12.992838827718412,14.20847093856796,19.040048308896893,1.249701246767,12.992838827718412,2050,13.49,14.0
mutate_parent,7,41,100,12.992838827718412,13.99845049897982,16.441186241925156,0.8281944419969607,12.992838827718412,2100,13.75,14.0
mutate_parent,7,42,100,12.836660026534076,14.235874236058539,18.8,1.3418455241012768,12.836660026534076,2150,13.82,14.0
mutate_parent,7,43,100,12.836660026534076,13.963481285443121,16.934192325759245,0.9621976501376246,12.836660026534076,2200,13.67,14.0
mutate_parent,7,44,100,12.836660026534076,13.957554123448316,17.86154726279432,0.9893018561522534,12.836660026534076,2250,13.78,14.0
mutate_parent,7,45,100,12.836660026534076,14.022149382318974,17.49782557302906,1.0586044448441723,12.836660026534076,2300,13.88,14.0
mutate_parent,7,46,100,12.836660026534076,14.035644229696427,19.78997487421324,1.2331967932639956,12.836660026534076,2350,14.19,14.0
mutate_parent,7,47,100,12.836660026534076,13.888501256560676,18.40587727318528,1.0184111482435505,12.836660026534076,2400,13.81,14.0
mutate_parent,7,48,100,12.836660026534076,13.857102538119305,17.563705936241092,0.9436503195411939,12.836660026534076,2450,14.05,14.0
mutate_parent,7,49,100,12.836660026534076,13.742536723746753,16.18252262107277,0.7558107454790516,12.836660026534076,2500,14.22,14.0
mutate_parent,7,50,100,12.836660026534076,13.717342107997375,17.2,0.8772063135588682,12.836660026534076,2550,14.01,14.0
mutate_parent,7,51,100,12.68309518948453,13.861865199336767,18.961324772583616,1.1113825638780535,12.68309518948453,2600,13.96,15.0
mutate_parent,7,52,100,12.68309518948453,13.908071346995685,17.52664991614216,1.0927535015581649,12.68309518948453,2650,13.98,15.0
mutate_parent,7,53,100,12.68309518948453,13.925253940079266,17.953098380168623,1.2310038956914988,12.68309518948453,2700,13.96,15.0
mutate_parent,7,54,100,12.68309518948453,14.069423968914096,19.084943324127924,1.3712376482847228,12.68309518948453,2750,14.19,15.0
mutate_parent,7,55,100,12.68309518948453,13.684536185592346,17.79283882771841,1.003960350419281,12.68309518948453,2800,14.22,15.0
mutate_parent,7,56,100,12.68309518948453,13.685144654052772,18.30332963783729,0.9984820447403935,12.68309518948453,2850,14.4,15.0
mutate_parent,7,57,100,12.68309518948453,13.619316840619636,17.555294535724684,0.8556724043974557,12.68309518948453,2900,14.3,15.0
mutate_parent,7,58,100,12.68309518948453,13.837186945525284,18.429705854077834,1.2153594080156291,12.68309518948453,2950,14.26,15.0
mutate_parent,7,59,100,12.68309518948453,13.757788317512821,16.6886890422961,1.0794164543190858,12.68309518948453,3000,14.02,15.0
mutate_parent,7,60,100,12.68309518948453,13.655294504929946,16.322497216032183,0.9559075221971832,12.68309518948453,3050,14.16,15.0
mutate_parent,7,61,100,12.68309518948453,13.839064137505918,18.20332963783729,1.2637174511623668,12.68309518948453,3100,14.15,15.0
mutate_parent,7,62,100,12.68309518948453,13.718363675429549,16.70185121722126,1.0381795989731049,12.68309518948453,3150,13.94,15.0
mutate_parent,7,63,100,12.68309518948453,13.841087426031962,18.492838827718412,1.3229189420464502,12.68309518948453,3200,13.75,15.0
mutate_parent,7,64,100,12.68309518948453,13.776752698800523,17.74341649025257,1.1951246253859142,12.68309518948453,3250,13.92,15.0
mutate_parent,7,65,100,12.68309518948453,13.780729491761381,17.577708763999663,1.1682905144758806,12.68309518948453,3300,13.89,15.0
mutate_parent,7,66,100,12.68309518948453,13.68284669912544,17.93438085832593,1.067121953386896,12.68309518948453,3350,13.83,15.0
mutate_parent,7,67,100,12.68309518948453,13.90708021150983,18.48148877222268,1.377613900800776,12.68309518948453,3400,13.69,15.0
mutate_parent,7,68,100,12.68309518948453,13.714843436133958,17.277849927241487,1.147738444087043,12.68309518948453,3450,13.86,15.0
mutate_parent,7,69,100,12.68309518948453,13.843253079758997,19.83541565040626,1.4217817239385349,12.68309518948453,3500,13.97,15.0
mutate_parent,7,70,100,12.68309518948453,13.465949364396504,17.147288270665545,0.911749197584533,12.68309518948453,3550,14.02,15.0
mutate_parent,7,71,100,12.68309518948453,13.69067544471383,17.756465996625053,1.179779553097189,12.68309518948453,3600,13.92,15.0
mutate_parent,7,72,100,12.68309518948453,13.595390871214809,17.297057550292607,1.0519040524087262,12.68309518948453,3650,13.9,15.0
mutate_parent,7,73,100,12.68309518948453,13.774389930279881,19.660107523773828,1.3457352335678652,12.68309518948453,3700,13.83,15.0
mutate_parent,7,74,100,12.68309518948453,13.571971944328327,19.957342370508883,1.200357981840801,12.68309518948453,3750,14.0,15.0
mutate_parent,7,75,100,12.68309518948453,13.746898957720282,17.54928556845359,1.2256422389567858,12.68309518948453,3800,13.96,15.0
mutate_parent,7,76,100,12.68309518948453,13.544473134219336,17.841428291206626,1.0620786200789234,12.68309518948453,3850,13.95,15.0
mutate_parent,7,77,100,12.68309518948453,13.730089681234105,17.606750598570127,1.2902515523392188,12.68309518948453,3900,13.98,15.0
mutate_parent,7,78,100,12.68309518948453,13.538412010433918,16.729563014098698,1.0180793487732247,12.68309518948453,3950,14.14,15.0
mutate_parent,7,79,100,12.68309518948453,13.406662983278496,16.142810150121694,0.8228614584833496,12.68309518948453,4000,14.45,15.0
mutate_parent,7,80,100,12.68309518948453,13.59337815353793,20.361901286060018,1.4132696905561726,12.68309518948453,4050,14.08,15.0
mutate_parent,7,81,100,12.68309518948453,13.747533647678297,17.75472369909914,1.323776001876605,12.68309518948453,4100,14.06,15.0
mutate_parent,7,82,100,12.68309518948453,13.637489855334975,17.621320343559642,1.2305093936529115,12.68309518948453,4150,14.25,15.0
mutate_parent,7,83,100,12.547722557505166,13.708558394020564,17.68062484748657,1.2950141301697402,12.547722557505166,4200,14.41,15.0
mutate_parent,7,84,100,12.547722557505166,13.612673261792608,19.563705936241092,1.2491928604644122,12.547722557505166,4250,14.31,15.0
mutate_parent,7,85,100,12.547722557505166,13.616877893154514,19.57364413533277,1.32609546027958,12.547722557505166,4300,14.33,15.0
mutate_parent,7,86,100,12.547722557505166,13.615066408173018,16.414213562373096,1.1024227855727966,12.547722557505166,4350,14.34,15.0
mutate_parent,7,87,100,12.547722557505166,13.668461562654647,19.08113883008419,1.3154720704301417,12.547722557505166,4400,14.26,15.0
mutate_parent,7,88,100,12.547722557505166,13.594357023155707,17.309606511052444,1.1431124945774735,12.547722557505166,4450,14.15,15.0
mutate_parent,7,89,100,12.547722557505166,13.546621941324283,18.32828568570857,1.2033373816766664,12.547722557505166,4500,14.32,15.0
mutate_parent,7,90,100,12.547722557505166,13.516601228984852,18.368438714135813,1.2198610613132628,12.547722557505166,4550,14.52,15.0
mutate_parent,7,91,100,12.547722557505166,13.533791305211684,17.739607805437114,1.1192768768984378,12.547722557505166,4600,14.64,15.0
mutate_parent,7,92,100,12.547722557505166,13.609029188947995,18.53868107973205,1.2634482660397182,12.547722557505166,4650,14.59,15.0
mutate_parent,7,93,100,12.547722557505166,13.642975948063347,17.862873883832776,1.2581094620565316,12.547722557505166,4700,14.37,15.0
mutate_parent,7,94,100,12.547722557505166,13.446391190303684,17.525657829663178,1.0451877655988324,12.547722557505166,4750,14.79,15.0
mutate_parent,7,95,100,12.547722557505166,13.65798458781548,17.87314991723711,1.3151134199254182,12.547722557505166,4800,14.56,15.0
mutate_parent,7,96,100,12.547722557505166,13.576043801360573,18.50554700852678,1.2060045957675372,12.547722557505166,4850,14.44,15.0
mutate_parent,7,97,100,12.547722557505166,13.46028911930814,18.385830114561003,1.083791244504337,12.547722557505166,4900,14.74,15.0
mutate_parent,7,98,100,12.547722557505166,13.410724686017433,16.58113883008419,0.9641447619433833,12.547722557505166,4950,14.64,15.0
mutate_parent,7,99,100,12.547722557505166,13.610447139057054,17.483266665599967,1.1618463624109432,12.547722557505166,5000,14.52,15.0
mutate_parent,7,100,100,12.547722557505166,13.574476061025956,19.412931993250105,1.3572656525636908,12.547722557505166,5050,14.49,15.0
mutate_parent,8,0,50,15.729872518944557,17.84839828567405,20.648199740725325,1.3480875688803076,15.729872518944557,50,10.52,13.0
mutate_parent,8,1,100,15.190890230020663,17.47584129255702,20.648199740725325,1.2728703725831436,15.190890230020663,100,9.8,12.0
mutate_parent,8,2,100,15.04004830889689,16.39046490892413,18.57207784317748,0.6466426708077196,15.04004830889689,150,9.9,8.0
mutate_parent,8,3,100,14.593584466786357,16.061051554393597,18.80409698481274,0.6604154082107554,14.593584466786357,200,9.79,9.0
mutate_parent,8,4,100,14.593584466786357,15.911260696371599,18.316133823057964,0.6945584792255954,14.593584466786357,250,9.97,9.0
mutate_parent,8,5,100,14.593584466786357,15.676791900671601,17.88608421540822,0.6600295711796484,14.593584466786357,300,9.91,9.0
mutate_parent,8,6,100,14.593584466786357,15.595787110701767,18.324146527838174,0.7411164935370402,14.593584466786357,350,10.06,9.0
mutate_parent,8,7,100,14.593584466786357,15.614100490119556,19.86154726279432,0.9290039961276947,14.593584466786357,400,9.98,9.0
mutate_parent,8,8,100,14.431300056749532,15.424314229599712,18.61555394056826,0.7701365295401164,14.431300056749532,450,10.36,10.0
mutate_parent,8,9,100,14.295829710142188,15.334557655322472,18.61555394056826,0.7575290592315508,14.295829710142188,500,10.39,14.0
mutate_parent,8,10,100,14.295829710142188,15.382602227032553,17.864171097297422,0.8130317607670746,14.295829710142188,550,10.25,14.0
mutate_parent,8,11,100,14.295829710142188,15.404379865092094,18.28769250208977,0.9467529947157898,14.295829710142188,600,10.1,14.0
mutate_parent,8,12,100,13.957342370508885,15.199234119599803,17.746486583132388,0.8579798691778457,13.957342370508885,650,10.38,13.0
mutate_parent,8,13,100,13.957342370508885,15.26985407200394,18.719004621945796,0.977255926141549,13.957342370508885,700,10.25,13.0
mutate_parent,8,14,100,13.6131126469709,15.152462637440312,18.713594362117867,0.9294311048982999,13.6131126469709,750,10.56,14.0
mutate_parent,8,15,100,13.6131126469709,15.004343106484203,18.36124969497314,0.9224262123295028,13.6131126469709,800,10.88,14.0
mutate_parent,8,16,100,13.6131126469709,15.017345260140157,18.877902338672772,1.0244622621500878,13.6131126469709,850,11.77,14.0
mutate_parent,8,17,100,13.6131126469709,14.940125878073804,18.086651818838305,0.9247597034101757,13.6131126469709,900,11.89,14.0
mutate_parent,8,18,100,13.6131126469709,14.933609860267948,18.36939798987516,0.9473663492182529,13.6131126469709,950,12.08,14.0
mutate_parent,8,19,100,13.6131126469709,14.846222146307504,18.230839160261237,0.9718396022177865,13.6131126469709,1000,12.3,14.0
mutate_parent,8,20,100,13.6131126469709,14.73779452702139,17.729563014098698,0.9006252475099152,13.6131126469709,1050,12.78,14.0
mutate_parent,8,21,100,13.6131126469709,14.64277976119621,18.258089374931437,0.9283158832697426,13.6131126469709,1100,13.09,14.0
mutate_parent,8,22,100,13.574021572639982,14.81276906368505,20.157342370508886,1.2057056737555558,13.574021572639982,1150,13.1,11.0
mutate_parent,8,23,100,13.574021572639982,14.576222456611177,19.23766385365573,1.049071256401349,13.574021572639982,1200,13.46,11.0
mutate_parent,8,24,100,13.574021572639982,14.594397502920119,19.540658617698014,1.0876260422006963,13.574021572639982,1250,13.22,11.0
mutate_parent,8,25,100,13.574021572639982,14.456289934852705,17.126785107312738,0.8458430241581897,13.574021572639982,1300,13.28,11.0
mutate_parent,8,26,100,13.574021572639982,14.427965899231145,16.95472369909914,0.797874758841987,13.574021572639982,1350,13.47,11.0
mutate_parent,8,27,100,13.574021572639982,14.506474036705088,17.544155686354955,0.9116115792537887,13.574021572639982,1400,13.16,11.0
mutate_parent,8,28,100,13.574021572639982,14.430606656157678,18.47375485654325,0.9176884719665634,13.574021572639982,1450,13.44,11.0
mutate_parent,8,29,100,13.574021572639982,14.461926135170835,17.504834939252007,0.8992616646157812,13.574021572639982,1500,13.12,11.0
mutate_parent,8,30,100,13.574021572639982,14.416412424911542,17.633630940518895,0.8616192307353199,13.574021572639982,1550,13.47,11.0
mutate_parent,8,31,100,13.574021572639982,14.38423468563735,17.540758070878027,0.8173490031923262,13.574021572639982,1600,13.74,11.0
mutate_parent,8,32,100,13.505547008526777,14.380281231518673,17.66794833886788,0.8692242301698704,13.505547008526777,1650,13.15,14.0
mutate_parent,8,33,100,13.227566688249707,14.328452219060019,17.288854381999833,0.8566159168240491,13.227566688249707,1700,13.32,13.0
mutate_parent,8,34,100,13.227566688249707,14.352985167866745,17.097169055259613,0.8654958988697621,13.227566688249707,1750,13.2,13.0
mutate_parent,8,35,100,13.227566688249707,14.345743885480871,16.998147830506312,0.8912136106582138,13.227566688249707,1800,13.3,13.0
mutate_parent,8,36,100,13.227566688249707,14.426747985471733,18.252610922848042,1.0994281561557953,13.227566688249707,1850,13.44,13.0
mutate_parent,8,37,100,13.227566688249707,14.313121835624267,17.86124969497314,0.8796954586801514,13.227566688249707,1900,13.5,13.0
mutate_parent,8,38,100,13.227566688249707,14.515213884417927,18.129888335921976,1.1617279736241575,13.227566688249707,1950,13.51,13.0
mutate_parent,8,39,100,13.227566688249707,14.363666165084748,18.359411708155672,1.0378294692390608,13.227566688249707,2000,13.31,13.0
mutate_parent,8,40,100,13.227566688249707,14.286761975078672,17.660107523773828,0.9283049382547839,13.227566688249707,2050,12.96,13.0
mutate_parent,8,41,100,13.227566688249707,14.289535701928838,17.64187454245971,0.8661018442561046,13.227566688249707,2100,12.77,13.0
mutate_parent,8,42,100,13.227566688249707,14.490352093519872,17.70185121722126,1.1891945738928051,13.227566688249707,2150,12.42,13.0
mutate_parent,8,43,100,13.227566688249707,14.344415902046252,19.17804971641414,1.042984529009843,13.227566688249707,2200,12.78,13.0
mutate_parent,8,44,100,13.227566688249707,14.313199297168724,17.38239052790439,0.9823170938873627,13.227566688249707,2250,12.58,13.0
mutate_parent,8,45,100,13.227566688249707,14.30746277278639,18.841653005427766,1.043015079784035,13.227566688249707,2300,12.64,13.0
mutate_parent,8,46,100,13.227566688249707,14.265008013337786,17.392492955535428,0.920150456528813,13.227566688249707,2350,12.39,13.0
mutate_parent,8,47,100,13.08494332412792,14.372155842344517,19.7,1.191743795289226,13.08494332412792,2400,12.21,12.0
mutate_parent,8,48,100,13.08494332412792,14.24926200074937,19.857066051117283,1.0955788981710113,13.08494332412792,2450,12.48,12.0
mutate_parent,8,49,100,13.08494332412792,14.278811400800668,17.634791467339657,0.9642089664548181,13.08494332412792,2500,12.26,12.0
mutate_parent,8,50,100,13.08494332412792,14.26040902920116,17.590732788777423,1.0394137832901422,13.08494332412792,2550,11.87,12.0
mutate_parent,8,51,100,13.08494332412792,14.164646256658742,17.32987251894456,0.8704982284728832,13.08494332412792,2600,12.04,12.0
mutate_parent,8,52,100,13.08494332412792,14.182547937644483,18.2131126469709,0.9801363675444991,13.08494332412792,2650,12.23,12.0
mutate_parent,8,53,100,13.08494332412792,14.292809497088177,17.48328677803526,1.0074421193263066,13.08494332412792,2700,12.43,12.0
mutate_parent,8,54,100,13.08494332412792,14.175213012677505,17.468089245796925,1.0086801045379574,13.08494332412792,2750,12.17,12.0
mutate_parent,8,55,100,13.08494332412792,14.216276219000493,18.280697580112786,1.1170784645631213,13.08494332412792,2800,12.31,12.0
mutate_parent,8,56,100,12.920465053408524,14.079311686861825,18.524845673131658,0.9667467590948222,12.920465053408524,2850,12.4,13.0
mutate_parent,8,57,100,12.920465053408524,13.958920887276689,16.635585071701225,0.8381229084993208,12.920465053408524,2900,12.58,13.0
mutate_parent,8,58,100,12.920465053408524,14.049528170729364,17.340967364599088,0.9165845619916504,12.920465053408524,2950,12.63,13.0
mutate_parent,8,59,100,12.920465053408524,14.133086212250392,18.599999999999998,1.1609533247121153,12.920465053408524,3000,12.72,13.0
mutate_parent,8,60,100,12.920465053408524,14.026176354925651,18.47624151769984,1.0502531982343417,12.920465053408524,3050,12.42,13.0
mutate_parent,8,61,100,12.920465053408524,13.969858506386949,16.623742416388573,0.8967943292905817,12.920465053408524,3100,12.45,13.0
mutate_parent,8,62,100,12.920465053408524,14.037327166963586,16.88425027803687,1.0067784885236064,12.920465053408524,3150,12.4,13.0
mutate_parent,8,63,100,12.920465053408524,13.928930905094235,17.29192496674806,0.9336324280325657,12.920465053408524,3200,12.71,13.0
mutate_parent,8,64,100,12.920465053408524,14.101145336991962,17.097169055259613,1.1447813928521824,12.920465053408524,3250,12.57,13.0
mutate_parent,8,65,100,12.920465053408524,13.779939822840774,16.2,0.8059752198625366,12.920465053408524,3300,12.72,13.0
mutate_parent,8,66,100,12.920465053408524,13.990108720087,17.44899959967968,1.0116866965450515,12.920465053408524,3350,12.66,13.0
mutate_parent,8,67,100,12.920465053408524,13.893895132295949,16.8,0.9237580805792984,12.920465053408524,3400,12.71,13.0
mutate_parent,8,68,100,12.920465053408524,13.939132666253624,18.381742422927143,1.10125974802567,12.920465053408524,3450,12.87,13.0
mutate_parent,8,69,100,12.920465053408524,13.9163860732915,17.92756668824971,1.0532043511991622,12.920465053408524,3500,12.59,13.0
mutate_parent,8,70,100,12.920465053408524,13.904734577940303,16.208607914449797,0.9401276984839715,12.920465053408524,3550,12.78,13.0
mutate_parent,8,71,100,12.891153452528776,13.85852829509898,16.80332963783729,0.9880098357364032,12.891153452528776,3600,12.88,13.0
mutate_parent,8,72,100,12.891153452528776,13.861595756607008,18.36397674405503,1.1121388586584293,12.891153452528776,3650,12.68,13.0
mutate_parent,8,73,100,12.891153452528776,13.823843107637344,18.809243436828815,1.1278729188310677,12.891153452528776,3700,12.69,13.0
mutate_parent,8,74,100,12.891153452528776,13.93037006723906,17.562600113499066,1.1391559664058524,12.891153452528776,3750,12.74,13.0
mutate_parent,8,75,100,12.891153452528776,13.825000100080477,19.07364413533277,1.141203561073924,12.891153452528776,3800,12.84,13.0
mutate_parent,8,76,100,12.891153452528776,13.831902062990677,17.544155686354955,1.044538066726,12.891153452528776,3850,12.47,13.0
mutate_parent,8,77,100,12.891153452528776,13.760948254538237,17.251881339845202,1.0051505804401346,12.891153452528776,3900,12.45,13.0
mutate_parent,8,78,100,12.891153452528776,13.747186356253875,17.001922721455983,0.9957459636496033,12.891153452528776,3950,12.5,13.0
mutate_parent,8,79,100,12.891153452528776,13.706956630534387,17.59136645896019,1.0609405941062962,12.891153452528776,4000,12.62,13.0
mutate_parent,8,80,100,12.891153452528776,13.761246909549197,18.92756668824971,1.0772603182761722,12.891153452528776,4050,12.6,13.0
mutate_parent,8,81,100,12.891153452528776,13.775075331276893,18.554065922853802,1.1285523672994364,12.891153452528776,4100,12.64,13.0
mutate_parent,8,82,100,12.891153452528776,13.67906644317949,16.067366884975474,0.9027667327236081,12.891153452528776,4150,12.6,13.0
mutate_parent,8,83,100,12.891153452528776,13.912973505551896,19.411871208194288,1.3659897237331882,12.891153452528776,4200,12.43,13.0
mutate_parent,8,84,100,12.891153452528776,13.687996567104351,16.647630988187686,0.9770461730966824,12.891153452528776,4250,12.57,13.0
mutate_parent,8,85,100,12.891153452528776,13.92439099664018,17.781666326391708,1.333720545837836,12.891153452528776,4300,12.32,13.0
mutate_parent,8,86,100,12.891153452528776,13.644804487976014,16.63907194296653,0.9262207732240625,12.891153452528776,4350,12.64,13.0
mutate_parent,8,87,100,12.891153452528776,13.829947596340432,17.185980344927163,1.2004881133572955,12.891153452528776,4400,12.73,13.0
mutate_parent,8,88,100,12.891153452528776,13.839154369686987,17.544155686354955,1.1782964619821947,12.891153452528776,4450,12.31,13.0
mutate_parent,8,89,100,12.891153452528776,13.70046452229346,18.003569153775235,1.0595699683548352,12.891153452528776,4500,12.67,13.0
mutate_parent,8,90,100,12.891153452528776,13.719242679784431,17.912833614050058,1.095096904617259,12.891153452528776,4550,12.68,13.0
mutate_parent,8,91,100,12.891153452528776,13.746212715287282,16.942284155677232,1.069904619560458,12.891153452528776,4600,12.43,13.0
mutate_parent,8,92,100,12.891153452528776,13.616672055250337,16.609975124224178,0.9910244881578552,12.891153452528776,4650,12.61,13.0
mutate_parent,8,93,100,12.891153452528776,13.861018728386407,17.85870331449229,1.3620794203138873,12.891153452528776,4700,12.65,13.0
mutate_parent,8,94,100,12.891153452528776,13.686121934852741,16.88166632639171,0.9676895588794416,12.891153452528776,4750,12.45,13.0
mutate_parent,8,95,100,12.891153452528776,13.806307392013563,18.912833614050058,1.1983532483909143,12.891153452528776,4800,12.63,13.0
mutate_parent,8,96,100,12.891153452528776,13.988978647913427,17.312771730569565,1.2959524053125593,12.891153452528776,4850,12.45,13.0
mutate_parent,8,97,100,12.891153452528776,13.8375723935999,17.544155686354955,1.1806025135295928,12.891153452528776,4900,12.33,13.0
mutate_parent,8,98,100,12.891153452528776,13.603962903193315,17.191454509095756,0.9214823189510406,12.891153452528776,4950,12.64,13.0
mutate_parent,8,99,100,12.891153452528776,13.678667169335872,18.470540018881465,1.0946538186497767,12.891153452528776,5000,12.69,13.0
mutate_parent,8,100,100,12.891153452528776,13.905207992484677,17.40997512422418,1.3014726890660284,12.891153452528776,5050,12.56,13.0
mutate_parent,9,0,50,15.423243291566195,18.32636051518821,21.049666651850536,1.6223783185459864,15.423243291566195,50,10.7,11.0
mutate_parent,9,1,100,15.233959855479075,17.76897691764141,21.049666651850536,1.5588854357057982,15.233959855479075,100,9.58,10.0
mutate_parent,9,2,100,15.233959855479075,16.467284143531234,18.949705872175155,0.6117315160609181,15.233959855479075,150,8.88,10.0
mutate_parent,9,3,100,15.049545416973505,16.263441874517287,18.58446194559183,0.6839626362394048,15.049545416973505,200,9.21,12.0
mutate_parent,9,4,100,14.496150997149435,16.014723031382697,19.648199740725325,0.6937596132574837,14.496150997149435,250,9.93,12.0
mutate_parent,9,5,100,14.408318915758459,15.87528657307758,19.646536616149582,0.7959009472700408,14.408318915758459,300,9.91,11.0
mutate_parent,9,6,100,14.408318915758459,15.807796656378322,18.961352984276694,0.8414721218003003,14.408318915758459,350,10.03,11.0
mutate_parent,9,7,100,14.408318915758459,15.64401405633594,18.093468988235944,0.7237383734834826,14.408318915758459,400,10.16,11.0
mutate_parent,9,8,100,14.408318915758459,15.49281094456285,19.61555394056826,0.8374422379642301,14.408318915758459,450,10.42,11.0
mutate_parent,9,9,100,14.408318915758459,15.337548296329633,19.648199740725325,0.8253994295802222,14.408318915758459,500,10.71,11.0
mutate_parent,9,10,100,14.253720459187964,15.206852475984656,19.648199740725325,0.880764209601566,14.253720459187964,550,10.95,12.0
mutate_parent,9,11,100,14.253720459187964,15.187672753412997,18.770615218501405,0.8445611974071681,14.253720459187964,600,11.16,12.0
mutate_parent,9,12,100,14.253720459187964,15.112007759921168,18.0,0.8085493423230541,14.253720459187964,650,11.21,12.0
mutate_parent,9,13,100,13.967491648096548,15.061764231860234,18.1,0.8635677702782333,13.967491648096548,700,11.07,12.0
mutate_parent,9,14,100,13.967491648096548,15.097548751238694,19.741653005427764,1.0642212090605787,13.967491648096548,750,11.06,12.0
mutate_parent,9,15,100,13.95472369909914,14.990615983475127,18.44928556845359,0.9552982975792152,13.95472369909914,800,11.27,13.0
mutate_parent,9,16,100,13.95472369909914,15.0379314136459,19.09193023216509,1.0791842144726014,13.95472369909914,850,11.43,13.0
mutate_parent,9,17,100,13.95472369909914,15.307280692769494,19.80787840283389,1.5226779074513075,13.95472369909914,900,11.36,13.0
mutate_parent,9,18,100,13.95472369909914,14.894213545055502,19.680614856144977,0.9527012391172981,13.95472369909914,950,11.24,13.0
mutate_parent,9,19,100,13.843908891458577,14.91313758833682,18.680614856144977,0.985067084793989,13.843908891458577,1000,11.73,14.0
mutate_parent,9,20,100,13.843908891458577,14.81002114032558,17.50454076850486,0.8046103997605089,13.843908891458577,1050,11.59,14.0
mutate_parent,9,21,100,13.6,14.754423895485218,17.67996655509042,0.8153203655821771,13.6,1100,11.93,13.0
mutate_parent,9,22,100,13.6,14.7324034455537,17.561740355901136,0.8233447467711891,13.6,1150,11.99,13.0
mutate_parent,9,23,100,13.6,14.637166296892888,17.929705854077834,0.7336939050442823,13.6,1200,12.61,13.0
mutate_parent,9,24,100,13.6,14.633531642727469,18.71882341631134,0.8767347362203963,13.6,1250,12.28,13.0
mutate_parent,9,25,100,13.6,14.793597624476375,18.257583690279024,1.0916178678008668,13.6,1300,12.41,13.0
mutate_parent,9,26,100,13.6,14.811952872433533,19.814944167960988,1.2792880718560666,13.6,1350,12.4,13.0
mutate_parent,9,27,100,13.6,14.744238634472527,19.560107523773826,1.1812209031081236,13.6,1400,12.56,13.0
mutate_parent,9,28,100,13.588409872672514,14.6095114167696,18.58679622641132,0.9577013413487782,13.588409872672514,1450,12.5,13.0
mutate_parent,9,29,100,13.588409872672514,14.621450723051167,19.49582971014219,1.1559823131212186,13.588409872672514,1500,12.88,13.0
mutate_parent,9,30,100,13.588409872672514,14.471785927021328,20.67681974534503,1.0627408223615118,13.588409872672514,1550,12.79,13.0
mutate_parent,9,31,100,13.588409872672514,14.491189925793776,17.163818169698587,0.8850169748228748,13.588409872672514,1600,12.81,13.0
mutate_parent,9,32,100,13.56287388383278,14.646075534781184,19.881742422927143,1.365193051106102,13.56287388383278,1650,12.74,14.0
mutate_parent,9,33,100,13.56287388383278,14.583262031110117,19.680614856144977,1.201479460105254,13.56287388383278,1700,12.8,14.0
mutate_parent,9,34,100,13.56287388383278,14.401575996089582,18.01657508881031,0.8789902297332489,13.56287388383278,1750,13.37,14.0
mutate_parent,9,35,100,13.56287388383278,14.612081859456856,20.72264954516723,1.3647024040712583,13.56287388383278,1800,12.66,14.0
mutate_parent,9,36,100,13.56287388383278,14.574872006725633,18.71882341631134,1.1426892077847957,13.56287388383278,1850,12.91,14.0
mutate_parent,9,37,100,13.56287388383278,14.44582613759684,18.900000000000002,1.07310451275374,13.56287388383278,1900,12.96,14.0
mutate_parent,9,38,100,13.56287388383278,14.563152542510602,19.256465996625053,1.1516363560962604,13.56287388383278,1950,13.33,14.0
mutate_parent,9,39,100,13.56287388383278,14.358862978278177,17.75472369909914,0.9283853983193221,13.56287388383278,2000,12.98,14.0
mutate_parent,9,40,100,13.56287388383278,14.374105277221302,18.226989472816157,0.9670918683091064,13.56287388383278,2050,13.21,14.0
mutate_parent,9,41,100,13.56287388383278,14.415738450682033,16.991153452528778,0.9647235557240934,13.56287388383278,2100,13.19,14.0
mutate_parent,9,42,100,13.56287388383278,14.386452558210475,19.340967364599088,1.0127241096866662,13.56287388383278,2150,13.2,14.0
mutate_parent,9,43,100,13.557583690279023,14.348609998547838,17.828109984434104,0.9429083689378231,13.557583690279023,2200,13.01,15.0
mutate_parent,9,44,100,13.557583690279023,14.532186979275096,17.836660026534076,1.1712340873533897,13.557583690279023,2250,13.14,15.0
mutate_parent,9,45,100,13.557583690279023,14.364041419652521,18.586651818838305,0.9560752197609486,13.557583690279023,2300,13.24,15.0
mutate_parent,9,46,100,13.557583690279023,14.506492230615306,20.144994432064365,1.3497719243047015,13.557583690279023,2350,13.36,15.0
mutate_parent,9,47,100,13.448999599679679,14.368014464982826,18.05320425066476,1.0500920626762986,13.448999599679679,2400,13.2,14.0
mutate_parent,9,48,100,13.448999599679679,14.342485663724775,17.50830459735946,1.0249311865234283,13.448999599679679,2450,13.19,14.0
mutate_parent,9,49,100,13.448999599679679,14.391049905512045,17.6464274989274,1.0145377761040857,13.448999599679679,2500,12.91,14.0
mutate_parent,9,50,100,13.448999599679679,14.320945917086982,18.2,1.0190362880369506,13.448999599679679,2550,13.45,14.0
mutate_parent,9,51,100,13.448999599679679,14.370821686048332,18.644832503882967,1.0956759788500638,13.448999599679679,2600,13.3,14.0
mutate_parent,9,52,100,13.448999599679679,14.348189752602018,18.140175425099137,1.0944191234623377,13.448999599679679,2650,13.21,14.0
mutate_parent,9,53,100,13.448999599679679,14.455619508427787,19.680614856144977,1.2952760337301479,13.448999599679679,2700,13.11,14.0
mutate_parent,9,54,100,13.448999599679679,14.525105056390672,18.887467277262665,1.268248626952533,13.448999599679679,2750,13.15,14.0
mutate_parent,9,55,100,13.448999599679679,14.45744071820272,19.61555394056826,1.368031304093211,13.448999599679679,2800,13.12,14.0
mutate_parent,9,56,100,13.448999599679679,14.337932228452894,18.058052492344384,1.0836507728969014,13.448999599679679,2850,13.36,14.0
mutate_parent,9,57,100,13.448999599679679,14.207127583217291,18.058052492344384,0.9022484345903674,13.448999599679679,2900,13.27,14.0
mutate_parent,9,58,100,13.448999599679679,14.301896422333414,18.71882341631134,1.1121962165736043,13.448999599679679,2950,13.6,14.0
mutate_parent,9,59,100,13.448999599679679,14.267169940057515,19.577708763999663,1.0428476772243696,13.448999599679679,3000,13.17,14.0
mutate_parent,9,60,100,13.448999599679679,14.21887689505856,17.628266749240613,0.9986134855588317,13.448999599679679,3050,13.44,14.0
mutate_parent,9,61,100,13.448999599679679,14.394704420723128,18.738211655780212,1.1912249179387189,13.448999599679679,3100,13.4,14.0
mutate_parent,9,62,100,13.448999599679679,14.281251484151898,19.648199740725325,1.1118343731254876,13.448999599679679,3150,13.25,14.0
mutate_parent,9,63,100,13.448999599679679,14.307946615429282,18.05320425066476,1.0574399461591675,13.448999599679679,3200,13.35,14.0
mutate_parent,9,64,100,13.448999599679679,14.435841498142508,18.063818169698585,1.1904404141204579,13.448999599679679,3250,13.27,14.0
mutate_parent,9,65,100,13.448999599679679,14.222563824403347,18.738211655780212,1.039954184919245,13.448999599679679,3300,13.24,14.0
mutate_parent,9,66,100,13.448999599679679,14.273616441592772,19.024845673131658,1.1575412342028897,13.448999599679679,3350,13.28,14.0
mutate_parent,9,67,100,13.448999599679679,14.280957105895329,19.680614856144977,1.2298850988605345,13.448999599679679,3400,13.43,14.0
mutate_parent,9,68,100,13.448999599679679,14.335799685557552,19.61555394056826,1.2166420726715828,13.448999599679679,3450,13.26,14.0
mutate_parent,9,69,100,13.448999599679679,14.235225334561102,17.76397674405503,0.9303935075968699,13.448999599679679,3500,13.37,14.0
mutate_parent,9,70,100,13.448999599679679,14.357929912014443,18.672004514666934,1.2447493143253505,13.448999599679679,3550,13.34,14.0
mutate_parent,9,71,100,13.448999599679679,14.533572851332115,19.72089730686545,1.4659684848463401,13.448999599679679,3600,13.37,14.0
mutate_parent,9,72,100,13.448999599679679,14.16932653472984,17.66508488420533,0.9124431706290922,13.448999599679679,3650,13.35,14.0
mutate_parent,9,73,100,13.448999599679679,14.445263277051101,20.488689042296098,1.295258508378752,13.448999599679679,3700,13.32,14.0
mutate_parent,9,74,100,13.448999599679679,14.167043725693897,18.992838827718412,1.0354358377673354,13.448999599679679,3750,13.44,14.0
mutate_parent,9,75,100,13.448999599679679,14.178601472485227,17.53382640840131,0.9453801413610139,13.448999599679679,3800,13.65,14.0
mutate_parent,9,76,100,13.448999599679679,14.366925656776834,19.648199740725325,1.1964754124822958,13.448999599679679,3850,13.4,14.0
mutate_parent,9,77,100,13.448999599679679,14.12923279953133,19.012403840463595,1.0069549589461266,13.448999599679679,3900,13.63,14.0
mutate_parent,9,78,100,13.448999599679679,14.282443285826503,18.781488772222676,1.0646517837414002,13.448999599679679,3950,13.33,14.0
mutate_parent,9,79,100,13.448999599679679,14.234753791995072,18.075759062657806,1.0778025960533122,13.448999599679679,4000,13.19,14.0
mutate_parent,9,80,100,13.448999599679679,14.044595076743917,17.6464274989274,0.7721403323275497,13.448999599679679,4050,13.74,14.0
mutate_parent,9,81,100,13.448999599679679,14.378064368094412,19.3,1.3305856973075292,13.448999599679679,4100,13.51,14.0
mutate_parent,9,82,100,13.448999599679679,14.239050743465109,19.560107523773826,1.1112031238002305,13.448999599679679,4150,13.53,14.0
mutate_parent,9,83,100,13.448999599679679,14.181757010335357,17.6464274989274,1.016768331931677,13.448999599679679,4200,13.08,14.0
mutate_parent,9,84,100,13.448999599679679,14.253778785688041,19.58679622641132,1.1439174647617871,13.448999599679679,4250,13.51,14.0
mutate_parent,9,85,100,13.448999599679679,14.301455643907591,19.0576411454889,1.225085166163228,13.448999599679679,4300,13.44,14.0
mutate_parent,9,86,100,13.448999599679679,14.209391634375336,19.648199740725325,1.086950020388036,13.448999599679679,4350,13.45,14.0
mutate_parent,9,87,100,13.419803902718558,14.177062162342157,18.559591794226545,1.0080328996961494,13.419803902718558,4400,13.57,15.0
mutate_parent,9,88,100,13.419803902718558,14.20384727735993,17.567148342118486,0.9656487471271923,13.419803902718558,4450,13.34,15.0
mutate_parent,9,89,100,13.419803902718558,14.110718568722023,18.02828568570857,0.8921698324290148,13.419803902718558,4500,13.61,15.0
mutate_parent,9,90,100,13.419803902718558,14.163167493346009,18.586651818838305,1.0327347292852944,13.419803902718558,4550,13.65,15.0
mutate_parent,9,91,100,13.419803902718558,14.209510007681004,16.84355957741627,1.0117020481213375,13.419803902718558,4600,13.51,15.0
mutate_parent,9,92,100,13.419803902718558,14.260541317799046,18.590976933136425,1.1917443903935465,13.419803902718558,4650,13.47,15.0
mutate_parent,9,93,100,13.419803902718558,14.353007703069585,18.71882341631134,1.253944057493088,13.419803902718558,4700,13.4,15.0
mutate_parent,9,94,100,13.419803902718558,14.31354867329595,19.648199740725325,1.165209020888523,13.419803902718558,4750,13.48,15.0
mutate_parent,9,95,100,13.419803902718558,14.281181072932734,18.97484176581315,1.1159633515759524,13.419803902718558,4800,13.72,15.0
mutate_parent,9,96,100,13.419803902718558,14.104709428362503,18.961352984276694,1.0399411715014346,13.419803902718558,4850,13.69,15.0
mutate_parent,9,97,100,13.419803902718558,14.26649903464152,18.51651513899117,1.1049828505307935,13.419803902718558,4900,13.58,15.0
mutate_parent,9,98,100,13.419803902718558,14.099334489647,19.015167380558044,0.9866661156332424,13.419803902718558,4950,13.73,15.0
mutate_parent,9,99,100,13.419803902718558,14.257723154106905,18.400000000000002,1.1966750174842748,13.419803902718558,5000,13.5,15.0
mutate_parent,9,100,100,13.419803902718558,14.294040006150484,17.336660026534076,1.0133993484055939,13.419803902718558,5050,13.66,15.0
random_search,0,0,50,15.72490309931942,18.456594193130673,21.049444375840398,1.4792826492936337,15.72490309931942,50,9.5,9.0
random_search,0,1,100,15.34302481094059,18.29517046743618,22.267491648096545,1.5473236559274515,15.34302481094059,100,9.9,11.0
random_search,0,2,100,15.34302481094059,17.753798037472496,22.201428280002318,1.3794930010826225,15.34302481094059,150,9.86,11.0
random_search,0,3,100,15.215823125451335,17.423565171732413,21.623243291566197,1.3161771310243868,15.215823125451335,200,10.05,8.0
random_search,0,4,100,15.215823125451335,17.291669483294914,22.511094017053555,1.344403086153455,15.215823125451335,250,10.0,8.0
random_search,0,5,100,15.215823125451335,17.29509655216936,21.25941170815567,1.4414079762389433,15.215823125451335,300,9.72,8.0
random_search,0,6,100,15.215823125451335,17.222324666247744,21.137715508089904,1.4847176468028422,15.215823125451335,350,10.26,8.0
random_search,0,7,100,15.215823125451335,17.146098296191916,21.934192325759245,1.448142733971195,15.215823125451335,400,10.06,8.0
random_search,0,8,100,15.215823125451335,17.286656463631967,21.55277655408689,1.5663515808564052,15.215823125451335,450,10.47,8.0
random_search,0,9,100,14.868787265568827,17.172396242339076,22.18072158238645,1.6853451886435578,14.868787265568827,500,11.0,9.0
random_search,0,10,100,14.868787265568827,17.12784045570949,21.949576240750524,1.5747443430536714,14.868787265568827,550,10.3,9.0
random_search,0,11,100,14.868787265568827,17.03853859830608,20.900000000000002,1.449639042584019,14.868787265568827,600,10.28,9.0
random_search,0,12,100,14.868787265568827,16.915386711469296,20.648199740725325,1.5017076901404516,14.868787265568827,650,10.97,9.0
random_search,0,13,100,14.868787265568827,16.906939437511056,20.80199920063936,1.4774226697315087,14.868787265568827,700,10.01,9.0
random_search,0,14,100,14.868787265568827,17.111140678827688,20.756809750418043,1.698959950790294,14.868787265568827,750,10.36,9.0
random_search,0,15,100,14.868787265568827,16.840579809035944,20.810693864511038,1.4171807698141077,14.868787265568827,800,10.12,9.0
random_search,0,16,100,14.868787265568827,16.962603270280198,22.44963766213207,1.6457439785883445,14.868787265568827,850,9.92,9.0
random_search,0,17,100,14.868787265568827,16.852706765700646,21.1886890422961,1.5131523927434007,14.868787265568827,900,10.15,9.0
random_search,0,18,100,14.868787265568827,16.88465934300324,20.982306905057555,1.5223054764370108,14.868787265568827,950,10.17,9.0
random_search,0,19,100,14.868787265568827,17.03653867710748,20.648199740725325,1.634432077355002,14.868787265568827,1000,9.83,9.0
random_search,0,20,100,14.868787265568827,16.983357191626663,20.648199740725325,1.5540615562801254,14.868787265568827,1050,10.14,9.0
random_search,0,21,100,14.868787265568827,17.05741663000038,21.553299832284317,1.7356871616836436,14.868787265568827,1100,10.44,9.0
random_search,0,22,100,14.868787265568827,16.928432341736112,20.648199740725325,1.541057693991819,14.868787265568827,1150,10.16,9.0
random_search,0,23,100,14.868787265568827,17.031096221786807,21.394438717061494,1.748239213715845,14.868787265568827,1200,10.87,9.0
random_search,0,24,100,14.868787265568827,16.914687322833526,20.978505426185215,1.6419127530059907,14.868787265568827,1250,10.35,9.0
random_search,0,25,100,14.868787265568827,16.86454194509136,21.50516780926679,1.4447445727225097,14.868787265568827,1300,10.2,9.0
random_search,0,26,100,14.868787265568827,16.84405436930729,20.648199740725325,1.549192268307762,14.868787265568827,1350,10.1,9.0
random_search,0,27,100,14.868787265568827,16.809940777060266,21.87175030543074,1.6309490371178088,14.868787265568827,1400,9.81,9.0
random_search,0,28,100,14.868787265568827,16.87602363990115,20.648199740725325,1.5370558555148095,14.868787265568827,1450,10.74,9.0
random_search,0,29,100,14.868787265568827,16.891211565228705,21.572077843177475,1.6775234739049194,14.868787265568827,1500,10.13,9.0
random_search,0,30,100,14.758317958127243,16.889813342218247,22.156141357987227,1.5800891641062604,14.758317958127243,1550,10.9,11.0
random_search,0,31,100,14.758317958127243,16.936749023175604,20.8576411454889,1.6208992637602482,14.758317958127243,1600,10.0,11.0
random_search,0,32,100,14.758317958127243,16.81611561262245,22.052396473549933,1.5970258165818165,14.758317958127243,1650,10.84,11.0
random_search,0,33,100,14.758317958127243,17.081160952417992,21.656141357987227,1.7556682521297946,14.758317958127243,1700,10.3,11.0
random_search,0,34,100,14.758317958127243,16.930910434928055,21.355430508634196,1.720507349404153,14.758317958127243,1750,10.34,11.0
random_search,0,35,100,14.758317958127243,16.971924934773803,21.679075450674063,1.6804998780359837,14.758317958127243,1800,10.52,11.0
random_search,0,36,100,14.758317958127243,16.858244472842742,21.19332590941915,1.629813851005117,14.758317958127243,1850,10.25,11.0
random_search,0,37,100,14.758317958127243,16.76250113186644,21.261706725018236,1.5453365532232386,14.758317958127243,1900,10.99,11.0
random_search,0,38,100,14.758317958127243,16.841417661273855,20.70936130717624,1.577390136112573,14.758317958127243,1950,10.64,11.0
random_search,0,39,100,14.758317958127243,16.895978986829718,22.142787793912433,1.745744236475414,14.758317958127243,2000,10.49,11.0
random_search,0,40,100,14.758317958127243,16.97866895377444,22.949705872175155,1.7774830865478337,14.758317958127243,2050,10.4,11.0
random_search,0,41,100,14.758317958127243,16.949272385062603,21.841653005427766,1.792192744499964,14.758317958127243,2100,10.05,11.0
random_search,0,42,100,14.758317958127243,16.74505403236525,20.495451410656816,1.5100632400088554,14.758317958127243,2150,10.18,11.0
random_search,0,43,100,14.758317958127243,16.753936393936414,20.648199740725325,1.5843196979539433,14.758317958127243,2200,9.84,11.0
random_search,0,44,100,14.758317958127243,16.771024654716125,20.8868192457523,1.5986239942276441,14.758317958127243,2250,9.75,11.0
random_search,0,45,100,14.758317958127243,16.72737153488649,20.660319135392633,1.5800363957551427,14.758317958127243,2300,10.3,11.0
random_search,0,46,100,14.758317958127243,16.665459141563016,20.648199740725325,1.5971528250623561,14.758317958127243,2350,9.82,11.0
random_search,0,47,100,14.758317958127243,16.732352452932343,20.648199740725325,1.5819202044290546,14.758317958127243,2400,10.09,11.0
random_search,0,48,100,14.758317958127243,16.80215464405493,21.344009029333872,1.654120527774184,14.758317958127243,2450,10.77,11.0
random_search,0,49,100,14.758317958127243,16.817817281169145,21.860319135392636,1.6813047010897786,14.758317958127243,2500,10.67,11.0
random_search,0,50,100,14.758317958127243,16.757267284339655,21.456141357987224,1.644524173578939,14.758317958127243,2550,9.89,11.0
random_search,0,51,100,14.758317958127243,16.768690987272493,20.970540018881465,1.6488830775579835,14.758317958127243,2600,10.95,11.0
random_search,0,52,100,14.758317958127243,16.802806109638052,21.01058907144937,1.5981985106996837,14.758317958127243,2650,9.92,11.0
random_search,0,53,100,14.758317958127243,16.939034480237986,20.648199740725325,1.780085886643773,14.758317958127243,2700,10.17,11.0
random_search,0,54,100,14.758317958127243,16.76134344562758,20.72928563989645,1.647622272576733,14.758317958127243,2750,10.86,11.0
random_search,0,55,100,14.758317958127243,16.78708799536536,21.345207879911715,1.8510866013473355,14.758317958127243,2800,9.77,11.0
random_search,0,56,100,14.758317958127243,16.892410524264005,20.880972058177587,1.7642768533158155,14.758317958127243,2850,9.79,11.0
random_search,0,57,100,14.758317958127243,16.822932373904244,22.32654919008431,1.8289825221367073,14.758317958127243,2900,10.33,11.0
random_search,0,58,100,14.758317958127243,16.75040119669602,21.346536616149585,1.7612171281826479,14.758317958127243,2950,10.47,11.0
random_search,0,59,100,14.758317958127243,16.78021177650606,20.660319135392633,1.7056588844448555,14.758317958127243,3000,10.69,11.0
random_search,0,60,100,14.758317958127243,16.840794161604723,21.96522961801754,1.8396486804410288,14.758317958127243,3050,10.35,11.0
random_search,0,61,100,14.758317958127243,16.727813275543284,21.071651780264986,1.772862304405027,14.758317958127243,3100,10.25,11.0
random_search,0,62,100,14.758317958127243,16.635137645340052,20.840930106817048,1.61390149380652,14.758317958127243,3150,11.01,11.0
random_search,0,63,100,14.758317958127243,16.681664483419585,20.648199740725325,1.6548475764075257,14.758317958127243,3200,9.98,11.0
random_search,0,64,100,14.758317958127243,16.781908499926907,21.72574776766556,1.8070957329316677,14.758317958127243,3250,10.77,11.0
random_search,0,65,100,14.758317958127243,16.725548782697373,21.256809750418043,1.712284628058448,14.758317958127243,3300,10.38,11.0
random_search,0,66,100,14.758317958127243,16.634783932414297,20.969817807045693,1.668402276458956,14.758317958127243,3350,10.73,11.0
random_search,0,67,100,14.758317958127243,16.731648275912608,21.687817782917154,1.7673903872099326,14.758317958127243,3400,10.61,11.0
random_search,0,68,100,14.758317958127243,16.818387698554364,21.68208554864871,1.8024258074630222,14.758317958127243,3450,10.5,11.0
random_search,0,69,100,14.758317958127243,16.75078436766779,21.920526275297412,1.8118402300557455,14.758317958127243,3500,10.86,11.0
random_search,0,70,100,14.758317958127243,16.87781549468593,21.623243291566197,1.7572014186097336,14.758317958127243,3550,9.86,11.0
random_search,0,71,100,14.758317958127243,16.80040109181017,21.30805405358401,1.805296038189033,14.758317958127243,3600,10.3,11.0
random_search,0,72,100,13.78806130178211,16.799280895160493,21.974868417407585,1.8282965703014518,13.78806130178211,3650,10.36,11.0
random_search,0,73,100,13.78806130178211,16.723710656839213,21.242787793912434,1.749839406704678,13.78806130178211,3700,11.12,11.0
random_search,0,74,100,13.78806130178211,16.722495391235974,20.691366458960193,1.7678340464163254,13.78806130178211,3750,10.94,11.0
random_search,0,75,100,13.78806130178211,16.502203046562244,20.648199740725325,1.5079873335164964,13.78806130178211,3800,10.14,11.0
random_search,0,76,100,13.78806130178211,16.773640560537572,21.077902338672775,1.8221889522798822,13.78806130178211,3850,10.7,11.0
random_search,0,77,100,13.78806130178211,16.791189838406268,21.271085446759226,1.819634273011003,13.78806130178211,3900,10.24,11.0
random_search,0,78,100,13.78806130178211,16.9196251612322,21.786335345031,1.9389485189816131,13.78806130178211,3950,10.2,11.0
random_search,0,79,100,13.78806130178211,16.671724652393944,21.449576240750524,1.6833462252677887,13.78806130178211,4000,10.42,11.0
random_search,0,80,100,13.78806130178211,16.65098644307757,21.073213749463704,1.6552702269986215,13.78806130178211,4050,10.47,11.0
random_search,0,81,100,13.78806130178211,16.88421646414546,20.989979919597747,1.9319284689930885,13.78806130178211,4100,11.25,11.0
random_search,0,82,100,13.78806130178211,16.56136517726492,20.659126028197402,1.635441516771371,13.78806130178211,4150,10.16,11.0
random_search,0,83,100,13.78806130178211,16.674576360402376,20.764132562731405,1.7856844099232576,13.78806130178211,4200,10.47,11.0
random_search,0,84,100,13.78806130178211,16.598073109081223,20.953720459187966,1.680072807930152,13.78806130178211,4250,10.89,11.0
random_search,0,85,100,13.78806130178211,16.79422962297726,21.146916505762093,1.8343332701428596,13.78806130178211,4300,10.42,11.0
random_search,0,86,100,13.78806130178211,16.67883960059464,20.937663853655728,1.7281167936555233,13.78806130178211,4350,10.15,11.0
random_search,0,87,100,13.78806130178211,16.48931551725079,20.648199740725325,1.5677546667837472,13.78806130178211,4400,10.33,11.0
random_search,0,88,100,13.78806130178211,16.67666923234343,21.126785107312738,1.7301880036209756,13.78806130178211,4450,10.77,11.0
random_search,0,89,100,13.78806130178211,16.48547154102592,20.648199740725325,1.588101874874468,13.78806130178211,4500,9.4,11.0
random_search,0,90,100,13.78806130178211,16.531976731819647,21.272751070837067,1.6244837448132714,13.78806130178211,4550,10.78,11.0
random_search,0,91,100,13.78806130178211,16.718208705174828,21.63318042491699,1.8294732689392015,13.78806130178211,4600,10.35,11.0
random_search,0,92,100,13.78806130178211,16.704450730524787,22.94963766213207,1.8545378622361808,13.78806130178211,4650,10.54,11.0
random_search,0,93,100,13.78806130178211,16.69511802703611,20.911871208194288,1.779473097015133,13.78806130178211,4700,10.4,11.0
random_search,0,94,100,13.78806130178211,16.831292461822045,22.20185121722126,1.894314316613574,13.78806130178211,4750,10.54,11.0
random_search,0,95,100,13.78806130178211,16.749145906598795,21.482306905057555,1.8652820748074652,13.78806130178211,4800,10.2,11.0
random_search,0,96,100,13.78806130178211,16.573821000564696,21.475817632051932,1.7492421409057846,13.78806130178211,4850,9.93,11.0
random_search,0,97,100,13.78806130178211,16.681727818091474,20.648199740725325,1.7366948345963773,13.78806130178211,4900,10.7,11.0
random_search,0,98,100,13.78806130178211,16.646235624193142,21.3,1.7863033810090287,13.78806130178211,4950,10.98,11.0
random_search,0,99,100,13.78806130178211,16.46673021451059,20.648199740725325,1.5280981761096821,13.78806130178211,5000,10.45,11.0
random_search,0,100,100,13.78806130178211,16.651948010882297,21.428991560298222,1.7602526660235387,13.78806130178211,5050,10.4,11.0
random_search,1,0,50,15.65796522451032,17.996327949610944,20.957066051117284,1.1394388530753021,15.65796522451032,50,10.7,13.0
random_search,1,1,100,15.609243436828814,18.230795224398992,22.610589071449372,1.30296093687503,15.609243436828814,100,10.37,12.0
random_search,1,2,100,15.552107898405339,17.678271295671035,20.855430508634196,1.096446400516773,15.552107898405339,150,9.38,10.0
random_search,1,3,100,15.360319135392633,17.38589720436698,20.648199740725325,1.0856537451032744,15.360319135392633,200,9.86,7.0
random_search,1,4,100,15.057641145488901,17.493415828865523,22.10768096208106,1.472054719798484,15.057641145488901,250,10.76,13.0
random_search,1,5,100,15.057641145488901,17.41829081120946,21.772077843177478,1.5175761313703333,15.057641145488901,300,9.55,13.0
random_search,1,6,100,15.057641145488901,17.243660942188164,20.802172886644268,1.3790320547159192,15.057641145488901,350,10.38,13.0
random_search,1,7,100,15.057641145488901,17.09309311196469,21.534387974463897,1.265555558426661,15.057641145488901,400,10.13,13.0
random_search,1,8,100,15.057641145488901,17.221540492311224,22.29192496674806,1.4969065522778489,15.057641145488901,450,9.75,13.0
random_search,1,9,100,15.057641145488901,17.12072698227093,21.115587038162705,1.4309607772186361,15.057641145488901,500,9.72,13.0
random_search,1,10,100,15.057641145488901,17.071814776244036,20.648199740725325,1.4234059224667428,15.057641145488901,550,10.18,13.0
random_search,1,11,100,15.057641145488901,16.887955939075063,21.159326868617086,1.271202416721626,15.057641145488901,600,9.68,13.0
random_search,1,12,100,15.057641145488901,17.075871854399466,23.207492981902774,1.6024221604652715,15.057641145488901,650,10.56,13.0
random_search,1,13,100,15.057641145488901,17.056131767409607,21.63901391331568,1.5108925816690408,15.057641145488901,700,9.81,13.0
random_search,1,14,100,15.057641145488901,17.0798241624492,22.110589071449372,1.6572868144362212,15.057641145488901,750,10.85,13.0
random_search,1,15,100,15.057641145488901,17.17937377147988,21.09072480941474,1.6408686096910785,15.057641145488901,800,10.58,13.0
random_search,1,16,100,15.057641145488901,17.04075088707145,20.648199740725325,1.5545645068548055,15.057641145488901,850,9.65,13.0
random_search,1,17,100,15.057641145488901,17.118711246972858,21.717800560721074,1.633625380500738,15.057641145488901,900,10.77,13.0
random_search,1,18,100,15.057641145488901,17.106996254068118,20.70185121722126,1.6557431174365318,15.057641145488901,950,9.63,13.0
random_search,1,19,100,15.057641145488901,16.980298066559254,21.29192496674806,1.5674680924730988,15.057641145488901,1000,10.4,13.0
random_search,1,20,100,15.057641145488901,16.949944321541093,21.417800560721076,1.4840415758156684,15.057641145488901,1050,10.62,13.0
random_search,1,21,100,15.057641145488901,16.95890961578673,20.953720459187966,1.6615583420315583,15.057641145488901,1100,10.45,13.0
random_search,1,22,100,15.057641145488901,17.073501890153306,21.701428280002318,1.7130451902890973,15.057641145488901,1150,11.28,13.0
random_search,1,23,100,15.057641145488901,16.97408664850435,21.38910462845192,1.6756264245653874,15.057641145488901,1200,10.59,13.0
random_search,1,24,100,15.057641145488901,17.035528483915684,21.66405499221705,1.7164514958544492,15.057641145488901,1250,9.49,13.0
random_search,1,25,100,15.057641145488901,16.910526697085842,20.648199740725325,1.4995655743141327,15.057641145488901,1300,9.74,13.0
random_search,1,26,100,15.057641145488901,16.88266911828759,20.648199740725325,1.5678651117875684,15.057641145488901,1350,9.91,13.0
random_search,1,27,100,15.057641145488901,16.89473246271323,21.672751070837066,1.6962996767578258,15.057641145488901,1400,10.8,13.0
random_search,1,28,100,15.057641145488901,16.886520513314018,20.713135192987522,1.5503407245571774,15.057641145488901,1450,11.08,13.0
random_search,1,29,100,15.057641145488901,16.8750147783999,21.855133376499413,1.6870341393292703,15.057641145488901,1500,10.53,13.0
random_search,1,30,100,15.057641145488901,16.87008761242821,21.166939881532553,1.6346536985751074,15.057641145488901,1550,10.28,13.0
random_search,1,31,100,15.057641145488901,16.76226301930066,21.846998799039042,1.5078314269868418,15.057641145488901,1600,10.43,13.0
random_search,1,32,100,15.057641145488901,16.777100637377252,21.253720459187964,1.6329103440818302,15.057641145488901,1650,10.77,13.0
random_search,1,33,100,15.057641145488901,16.714447898729173,22.496510211788166,1.562151155111351,15.057641145488901,1700,10.55,13.0
random_search,1,34,100,15.057641145488901,16.959717290477624,21.997057550292606,1.7811806755593487,15.057641145488901,1750,11.59,13.0
random_search,1,35,100,15.057641145488901,16.84085927889392,21.109243436828812,1.598800294474835,15.057641145488901,1800,10.16,13.0
random_search,1,36,100,15.057641145488901,16.69010242360417,22.271085446759226,1.597906887840313,15.057641145488901,1850,10.6,13.0
random_search,1,37,100,14.557965224510319,16.652050996155435,21.91386219991853,1.490212812950934,14.557965224510319,1900,10.0,12.0
random_search,1,38,100,14.557965224510319,16.793379800379377,21.437663853655728,1.6115782257150844,14.557965224510319,1950,9.43,12.0
random_search,1,39,100,14.557965224510319,16.925263330554476,20.819950248448357,1.7474615034157348,14.557965224510319,2000,10.71,12.0
random_search,1,40,100,14.557965224510319,16.818926069932527,21.60263066836631,1.650499948409697,14.557965224510319,2050,10.13,12.0
random_search,1,41,100,14.557965224510319,16.786526224303838,20.90454076850486,1.7201522616531182,14.557965224510319,2100,10.36,12.0
random_search,1,42,100,14.557965224510319,16.774271020839585,21.360051813123757,1.6335405167270085,14.557965224510319,2150,10.24,12.0
random_search,1,43,100,14.557965224510319,16.81970619170962,21.452610922848045,1.7493345774581495,14.557965224510319,2200,10.39,12.0
random_search,1,44,100,14.557965224510319,16.813713397810755,21.90944739819828,1.7130725333673857,14.557965224510319,2250,10.71,12.0
random_search,1,45,100,14.557965224510319,16.7280206621284,21.521347195933174,1.6806266712050104,14.557965224510319,2300,10.68,12.0
random_search,1,46,100,14.557965224510319,16.682804780775243,20.78790581563873,1.5997434103189956,14.557965224510319,2350,10.75,12.0
random_search,1,47,100,14.557965224510319,16.670356115726406,21.319160170741757,1.6714518478205935,14.557965224510319,2400,10.2,12.0
random_search,1,48,100,14.557965224510319,16.90945200643149,21.827636339397174,1.8144738129559614,14.557965224510319,2450,11.59,12.0
random_search,1,49,100,14.557965224510319,16.678706291271098,21.22574776766556,1.5987090560449708,14.557965224510319,2500,10.56,12.0
random_search,1,50,100,14.557965224510319,16.719489427207822,20.761706725018236,1.6900871672342945,14.557965224510319,2550,9.87,12.0
random_search,1,51,100,14.557965224510319,16.74415153037124,20.72574776766556,1.6526632133216184,14.557965224510319,2600,10.33,12.0
random_search,1,52,100,14.557965224510319,16.90907444513381,21.08526217596215,1.7485080280702352,14.557965224510319,2650,10.97,12.0
random_search,1,53,100,14.557965224510319,16.735957988078518,20.648199740725325,1.5835766395515922,14.557965224510319,2700,10.63,12.0
random_search,1,54,100,14.557965224510319,16.539189681648534,21.25306852353742,1.483423471904731,14.557965224510319,2750,10.78,12.0
random_search,1,55,100,14.557965224510319,16.791556283161587,20.818252056394797,1.7366426108953315,14.557965224510319,2800,10.95,12.0
random_search,1,56,100,14.557965224510319,16.654623075032237,20.25277655408689,1.5580687737083816,14.557965224510319,2850,11.01,12.0
random_search,1,57,100,14.432575659723035,16.826487492358982,21.164582518894846,1.7582527436748554,14.432575659723035,2900,10.66,9.0
random_search,1,58,100,14.432575659723035,16.786469472079194,21.68193472919817,1.8305595819575,14.432575659723035,2950,11.04,9.0
random_search,1,59,100,14.432575659723035,16.886132038921673,21.30609303352956,1.8731656577113038,14.432575659723035,3000,11.03,9.0
random_search,1,60,100,14.432575659723035,16.77404459841637,22.00516780926679,1.785916930714923,14.432575659723035,3050,10.31,9.0
random_search,1,61,100,14.432575659723035,16.86078711169798,20.927105745132007,1.7972526313873893,14.432575659723035,3100,11.03,9.0
random_search,1,62,100,14.432575659723035,16.635384562675082,20.648199740725325,1.582443763255614,14.432575659723035,3150,10.83,9.0
random_search,1,63,100,14.432575659723035,16.81528835377574,21.077708763999663,1.7515447452387387,14.432575659723035,3200,10.05,9.0
random_search,1,64,100,14.432575659723035,16.66147967932819,21.36939798987516,1.599085473778301,14.432575659723035,3250,10.75,9.0
random_search,1,65,100,14.432575659723035,16.770545548867446,20.648199740725325,1.7573409398600197,14.432575659723035,3300,10.59,9.0
random_search,1,66,100,14.432575659723035,16.79307223413235,20.648199740725325,1.7774352797783424,14.432575659723035,3350,9.97,9.0
random_search,1,67,100,14.432575659723035,16.69092231507098,20.857066051117283,1.7184193135077719,14.432575659723035,3400,10.1,9.0
random_search,1,68,100,14.432575659723035,16.73510985994318,22.07624151769984,1.7646717954256868,14.432575659723035,3450,11.11,9.0
random_search,1,69,100,14.432575659723035,16.699578864123367,20.99582971014219,1.7031588427190678,14.432575659723035,3500,10.46,9.0
random_search,1,70,100,14.432575659723035,16.65891183499501,21.743835071544513,1.649602974252533,14.432575659723035,3550,10.31,9.0
random_search,1,71,100,14.432575659723035,16.686167392098763,21.487905815638733,1.6886719450772483,14.432575659723035,3600,10.65,9.0
random_search,1,72,100,14.432575659723035,16.727686562348815,21.96522961801754,1.7450015437389064,14.432575659723035,3650,10.42,9.0
random_search,1,73,100,14.432575659723035,16.76035589372364,22.261706725018236,1.7830172136446996,14.432575659723035,3700,11.0,9.0
random_search,1,74,100,14.432575659723035,16.702921490041803,21.243024810940586,1.715635180085852,14.432575659723035,3750,10.78,9.0
random_search,1,75,100,14.432575659723035,16.77091831946548,22.89857113690718,1.8643323316454825,14.432575659723035,3800,10.94,9.0
random_search,1,76,100,14.432575659723035,16.774779458988572,21.315587038162708,1.7807441776979045,14.432575659723035,3850,10.41,9.0
random_search,1,77,100,14.432575659723035,16.693276710442515,20.648199740725325,1.7042071259779106,14.432575659723035,3900,10.23,9.0
random_search,1,78,100,14.432575659723035,16.545026416597256,20.648199740725325,1.5404815630691417,14.432575659723035,3950,10.49,9.0
random_search,1,79,100,14.432575659723035,16.918885196664213,22.297057550292603,1.9079520608625347,14.432575659723035,4000,11.08,9.0
random_search,1,80,100,14.432575659723035,16.6396003985646,21.60768096208106,1.620468953349639,14.432575659723035,4050,10.45,9.0
random_search,1,81,100,14.432575659723035,16.778061917539805,21.45306852353742,1.7864824322943869,14.432575659723035,4100,10.85,9.0
random_search,1,82,100,14.432575659723035,16.877312232572425,20.7219040425837,1.8552547442309455,14.432575659723035,4150,10.5,9.0
random_search,1,83,100,14.432575659723035,16.678587224463705,22.082207001484488,1.7524000669642783,14.432575659723035,4200,10.37,9.0
random_search,1,84,100,14.432575659723035,16.67762893023004,21.117935662402836,1.6916566861259383,14.432575659723035,4250,10.61,9.0
random_search,1,85,100,14.432575659723035,16.809219124073696,21.019523784980436,1.807825448187045,14.432575659723035,4300,10.83,9.0
random_search,1,86,100,14.432575659723035,16.585357706421377,21.271085446759226,1.6260714503880382,14.432575659723035,4350,10.41,9.0
random_search,1,87,100,14.432575659723035,16.611541425586108,20.683281572999746,1.6144126628142463,14.432575659723035,4400,10.71,9.0
random_search,1,88,100,14.432575659723035,16.724200478069395,21.276575213227446,1.754467803038935,14.432575659723035,4450,10.98,9.0
random_search,1,89,100,14.432575659723035,16.786949444070554,22.110589071449372,1.877521764800263,14.432575659723035,4500,11.5,9.0
random_search,1,90,100,14.432575659723035,16.94713158711726,21.6886890422961,1.913586846958185,14.432575659723035,4550,9.66,9.0
random_search,1,91,100,14.432575659723035,16.60334067655605,21.164582518894846,1.6920930305733783,14.432575659723035,4600,10.36,9.0
random_search,1,92,100,14.432575659723035,16.714762711985344,21.569870314579497,1.8221360560147846,14.432575659723035,4650,10.84,9.0
random_search,1,93,100,14.432575659723035,16.816824320381002,20.648199740725325,1.8866596501971522,14.432575659723035,4700,10.04,9.0
random_search,1,94,100,14.432575659723035,16.580723703613746,22.48329457343378,1.6752759510638384,14.432575659723035,4750,10.98,9.0
random_search,1,95,100,14.432575659723035,16.579209069466604,21.2,1.6880141635217867,14.432575659723035,4800,10.81,9.0
random_search,1,96,100,14.432575659723035,16.71253893838929,22.099999999999998,1.8387988017169108,14.432575659723035,4850,11.07,9.0
random_search,1,97,100,14.432575659723035,16.52509106178522,20.0,1.57496818708399,14.432575659723035,4900,10.7,9.0
random_search,1,98,100,14.432575659723035,16.668634625192055,20.714944167960986,1.729623291067386,14.432575659723035,4950,10.74,9.0
random_search,1,99,100,14.432575659723035,16.463480326642788,21.87175030543074,1.6403083000841276,14.432575659723035,5000,11.16,9.0
random_search,1,100,100,14.432575659723035,16.52632873374906,22.12074368738204,1.6584552090223639,14.432575659723035,5050,11.05,9.0
random_search,2,0,50,15.32828568570857,18.015092069939957,21.338181191654584,1.3651552352002252,15.32828568570857,50,9.18,15.0
random_search,2,1,100,15.32828568570857,18.164526210864736,21.338181191654584,1.3499515102946986,15.32828568570857,100,10.55,15.0
random_search,2,2,100,15.32828568570857,17.504220207243755,20.648199740725325,1.0913307410212294,15.32828568570857,150,9.69,15.0
random_search,2,3,100,15.20185121722126,17.375429421973855,20.648199740725325,1.2180377510446996,15.20185121722126,200,9.97,13.0
random_search,2,4,100,15.20185121722126,17.312371471416185,20.648199740725325,1.2136112911871355,15.20185121722126,250,9.74,13.0
random_search,2,5,100,14.801999200639361,17.26162271045267,21.108607914449795,1.3154327191138602,14.801999200639361,300,10.3,13.0
random_search,2,6,100,14.801999200639361,17.224734128751027,21.3,1.38916117999441,14.801999200639361,350,10.01,13.0
random_search,2,7,100,14.801999200639361,17.154946980224178,20.696150997149434,1.4426344982630077,14.801999200639361,400,10.25,13.0
random_search,2,8,100,14.801999200639361,17.183061364512493,20.776575213227446,1.4397003325856892,14.801999200639361,450,9.86,13.0
random_search,2,9,100,14.801999200639361,17.197748092069457,20.969817807045693,1.512942257396179,14.801999200639361,500,10.73,13.0
random_search,2,10,100,14.801999200639361,17.238337146181067,20.997057550292606,1.6369159913074889,14.801999200639361,550,10.87,13.0
random_search,2,11,100,14.801999200639361,17.027705047697864,20.2,1.3084504924629603,14.801999200639361,600,10.53,13.0
random_search,2,12,100,14.801999200639361,16.954468807981588,21.509447398198283,1.4187392494347841,14.801999200639361,650,10.26,13.0
random_search,2,13,100,14.801999200639361,16.814922812613883,22.294733192202056,1.4015495111793472,14.801999200639361,700,10.6,13.0
random_search,2,14,100,14.801999200639361,16.922901464299542,20.648199740725325,1.4508810106072998,14.801999200639361,750,10.76,13.0
random_search,2,15,100,14.801999200639361,16.979992829304734,21.77488738510232,1.5250729409912271,14.801999200639361,800,10.52,13.0
random_search,2,16,100,14.801999200639361,16.817342278614902,21.0554305086342,1.4943205038449006,14.801999200639361,850,10.74,13.0
random_search,2,17,100,14.801999200639361,16.957246861340728,22.3,1.7135673072944253,14.801999200639361,900,10.77,13.0
random_search,2,18,100,14.801999200639361,16.83137592413259,20.648199740725325,1.455442661904227,14.801999200639361,950,10.26,13.0
random_search,2,19,100,14.801999200639361,17.07520225899641,21.49722114972099,1.779844904778751,14.801999200639361,1000,10.47,13.0
random_search,2,20,100,14.801999200639361,16.932269187784424,22.47624151769984,1.6505573850533297,14.801999200639361,1050,10.48,13.0
random_search,2,21,100,14.788854381999831,16.765062773184418,20.968787265568828,1.5080456754141016,14.788854381999831,1100,10.26,14.0
random_search,2,22,100,14.788854381999831,16.908047473546183,20.907567081708248,1.6409050450010736,14.788854381999831,1150,9.96,14.0
random_search,2,23,100,14.788854381999831,16.927169824437478,21.434192325759245,1.665076562918235,14.788854381999831,1200,10.72,14.0
random_search,2,24,100,14.788854381999831,16.962033941732706,21.294733192202056,1.805313023173031,14.788854381999831,1250,10.77,14.0
random_search,2,25,100,14.788854381999831,16.861277434446905,22.660319135392633,1.7773092232545435,14.788854381999831,1300,10.96,14.0
random_search,2,26,100,14.788854381999831,16.736290776603006,22.089983277545212,1.5648156606761743,14.788854381999831,1350,10.38,14.0
random_search,2,27,100,14.788854381999831,16.97724371119936,21.7,1.849454379562156,14.788854381999831,1400,9.53,14.0
random_search,2,28,100,14.788854381999831,16.78873248269563,21.357066051117283,1.593404418030071,14.788854381999831,1450,10.71,14.0
random_search,2,29,100,14.788854381999831,16.797346998227674,21.40665927567458,1.717702035270841,14.788854381999831,1500,10.67,14.0
random_search,2,30,100,14.788854381999831,16.728885436039956,21.801514803843837,1.753560082838011,14.788854381999831,1550,10.96,14.0
random_search,2,31,100,14.788854381999831,16.59399915454543,20.756809750418043,1.492008016563844,14.788854381999831,1600,9.8,14.0
random_search,2,32,100,14.788854381999831,16.90472367452307,21.241653005427764,1.8035946975542094,14.788854381999831,1650,10.55,14.0
random_search,2,33,100,14.788854381999831,16.75342095072495,20.952610922848045,1.6015187483718407,14.788854381999831,1700,10.53,14.0
random_search,2,34,100,14.788854381999831,16.889087733903036,21.737663853655725,1.7961425001511293,14.788854381999831,1750,10.65,14.0
random_search,2,35,100,14.788854381999831,16.712297612213504,20.971750305430742,1.6749384650542878,14.788854381999831,1800,10.13,14.0
random_search,2,36,100,14.788854381999831,16.670577750872443,21.12763633939717,1.5842737731629069,14.788854381999831,1850,10.53,14.0
random_search,2,37,100,14.788854381999831,16.78781622082134,21.073213749463704,1.6905292302177417,14.788854381999831,1900,10.45,14.0
random_search,2,38,100,14.788854381999831,16.69851575831466,21.088435821108956,1.5998716116146814,14.788854381999831,1950,10.48,14.0
random_search,2,39,100,14.788854381999831,16.727512545322636,21.714674215792776,1.7498740937218091,14.788854381999831,2000,10.33,14.0
random_search,2,40,100,14.788854381999831,16.68149141140832,20.648199740725325,1.5354806069261695,14.788854381999831,2050,10.13,14.0
random_search,2,41,100,14.788854381999831,16.81841313353935,22.04093010681705,1.855885536567835,14.788854381999831,2100,9.82,14.0
random_search,2,42,100,14.788854381999831,17.09076041117362,21.011744421846398,1.977419735156029,14.788854381999831,2150,9.99,14.0
random_search,2,43,100,14.788854381999831,16.78728866850547,20.75306852353742,1.7560252789539426,14.788854381999831,2200,10.0,14.0
random_search,2,44,100,14.788854381999831,16.884204422016193,21.320215047547656,1.8553328544282937,14.788854381999831,2250,11.12,14.0
random_search,2,45,100,14.788854381999831,16.64758395904035,21.534192325759246,1.632754848069675,14.788854381999831,2300,11.06,14.0
random_search,2,46,100,14.788854381999831,16.87660200954106,21.115587038162705,1.8078462188044377,14.788854381999831,2350,10.39,14.0
random_search,2,47,100,14.788854381999831,16.65394042815615,21.482306905057555,1.6389182654680512,14.788854381999831,2400,10.73,14.0
random_search,2,48,100,14.788854381999831,16.611642411064217,20.648199740725325,1.5129956566305613,14.788854381999831,2450,9.94,14.0
random_search,2,49,100,14.788854381999831,16.719629793039342,20.94312667664022,1.6463863130687417,14.788854381999831,2500,10.64,14.0
random_search,2,50,100,14.788854381999831,16.632580660470975,21.311744421846395,1.530566923142802,14.788854381999831,2550,10.13,14.0
random_search,2,51,100,14.788854381999831,16.78557644143305,23.077708763999663,1.7332622922704457,14.788854381999831,2600,10.15,14.0
random_search,2,52,100,14.788854381999831,16.924796753810504,21.577902338672775,1.9270243052409186,14.788854381999831,2650,10.47,14.0
random_search,2,53,100,14.788854381999831,16.662234086733296,20.648199740725325,1.5687278040460855,14.788854381999831,2700,10.96,14.0
random_search,2,54,100,14.788854381999831,16.74114596564554,22.449615361854384,1.7886602954604025,14.788854381999831,2750,10.29,14.0
random_search,2,55,100,14.788854381999831,16.692448181745274,20.648199740725325,1.6433416349373613,14.788854381999831,2800,10.63,14.0
random_search,2,56,100,14.788854381999831,16.890169475242793,23.008131845707602,1.9431283760578975,14.788854381999831,2850,10.29,14.0
random_search,2,57,100,14.788854381999831,16.60740943160554,20.690890230020663,1.5894610452582387,14.788854381999831,2900,11.15,14.0
random_search,2,58,100,14.788854381999831,16.684623309426208,20.648199740725325,1.6466635003664154,14.788854381999831,2950,10.24,14.0
random_search,2,59,100,14.788854381999831,16.7500710470242,21.54959013639538,1.7934839067736714,14.788854381999831,3000,10.33,14.0
random_search,2,60,100,14.788854381999831,16.7607177995846,21.515167380558044,1.746910444427425,14.788854381999831,3050,10.75,14.0
random_search,2,61,100,14.788854381999831,16.767508165290696,22.413135192987525,1.7603269058371065,14.788854381999831,3100,10.21,14.0
random_search,2,62,100,14.788854381999831,16.79567527756398,21.201428280002318,1.7350423725219666,14.788854381999831,3150,10.33,14.0
random_search,2,63,100,14.655592347112504,16.6520385744215,21.866533331199932,1.7103143745154943,14.655592347112504,3200,10.66,10.0
random_search,2,64,100,14.655592347112504,16.818775129744047,21.857066051117283,1.8204469907098129,14.655592347112504,3250,10.28,10.0
random_search,2,65,100,14.655592347112504,16.67291704029351,20.648199740725325,1.647348449312323,14.655592347112504,3300,11.02,10.0
random_search,2,66,100,14.655592347112504,16.70662309375184,22.109243436828812,1.7373567464857351,14.655592347112504,3350,11.16,10.0
random_search,2,67,100,14.655592347112504,16.795850875938232,20.776575213227446,1.8137533238534378,14.655592347112504,3400,10.52,10.0
random_search,2,68,100,14.655592347112504,16.871216283496114,22.105551275463988,1.8905775700941978,14.655592347112504,3450,10.42,10.0
random_search,2,69,100,14.655592347112504,16.577303674238543,23.22491379207837,1.6675602403316723,14.655592347112504,3500,10.45,10.0
random_search,2,70,100,14.655592347112504,16.69538673516632,20.822611077089288,1.7089921664735646,14.655592347112504,3550,10.39,10.0
random_search,2,71,100,14.655592347112504,16.623680991973494,21.020897306865447,1.7296256741250229,14.655592347112504,3600,10.18,10.0
random_search,2,72,100,14.655592347112504,16.71882109422142,22.256809750418043,1.8014803238216843,14.655592347112504,3650,11.04,10.0
random_search,2,73,100,14.655592347112504,16.751589236039308,22.077708763999663,1.7908641204735667,14.655592347112504,3700,10.39,10.0
random_search,2,74,100,14.655592347112504,16.681974909094897,20.900000000000002,1.6820126587464919,14.655592347112504,3750,10.78,10.0
random_search,2,75,100,14.655592347112504,16.586943391546352,20.648199740725325,1.6422944576985907,14.655592347112504,3800,10.51,10.0
random_search,2,76,100,14.655592347112504,16.709196679792203,20.923243291566195,1.799602984742135,14.655592347112504,3850,10.74,10.0
random_search,2,77,100,14.655592347112504,16.617153951938533,22.026368339802364,1.7458348682963531,14.655592347112504,3900,11.2,10.0
random_search,2,78,100,14.655592347112504,16.71290685402694,21.192415526630864,1.7679578911649838,14.655592347112504,3950,11.52,10.0
random_search,2,79,100,14.655592347112504,16.68718239171086,21.64575131106459,1.721145687154302,14.655592347112504,4000,10.26,10.0
random_search,2,80,100,14.655592347112504,16.819340246649674,21.367156809750927,1.8654913258627448,14.655592347112504,4050,9.98,10.0
random_search,2,81,100,14.655592347112504,16.83192333128578,21.02710574513201,1.920641400068449,14.655592347112504,4100,10.3,10.0
random_search,2,82,100,14.655592347112504,16.795188791083064,21.86356421265527,1.8255949540837717,14.655592347112504,4150,10.14,10.0
random_search,2,83,100,14.655592347112504,16.749638282566245,21.130495168499706,1.7731813701216748,14.655592347112504,4200,10.65,10.0
random_search,2,84,100,14.655592347112504,16.681324117225255,21.70185121722126,1.7537178434318863,14.655592347112504,4250,10.53,10.0
random_search,2,85,100,14.655592347112504,16.747256260802377,22.32636833980236,1.8460385475166246,14.655592347112504,4300,10.62,10.0
random_search,2,86,100,14.655592347112504,16.673065212412343,20.880697580112788,1.696019129790924,14.655592347112504,4350,10.8,10.0
random_search,2,87,100,14.655592347112504,16.670366062766597,20.648199740725325,1.6669100648935236,14.655592347112504,4400,11.28,10.0
random_search,2,88,100,14.655592347112504,16.781893944876185,20.7131126469709,1.781285597472975,14.655592347112504,4450,10.48,10.0
random_search,2,89,100,14.655592347112504,16.68589860418942,22.243024810940586,1.84263420218558,14.655592347112504,4500,10.72,10.0
random_search,2,90,100,14.655592347112504,16.755909307970466,22.53732584763727,1.903191354482342,14.655592347112504,4550,10.43,10.0
random_search,2,91,100,14.655592347112504,16.630030988470008,20.648199740725325,1.6907180314076888,14.655592347112504,4600,9.96,10.0
random_search,2,92,100,14.655592347112504,16.673427604748262,21.172458299147443,1.7632540803230041,14.655592347112504,4650,10.72,10.0
random_search,2,93,100,14.655592347112504,16.700210660609603,21.99582971014219,1.9069919608010326,14.655592347112504,4700,10.02,10.0
random_search,2,94,100,14.655592347112504,16.63345306579108,20.648199740725325,1.7354930627598772,14.655592347112504,4750,10.27,10.0
random_search,2,95,100,14.655592347112504,16.78613643073136,20.802172886644268,1.8093669217835875,14.655592347112504,4800,10.42,10.0
random_search,2,96,100,14.655592347112504,16.76120401998331,21.377193921634788,1.883077803871301,14.655592347112504,4850,10.35,10.0
random_search,2,97,100,14.655592347112504,16.781057382856662,20.648199740725325,1.8233706836723758,14.655592347112504,4900,10.12,10.0
random_search,2,98,100,14.655592347112504,16.746241903999536,20.65462698654266,1.8147736570705244,14.655592347112504,4950,10.49,10.0
random_search,2,99,100,14.655592347112504,16.597577759085645,20.80787840283389,1.6790537035236155,14.655592347112504,5000,10.11,10.0
random_search,2,100,100,14.655592347112504,16.76022988192847,22.79323706252388,1.8576849984933084,14.655592347112504,5050,10.86,10.0
random_search,3,0,50,15.417800560721073,18.035084151005652,20.737663853655725,1.3190015439419236,15.417800560721073,50,11.06,13.0
random_search,3,1,100,14.70185121722126,18.137531797645707,22.449719092257396,1.4843241766114026,14.70185121722126,100,10.52,11.0
random_search,3,2,100,14.70185121722126,17.558064416390042,22.012931993250106,1.2487309446368737,14.70185121722126,150,10.03,11.0
random_search,3,3,100,14.70185121722126,17.505733473720692,21.20185121722126,1.4549057031076786,14.70185121722126,200,10.47,11.0
random_search,3,4,100,14.70185121722126,17.44546564875069,21.599999999999998,1.5455012466022886,14.70185121722126,250,9.65,11.0
random_search,3,5,100,14.70185121722126,17.26649566936305,21.740048308896892,1.4398847570609221,14.70185121722126,300,9.99,11.0
random_search,3,6,100,14.70185121722126,17.089163782619433,21.520897306865447,1.3263865896058253,14.70185121722126,350,10.35,11.0
random_search,3,7,100,14.70185121722126,17.087425994883336,20.709983388658483,1.3766712921321387,14.70185121722126,400,10.71,11.0
random_search,3,8,100,14.70185121722126,17.19815401571337,20.648199740725325,1.6086079479793325,14.70185121722126,450,10.15,11.0
random_search,3,9,100,14.70185121722126,17.110681464431647,21.09072480941474,1.5072987903086206,14.70185121722126,500,10.76,11.0
random_search,3,10,100,14.32763633939717,16.929488313878647,21.614482300479487,1.4260718982887515,14.32763633939717,550,10.21,10.0
random_search,3,11,100,14.32763633939717,16.81596608847063,21.437003937005905,1.422529987028742,14.32763633939717,600,10.91,10.0
random_search,3,12,100,14.32763633939717,16.892218124526433,22.257271787481876,1.4944205847557648,14.32763633939717,650,10.56,10.0
random_search,3,13,100,14.32763633939717,17.11635971496747,21.971750305430742,1.7862013779379406,14.32763633939717,700,10.49,10.0
random_search,3,14,100,14.32763633939717,16.960394505165635,23.361901286060018,1.658161035651971,14.32763633939717,750,10.33,10.0
random_search,3,15,100,14.32763633939717,16.90361161517723,22.053299832284317,1.6371790512846676,14.32763633939717,800,10.36,10.0
random_search,3,16,100,14.32763633939717,16.87742604647582,21.359411708155672,1.617003999846484,14.32763633939717,850,10.12,10.0
random_search,3,17,100,14.32763633939717,17.03267877786686,20.648199740725325,1.7417981701282765,14.32763633939717,900,10.13,10.0
random_search,3,18,100,14.32763633939717,17.010822409906304,21.79192496674806,1.7973515764864045,14.32763633939717,950,10.38,10.0
random_search,3,19,100,14.32763633939717,16.876274394892963,21.599999999999998,1.6332725962100973,14.32763633939717,1000,10.58,10.0
random_search,3,20,100,14.32763633939717,16.857936821318706,22.034387974463897,1.6394068567063464,14.32763633939717,1050,10.71,10.0
random_search,3,21,100,14.32763633939717,17.035280002803432,20.648199740725325,1.7585358085553398,14.32763633939717,1100,10.78,10.0
random_search,3,22,100,14.32763633939717,16.89118392621541,22.13363094051889,1.6974596887297366,14.32763633939717,1150,11.12,10.0
random_search,3,23,100,14.32763633939717,16.793744690455277,21.20135110466435,1.645323340008444,14.32763633939717,1200,9.23,10.0
random_search,3,24,100,14.32763633939717,16.784972797187578,21.373592452822642,1.6437171009225313,14.32763633939717,1250,10.51,10.0
random_search,3,25,100,14.32763633939717,16.807193993608486,21.09136645896019,1.5863604575622303,14.32763633939717,1300,10.43,10.0
random_search,3,26,100,14.32763633939717,16.87971391566298,21.05796522451032,1.7144572718779454,14.32763633939717,1350,10.35,10.0
random_search,3,27,100,14.32763633939717,16.9722291148978,20.7,1.8155017632281258,14.32763633939717,1400,9.85,10.0
random_search,3,28,100,14.32763633939717,16.752319501857485,21.356349099818896,1.6278688525973035,14.32763633939717,1450,10.94,10.0
random_search,3,29,100,14.32763633939717,16.692002143617096,21.065941943351177,1.547367203825461,14.32763633939717,1500,9.65,10.0
random_search,3,30,100,14.32763633939717,16.847997312640846,20.717800560721074,1.6652016925097954,14.32763633939717,1550,10.54,10.0
random_search,3,31,100,14.32763633939717,16.722927346331588,20.900000000000002,1.613156074199907,14.32763633939717,1600,10.78,10.0
random_search,3,32,100,14.32763633939717,16.878878110070175,20.84707681233427,1.7663979645096153,14.32763633939717,1650,10.14,10.0
random_search,3,33,100,14.32763633939717,16.673594851955276,20.648199740725325,1.541443897636691,14.32763633939717,1700,10.37,10.0
random_search,3,34,100,14.32763633939717,16.803099866288754,20.792848008753786,1.710303216660956,14.32763633939717,1750,10.41,10.0
random_search,3,35,100,14.32763633939717,16.775198031787102,21.867274898667695,1.6393695606493441,14.32763633939717,1800,10.96,10.0
random_search,3,36,100,14.32763633939717,16.627172295386956,20.801162633521315,1.53258287371619,14.32763633939717,1850,10.8,10.0
random_search,3,37,100,14.32763633939717,16.7590382636714,20.969817807045693,1.6759394830175898,14.32763633939717,1900,9.95,10.0
random_search,3,38,100,14.32763633939717,16.731224897660912,20.772077843177478,1.6353223760856408,14.32763633939717,1950,9.94,10.0
random_search,3,39,100,14.32763633939717,16.88857681916055,21.8293765408777,1.822793494361629,14.32763633939717,2000,11.06,10.0
random_search,3,40,100,14.32763633939717,16.610196343421634,20.648199740725325,1.54370573703756,14.32763633939717,2050,10.3,10.0
random_search,3,41,100,14.32763633939717,16.82107673352391,21.082207001484488,1.7818785502676528,14.32763633939717,2100,10.74,10.0
random_search,3,42,100,14.32763633939717,16.783260146118952,21.243024810940586,1.7225987232752686,14.32763633939717,2150,10.17,10.0
random_search,3,43,100,14.32763633939717,16.834326520657704,20.864054992217053,1.781819691006025,14.32763633939717,2200,11.1,10.0
random_search,3,44,100,14.32763633939717,16.66290860910915,21.143835071544512,1.6179150765364338,14.32763633939717,2250,10.57,10.0
random_search,3,45,100,14.32763633939717,16.608245519061356,20.258089374931437,1.5012334322656766,14.32763633939717,2300,10.98,10.0
random_search,3,46,100,14.32763633939717,16.783476212186503,21.12763633939717,1.7680005796580613,14.32763633939717,2350,10.18,10.0
random_search,3,47,100,14.32763633939717,16.850039872554596,21.96348484585429,1.8408296614875357,14.32763633939717,2400,10.06,10.0
random_search,3,48,100,14.32763633939717,16.802650032494224,21.87175030543074,1.8740815732375504,14.32763633939717,2450,10.68,10.0
random_search,3,49,100,14.32763633939717,16.70097000813272,21.589459064299284,1.7042044936832645,14.32763633939717,2500,10.36,10.0
random_search,3,50,100,14.32763633939717,16.869294331614377,21.93130005674953,1.8593733605064726,14.32763633939717,2550,10.59,10.0
random_search,3,51,100,14.32763633939717,16.8107446138323,22.12574776766556,1.7915087891687398,14.32763633939717,2600,11.25,10.0
random_search,3,52,100,14.32763633939717,16.56853099340232,20.648199740725325,1.4840199295094396,14.32763633939717,2650,10.06,10.0
random_search,3,53,100,14.32763633939717,16.81859267632702,21.256809750418043,1.831996069454398,14.32763633939717,2700,11.13,10.0
random_search,3,54,100,14.32763633939717,16.808208395178884,21.07402157263998,1.833416516297106,14.32763633939717,2750,10.38,10.0
random_search,3,55,100,14.32763633939717,16.766992782392283,20.76988664825584,1.752253764466206,14.32763633939717,2800,11.02,10.0
random_search,3,56,100,14.32763633939717,16.468904271155303,20.81567916624939,1.47232105408214,14.32763633939717,2850,10.85,10.0
random_search,3,57,100,14.32763633939717,16.68944401325191,20.7343879744639,1.7883228702692109,14.32763633939717,2900,9.96,10.0
random_search,3,58,100,14.32763633939717,16.70072668713098,20.856349099818896,1.6595229569467402,14.32763633939717,2950,10.52,10.0
random_search,3,59,100,14.32763633939717,16.673747203553308,21.213135192987522,1.6967909886059338,14.32763633939717,3000,11.08,10.0
random_search,3,60,100,14.32763633939717,16.83593272461414,21.196150997149434,1.8577115327197942,14.32763633939717,3050,11.04,10.0
random_search,3,61,100,14.32763633939717,16.81951996872236,22.036308338453882,1.8932534825011285,14.32763633939717,3100,10.85,10.0
random_search,3,62,100,14.32763633939717,16.570371204849156,21.063705936241092,1.6144138235403225,14.32763633939717,3150,10.88,10.0
random_search,3,63,100,14.32763633939717,16.81457324881337,21.252610922848042,1.9160791506709747,14.32763633939717,3200,10.15,10.0
random_search,3,64,100,14.32763633939717,16.80085338503332,20.784336665618135,1.8172089751593408,14.32763633939717,3250,11.63,10.0
random_search,3,65,100,14.32763633939717,16.602344793576535,19.935415650406263,1.616207498501657,14.32763633939717,3300,10.53,10.0
random_search,3,66,100,14.32763633939717,16.75647793297379,22.540658617698014,1.8679931071071452,14.32763633939717,3350,10.77,10.0
random_search,3,67,100,14.32763633939717,16.926522487990887,21.797057550292603,1.9567388426775394,14.32763633939717,3400,10.08,10.0
random_search,3,68,100,14.32763633939717,16.63740816614488,20.648199740725325,1.6473401402654715,14.32763633939717,3450,10.48,10.0
random_search,3,69,100,14.32763633939717,16.736979467417985,20.74131112314674,1.7858622916265194,14.32763633939717,3500,11.02,10.0
random_search,3,70,100,14.32763633939717,16.82245736474651,21.039013913315678,1.867698516578491,14.32763633939717,3550,10.83,10.0
random_search,3,71,100,14.32763633939717,16.862798151541163,20.648199740725325,1.8740570454108978,14.32763633939717,3600,10.86,10.0
random_search,3,72,100,14.32763633939717,16.716782799854048,22.509980079602226,1.8265466991648052,14.32763633939717,3650,10.54,10.0
random_search,3,73,100,14.32763633939717,16.629256266867056,21.37571129984594,1.682324337594042,14.32763633939717,3700,10.65,10.0
random_search,3,74,100,14.32763633939717,16.8123711012051,20.993468988235943,1.8640325723334015,14.32763633939717,3750,10.91,10.0
random_search,3,75,100,14.32763633939717,16.708311947392097,20.70936130717624,1.7674251547050264,14.32763633939717,3800,9.98,10.0
random_search,3,76,100,14.32763633939717,16.570524902923612,21.487475490101847,1.6694562883694726,14.32763633939717,3850,10.3,10.0
random_search,3,77,100,14.32763633939717,16.672583527857142,20.941186241925152,1.7614447856901485,14.32763633939717,3900,10.7,10.0
random_search,3,78,100,14.32763633939717,16.684986970346653,21.23861278752583,1.8044886873058923,14.32763633939717,3950,10.69,10.0
random_search,3,79,100,14.32763633939717,16.714016043487568,21.88998327754521,1.8273267290517339,14.32763633939717,4000,10.24,10.0
random_search,3,80,100,14.32763633939717,16.809639521462138,21.512931993250106,1.9582288927325615,14.32763633939717,4050,10.89,10.0
random_search,3,81,100,14.32763633939717,16.675549751494458,20.648199740725325,1.7761558857398718,14.32763633939717,4100,10.85,10.0
random_search,3,82,100,14.32763633939717,16.72650173650625,20.648199740725325,1.7995906552458982,14.32763633939717,4150,10.79,10.0
random_search,3,83,100,14.32763633939717,16.605141833870118,20.648199740725325,1.7283226027225087,14.32763633939717,4200,10.27,10.0
random_search,3,84,100,14.32763633939717,16.65236773542526,20.736877428271626,1.7175024797254197,14.32763633939717,4250,10.94,10.0
random_search,3,85,100,14.32763633939717,16.58576703980162,20.661706725018234,1.637414412540391,14.32763633939717,4300,10.08,10.0
random_search,3,86,100,14.32763633939717,16.582297593080046,20.648199740725325,1.712644779714787,14.32763633939717,4350,10.61,10.0
random_search,3,87,100,14.32763633939717,16.611676040470183,20.648199740725325,1.6773492331044677,14.32763633939717,4400,10.63,10.0
random_search,3,88,100,14.32763633939717,16.56322330554425,20.8219040425837,1.6072572806895036,14.32763633939717,4450,11.0,10.0
random_search,3,89,100,14.32763633939717,16.638299539184445,20.75972971738975,1.750876527354994,14.32763633939717,4500,10.22,10.0
random_search,3,90,100,14.32763633939717,16.382443706185967,21.75306852353742,1.5014792012451137,14.32763633939717,4550,11.02,10.0
random_search,3,91,100,14.32763633939717,16.65391406660625,21.25329983228432,1.7893670281922598,14.32763633939717,4600,10.86,10.0
random_search,3,92,100,14.32763633939717,16.54441340820769,21.38239052790439,1.6797151364412182,14.32763633939717,4650,10.05,10.0
random_search,3,93,100,14.32763633939717,16.729538703490917,21.428991560298222,1.8074298071396282,14.32763633939717,4700,11.54,10.0
random_search,3,94,100,14.32763633939717,16.73979428034004,22.84707681233427,1.8863113973672954,14.32763633939717,4750,11.3,10.0
random_search,3,95,100,14.32763633939717,16.90355828824866,21.900000000000002,2.047495113070019,14.32763633939717,4800,11.58,10.0
random_search,3,96,100,14.32763633939717,16.58877131518592,21.0153393661244,1.671007798632704,14.32763633939717,4850,10.56,10.0
random_search,3,97,100,14.32763633939717,16.69777148028564,20.648199740725325,1.8646095709108725,14.32763633939717,4900,10.88,10.0
random_search,3,98,100,14.32763633939717,16.481014771607352,21.452610922848045,1.6291218790031747,14.32763633939717,4950,10.62,10.0
random_search,3,99,100,14.32763633939717,16.654080144567875,20.93238075793812,1.844276243766925,14.32763633939717,5000,10.55,10.0
random_search,3,100,100,14.32763633939717,16.576229114653888,20.967670500619608,1.8129044831926613,14.32763633939717,5050,10.71,10.0
random_search,4,0,50,15.693325909419151,17.784657687183213,20.880972058177587,1.1972221048836298,15.693325909419151,50,11.22,11.0
random_search,4,1,100,15.693325909419151,18.138280197025065,22.158323293158116,1.3935848770168473,15.693325909419151,100,10.42,11.0
random_search,4,2,100,15.693325909419151,17.566928557865104,21.553299832284317,1.2173466997753581,15.693325909419151,150,10.53,11.0
random_search,4,3,100,15.201351104664349,17.34789828735336,21.257092555020158,1.2930257808485925,15.201351104664349,200,10.18,8.0
random_search,4,4,100,15.201351104664349,17.331793520302423,22.11283361405006,1.4261970935838373,15.201351104664349,250,10.65,8.0
random_search,4,5,100,15.201351104664349,17.239646971440045,20.648199740725325,1.3018429306602266,15.201351104664349,300,9.65,8.0
random_search,4,6,100,15.201351104664349,17.22373151291679,21.377902338672772,1.4892558777682423,15.201351104664349,350,10.66,8.0
random_search,4,7,100,15.201351104664349,17.070588286787068,20.67681974534503,1.3024444681230534,15.201351104664349,400,10.5,8.0
random_search,4,8,100,15.201351104664349,17.172774430246832,20.648199740725325,1.3177720126341255,15.201351104664349,450,11.08,8.0
random_search,4,9,100,14.967491648096548,17.043344303672136,21.387467277262665,1.4389123634819831,14.967491648096548,500,10.3,10.0
random_search,4,10,100,14.967491648096548,17.174029793443534,21.441186241925152,1.59586749661848,14.967491648096548,550,10.5,10.0
random_search,4,11,100,14.967491648096548,17.136588855993608,21.22089730686545,1.4956257627647591,14.967491648096548,600,10.65,10.0
random_search,4,12,100,14.967491648096548,17.065946108504956,21.7319206502675,1.445925387666682,14.967491648096548,650,10.48,10.0
random_search,4,13,100,14.967491648096548,17.000592563164897,20.767491648096545,1.4023732701717238,14.967491648096548,700,10.44,10.0
random_search,4,14,100,14.967491648096548,16.95623505744806,20.91547594742265,1.467269366469276,14.967491648096548,750,10.75,10.0
random_search,4,15,100,14.967491648096548,16.78237618141027,20.648199740725325,1.2027310318346771,14.967491648096548,800,10.32,10.0
random_search,4,16,100,14.967491648096548,16.935033666577276,20.935112807463533,1.4221937364759776,14.967491648096548,850,10.69,10.0
random_search,4,17,100,14.967491648096548,17.053973734697614,20.986937976471886,1.6267502237736544,14.967491648096548,900,9.69,10.0
random_search,4,18,100,14.524845673131658,17.00034338047567,22.860051813123757,1.6958392455843947,14.524845673131658,950,10.07,12.0
random_search,4,19,100,14.524845673131658,16.97343942113556,21.191366458960193,1.606064343969574,14.524845673131658,1000,9.96,12.0
random_search,4,20,100,14.524845673131658,16.902373986188792,20.923243291566195,1.6102733654818862,14.524845673131658,1050,10.11,12.0
random_search,4,21,100,14.524845673131658,16.957958882521442,20.72490309931942,1.498236998691059,14.524845673131658,1100,10.36,12.0
random_search,4,22,100,14.524845673131658,16.830318141313043,20.648199740725325,1.3679294093937746,14.524845673131658,1150,9.87,12.0
random_search,4,23,100,14.524845673131658,16.913568982360555,21.16405499221705,1.5642699022897246,14.524845673131658,1200,10.19,12.0
random_search,4,24,100,14.524845673131658,17.00018604177569,21.085677655436825,1.628757177144095,14.524845673131658,1250,9.79,12.0
random_search,4,25,100,14.524845673131658,16.84425876517995,20.648199740725325,1.4538584527196308,14.524845673131658,1300,10.82,12.0
random_search,4,26,100,14.524845673131658,16.951779450589086,22.323742416388576,1.643967314648334,14.524845673131658,1350,10.92,12.0
random_search,4,27,100,14.524845673131658,16.846688642801695,20.648199740725325,1.4557831966447283,14.524845673131658,1400,10.28,12.0
random_search,4,28,100,14.524845673131658,16.67973051518744,21.146536616149582,1.3462725297284288,14.524845673131658,1450,10.69,12.0
random_search,4,29,100,14.524845673131658,16.730125873002052,21.17804971641414,1.4719535587175125,14.524845673131658,1500,10.65,12.0
random_search,4,30,100,14.524845673131658,16.932253408381243,21.145906043549196,1.6097594283830858,14.524845673131658,1550,9.82,12.0
random_search,4,31,100,14.524845673131658,17.06831263557417,21.62565782966318,1.8264736352328703,14.524845673131658,1600,10.41,12.0
random_search,4,32,100,14.524845673131658,16.974317526374232,21.97624151769984,1.6274511168226076,14.524845673131658,1650,10.31,12.0
random_search,4,33,100,14.524845673131658,16.73251700822923,21.187817782917154,1.4751562103721227,14.524845673131658,1700,10.17,12.0
random_search,4,34,100,14.524845673131658,16.825896139876917,21.5554305086342,1.517086668912979,14.524845673131658,1750,10.78,12.0
random_search,4,35,100,14.524845673131658,16.967262384118566,22.12565782966318,1.8639545370090713,14.524845673131658,1800,9.76,12.0
random_search,4,36,100,14.524845673131658,16.834391458236684,22.563705936241092,1.659786806921172,14.524845673131658,1850,10.24,12.0
random_search,4,37,100,14.524845673131658,16.87630103369636,21.69145450909576,1.6751285401845155,14.524845673131658,1900,11.02,12.0
random_search,4,38,100,14.524845673131658,17.00546625465684,20.761249694973138,1.807960790010993,14.524845673131658,1950,10.52,12.0
random_search,4,39,100,14.524845673131658,16.989024603941193,21.22074368738204,1.8184290212202936,14.524845673131658,2000,10.38,12.0
random_search,4,40,100,14.524845673131658,16.818960007117347,20.742787793912434,1.6173701638229763,14.524845673131658,2050,10.27,12.0
random_search,4,41,100,14.524845673131658,16.690695352867518,20.935415650406263,1.5462366424009455,14.524845673131658,2100,10.4,12.0
random_search,4,42,100,14.524845673131658,16.81775675762041,21.860319135392636,1.6568097616402118,14.524845673131658,2150,10.22,12.0
random_search,4,43,100,14.524845673131658,16.795814929668857,21.049444375840398,1.646179975912932,14.524845673131658,2200,10.22,12.0
random_search,4,44,100,14.524845673131658,16.97510564084125,22.237663853655725,1.7500558444909868,14.524845673131658,2250,10.4,12.0
random_search,4,45,100,14.524845673131658,16.731807328546175,21.949576240750524,1.62497779715121,14.524845673131658,2300,10.55,12.0
random_search,4,46,100,14.524845673131658,16.54714601836214,21.070459909270543,1.4028693872133338,14.524845673131658,2350,10.07,12.0
random_search,4,47,100,14.524845673131658,16.99591127779974,21.340930106817048,1.8719205431033,14.524845673131658,2400,11.31,12.0
random_search,4,48,100,14.524845673131658,17.01542876463326,21.366877632905478,1.8628923640487256,14.524845673131658,2450,10.28,12.0
random_search,4,49,100,14.524845673131658,16.919297798979105,22.176575213227444,1.7595070013607708,14.524845673131658,2500,10.47,12.0
random_search,4,50,100,14.524845673131658,16.61010813032729,20.648199740725325,1.4227228154322988,14.524845673131658,2550,10.72,12.0
random_search,4,51,100,14.524845673131658,16.97932406880744,22.62988833592198,1.898471149336502,14.524845673131658,2600,10.72,12.0
random_search,4,52,100,14.524845673131658,16.720544115059468,20.895943722515266,1.657537918521661,14.524845673131658,2650,10.35,12.0
random_search,4,53,100,14.524845673131658,16.7689869811589,20.648199740725325,1.6229425984677333,14.524845673131658,2700,9.82,12.0
random_search,4,54,100,14.524845673131658,16.835293617137687,20.911871208194288,1.6486138076462602,14.524845673131658,2750,10.49,12.0
random_search,4,55,100,14.524845673131658,16.60389602713654,20.68679622641132,1.5052449477017822,14.524845673131658,2800,10.86,12.0
random_search,4,56,100,14.524845673131658,16.73180793692649,21.140658617698016,1.689668595757883,14.524845673131658,2850,10.4,12.0
random_search,4,57,100,14.524845673131658,16.801387616603723,20.661706725018234,1.7246754670462776,14.524845673131658,2900,10.35,12.0
random_search,4,58,100,14.524845673131658,16.950925995764,20.867156809750927,1.7902600612857098,14.524845673131658,2950,10.71,12.0
random_search,4,59,100,14.524845673131658,16.66650450493674,20.887761134463375,1.600362242640418,14.524845673131658,3000,10.58,12.0
random_search,4,60,100,14.524845673131658,16.846759366045376,22.106659275674584,1.8174869007944021,14.524845673131658,3050,10.61,12.0
random_search,4,61,100,14.524845673131658,16.879248163419597,22.271085446759226,1.8664459656876593,14.524845673131658,3100,10.39,12.0
random_search,4,62,100,14.524845673131658,16.6862279244111,20.956141357987224,1.6420255335722265,14.524845673131658,3150,10.62,12.0
random_search,4,63,100,14.524845673131658,16.746897463798188,21.81567916624939,1.686696066663842,14.524845673131658,3200,10.63,12.0
random_search,4,64,100,14.524845673131658,16.72281210773903,21.70135110466435,1.6523887831510906,14.524845673131658,3250,10.04,12.0
random_search,4,65,100,14.524845673131658,16.923824060697214,20.73861278752583,1.8717646324778237,14.524845673131658,3300,10.59,12.0
random_search,4,66,100,14.524845673131658,16.686489078014446,21.13318042491699,1.7004437440139755,14.524845673131658,3350,10.32,12.0
random_search,4,67,100,14.524845673131658,16.872038531730357,21.582207001484488,1.8606294486154396,14.524845673131658,3400,10.33,12.0
random_search,4,68,100,14.524845673131658,16.55169420290607,20.988689042296098,1.5042724184168061,14.524845673131658,3450,10.35,12.0
random_search,4,69,100,14.524845673131658,16.864108570732423,21.752396473549936,1.8318103557245027,14.524845673131658,3500,11.17,12.0
random_search,4,70,100,14.524845673131658,16.876861300871454,22.315587038162708,1.893931611821139,14.524845673131658,3550,10.65,12.0
random_search,4,71,100,14.524845673131658,16.80613019222195,21.770540018881462,1.7858349077164832,14.524845673131658,3600,9.83,12.0
random_search,4,72,100,14.524845673131658,16.78075543491893,21.242787793912434,1.750392303760966,14.524845673131658,3650,10.62,12.0
random_search,4,73,100,14.524845673131658,16.785005084994843,20.708607914449797,1.6962727976175158,14.524845673131658,3700,10.57,12.0
random_search,4,74,100,14.524845673131658,16.69811085241304,21.387475490101846,1.6687057226946598,14.524845673131658,3750,11.09,12.0
random_search,4,75,100,14.524845673131658,16.663827653722407,20.648199740725325,1.6550313220600916,14.524845673131658,3800,10.84,12.0
random_search,4,76,100,14.524845673131658,16.81318916071169,21.14575131106459,1.8971509287900796,14.524845673131658,3850,10.33,12.0
random_search,4,77,100,14.524845673131658,16.64692331357784,20.957066051117284,1.6479398293628524,14.524845673131658,3900,9.99,12.0
random_search,4,78,100,14.524845673131658,16.775366124583353,22.55210789840534,1.7493642051852811,14.524845673131658,3950,10.7,12.0
random_search,4,79,100,14.524845673131658,16.59302148832515,20.648199740725325,1.6414030214532944,14.524845673131658,4000,10.25,12.0
random_search,4,80,100,14.524845673131658,16.616290165321193,21.243024810940586,1.6412732900101008,14.524845673131658,4050,10.49,12.0
random_search,4,81,100,14.524845673131658,16.674699880903386,20.648199740725325,1.6564165828910837,14.524845673131658,4100,9.86,12.0
random_search,4,82,100,14.524845673131658,16.646133976499076,20.65657137141714,1.6777814715584096,14.524845673131658,4150,10.92,12.0
random_search,4,83,100,14.524845673131658,16.73682885503469,21.34707681233427,1.8022734823367643,14.524845673131658,4200,10.71,12.0
random_search,4,84,100,14.524845673131658,16.678650760267384,21.192415526630864,1.7116492039185522,14.524845673131658,4250,11.29,12.0
random_search,4,85,100,14.524845673131658,16.617353607554023,20.648199740725325,1.6557474283579772,14.524845673131658,4300,10.23,12.0
random_search,4,86,100,14.524845673131658,16.804833269211016,20.912931993250105,1.8513131845924822,14.524845673131658,4350,9.92,12.0
random_search,4,87,100,14.524845673131658,16.750512661733804,20.792848008753786,1.8416853684197205,14.524845673131658,4400,11.28,12.0
random_search,4,88,100,14.243024810940588,16.516005127446643,20.75277655408689,1.5611815965337656,14.243024810940588,4450,10.4,11.0
random_search,4,89,100,14.243024810940588,16.775076054044476,20.831666249791535,1.7768157462701546,14.243024810940588,4500,11.66,11.0
random_search,4,90,100,14.243024810940588,16.463630599597995,20.708607914449797,1.5936754104527786,14.243024810940588,4550,10.98,11.0
random_search,4,91,100,14.243024810940588,16.489496232402722,22.01058907144937,1.5858744553566493,14.243024810940588,4600,10.69,11.0
random_search,4,92,100,14.243024810940588,16.73288961418927,20.648199740725325,1.688378510514501,14.243024810940588,4650,10.59,11.0
random_search,4,93,100,14.243024810940588,16.644517415979738,20.664582518894846,1.7115481678124238,14.243024810940588,4700,10.2,11.0
random_search,4,94,100,14.243024810940588,16.575944653070234,21.564965543462904,1.7173430013116562,14.243024810940588,4750,11.02,11.0
random_search,4,95,100,14.243024810940588,16.633271563913517,21.3459060435492,1.6686609878624705,14.243024810940588,4800,10.38,11.0
random_search,4,96,100,14.243024810940588,16.613855966207492,20.648199740725325,1.6587159369642928,14.243024810940588,4850,10.42,11.0
random_search,4,97,100,14.243024810940588,16.708181297682373,21.82099463490856,1.850974483701245,14.243024810940588,4900,10.55,11.0
random_search,4,98,100,14.243024810940588,16.648570116978934,21.420526275297412,1.7561534617640815,14.243024810940588,4950,10.3,11.0
random_search,4,99,100,14.243024810940588,16.667336253855694,21.466533331199933,1.7597808338312075,14.243024810940588,5000,10.86,11.0
random_search,4,100,100,14.243024810940588,16.637732126804654,20.70135110466435,1.7618687832859572,14.243024810940588,5050,9.83,11.0
random_search,5,0,50,16.024913792078372,18.29736271463435,21.310693864511038,1.460017238065099,16.024913792078372,50,9.62,10.0
random_search,5,1,100,15.742787793912433,18.1120495376953,21.310693864511038,1.2779295752172777,15.742787793912433,100,10.38,11.0
random_search,5,2,100,15.742787793912433,17.839845408396535,22.275711299845938,1.3491168283849466,15.742787793912433,150,10.5,11.0
random_search,5,3,100,15.742787793912433,17.511229816014524,21.3459060435492,1.227583544711677,15.742787793912433,200,10.55,11.0
random_search,5,4,100,15.052396473549935,17.393314438713023,21.280697580112786,1.2779866521795442,15.052396473549935,250,10.45,9.0
random_search,5,5,100,15.052396473549935,17.371997954642083,21.784336665618135,1.4291014338542052,15.052396473549935,300,10.25,9.0
random_search,5,6,100,15.00238027789014,17.103083636661548,21.346536616149585,1.1805466493744514,15.00238027789014,350,9.43,8.0
random_search,5,7,100,15.00238027789014,17.08873056248211,22.72827037646145,1.343518190329204,15.00238027789014,400,9.27,8.0
random_search,5,8,100,15.00238027789014,17.206787680026245,20.648199740725325,1.462640135825385,15.00238027789014,450,10.19,8.0
random_search,5,9,100,15.00238027789014,17.148367657238182,21.509980079602226,1.508486829380984,15.00238027789014,500,10.66,8.0
random_search,5,10,100,15.00238027789014,17.162975217804437,20.648199740725325,1.4846724463894878,15.00238027789014,550,9.3,8.0
random_search,5,11,100,15.00238027789014,17.02430716533838,21.62074368738204,1.407590384213262,15.00238027789014,600,10.29,8.0
random_search,5,12,100,15.00238027789014,17.099067428439028,20.648199740725325,1.4207959646792667,15.00238027789014,650,10.26,8.0
random_search,5,13,100,15.00238027789014,17.01866134148932,21.586563348340512,1.5490864703639795,15.00238027789014,700,10.93,8.0
random_search,5,14,100,15.00238027789014,17.18619119298733,22.109243436828812,1.6579930880009852,15.00238027789014,750,10.12,8.0
random_search,5,15,100,15.00238027789014,16.97163070212153,21.288854381999833,1.519772218098062,15.00238027789014,800,10.66,8.0
random_search,5,16,100,15.00238027789014,16.794107818911165,20.648199740725325,1.2999142732230466,15.00238027789014,850,10.24,8.0
random_search,5,17,100,14.926225293941798,16.951647545324395,20.679075450674063,1.5672124408458137,14.926225293941798,900,9.8,9.0
random_search,5,18,100,14.926225293941798,16.96398957614326,20.648199740725325,1.6092931223143032,14.926225293941798,950,10.29,9.0
random_search,5,19,100,14.926225293941798,16.916117888548015,22.268595903550974,1.5531094339330151,14.926225293941798,1000,10.55,9.0
random_search,5,20,100,14.926225293941798,16.907474184728713,21.701428280002318,1.5545718919325195,14.926225293941798,1050,10.54,9.0
random_search,5,21,100,14.926225293941798,16.873528495310108,20.861901286060018,1.5496940688456242,14.926225293941798,1100,9.95,9.0
random_search,5,22,100,14.926225293941798,16.937742070234595,22.471750305430742,1.5965156255132242,14.926225293941798,1150,10.06,9.0
random_search,5,23,100,14.926225293941798,16.774266353416774,20.674021572639983,1.4757384979652866,14.926225293941798,1200,9.9,9.0
random_search,5,24,100,14.926225293941798,16.794316086227298,21.320215047547656,1.5905109105341253,14.926225293941798,1250,10.32,9.0
random_search,5,25,100,14.926225293941798,16.932506768113946,21.063705936241092,1.6388005952389972,14.926225293941798,1300,9.79,9.0
random_search,5,26,100,14.926225293941798,16.673788281219707,21.04959013639538,1.444184109908135,14.926225293941798,1350,10.14,9.0
random_search,5,27,100,14.926225293941798,16.928402045261507,20.648199740725325,1.647322381436522,14.926225293941798,1400,10.22,9.0
random_search,5,28,100,14.926225293941798,16.759189446423203,21.511094017053555,1.6072698919766677,14.926225293941798,1450,10.12,9.0
random_search,5,29,100,14.926225293941798,16.94338995510904,21.161901286060015,1.6844326807660372,14.926225293941798,1500,10.69,9.0
random_search,5,30,100,14.926225293941798,16.966189591390375,22.258323293158117,1.7892849821685457,14.926225293941798,1550,10.46,9.0
random_search,5,31,100,14.926225293941798,16.825348340336205,21.157271787481875,1.6608484912002175,14.926225293941798,1600,10.36,9.0
random_search,5,32,100,14.926225293941798,16.997162155172248,22.17359245282264,1.7298228115477812,14.926225293941798,1650,10.23,9.0
random_search,5,33,100,14.926225293941798,17.099522804332427,21.692415526630864,1.866269187389904,14.926225293941798,1700,10.6,9.0
random_search,5,34,100,14.926225293941798,17.013729589554856,21.012931993250106,1.779993300272572,14.926225293941798,1750,10.73,9.0
random_search,5,35,100,14.926225293941798,16.888257750149265,21.270540018881462,1.7000183436002403,14.926225293941798,1800,10.27,9.0
random_search,5,36,100,14.926225293941798,16.902032978308362,20.83541565040626,1.6970508467661938,14.926225293941798,1850,10.62,9.0
random_search,5,37,100,14.926225293941798,17.006613788451446,21.567815921162744,1.7562029726719375,14.926225293941798,1900,10.5,9.0
random_search,5,38,100,14.926225293941798,16.743554702122417,20.970540018881465,1.5809679052571137,14.926225293941798,1950,10.64,9.0
random_search,5,39,100,14.926225293941798,16.762615883156812,20.648199740725325,1.557394221642188,14.926225293941798,2000,10.05,9.0
random_search,5,40,100,14.926225293941798,16.84094449209092,20.648199740725325,1.6091308069333001,14.926225293941798,2050,10.26,9.0
random_search,5,41,100,14.926225293941798,16.84214449154302,21.86124969497314,1.6756660264962562,14.926225293941798,2100,10.76,9.0
random_search,5,42,100,14.926225293941798,16.741807955522415,20.648199740725325,1.5254918457013116,14.926225293941798,2150,9.98,9.0
random_search,5,43,100,14.926225293941798,16.803810513667887,20.953720459187966,1.626035482814426,14.926225293941798,2200,10.33,9.0
random_search,5,44,100,14.926225293941798,16.91352715417065,21.646916505762093,1.8443941059311344,14.926225293941798,2250,10.87,9.0
random_search,5,45,100,14.687119154832537,16.587370727224652,20.942276586281544,1.4799582120922745,14.687119154832537,2300,10.36,10.0
random_search,5,46,100,14.687119154832537,16.767575724865434,20.80199920063936,1.6516172590323175,14.687119154832537,2350,10.72,10.0
random_search,5,47,100,14.687119154832537,16.878025136152065,22.176575213227444,1.7799754042747966,14.687119154832537,2400,10.42,10.0
random_search,5,48,100,14.687119154832537,16.87418280044202,21.18208554864871,1.706022304166815,14.687119154832537,2450,10.59,10.0
random_search,5,49,100,14.687119154832537,16.792810400728168,21.489459064299282,1.621376662611178,14.687119154832537,2500,11.3,10.0
random_search,5,50,100,14.687119154832537,16.852932891814437,21.758317958127243,1.7970324537580253,14.687119154832537,2550,10.64,10.0
random_search,5,51,100,14.687119154832537,16.649590526163355,21.8,1.5954512055357521,14.687119154832537,2600,9.86,10.0
random_search,5,52,100,14.687119154832537,16.812508938811224,21.997726685459206,1.7509598922942173,14.687119154832537,2650,9.66,10.0
random_search,5,53,100,14.687119154832537,16.88401909931793,21.293325909419153,1.7394467567753484,14.687119154832537,2700,10.73,10.0
random_search,5,54,100,14.687119154832537,16.891090159601003,20.86939798987516,1.7533245502462622,14.687119154832537,2750,10.29,10.0
random_search,5,55,100,14.687119154832537,16.834903597916828,21.978143885933065,1.833506946010851,14.687119154832537,2800,11.23,10.0
random_search,5,56,100,14.687119154832537,16.75473848868823,22.687817782917154,1.7789118434577897,14.687119154832537,2850,10.94,10.0
random_search,5,57,100,14.687119154832537,16.850239575250246,21.534387974463897,1.717452756861574,14.687119154832537,2900,10.34,10.0
random_search,5,58,100,14.687119154832537,16.844383961886777,23.07402157263998,1.8206181890679707,14.687119154832537,2950,10.54,10.0
random_search,5,59,100,14.687119154832537,16.831668975780236,21.677193921634785,1.7352438712195257,14.687119154832537,3000,10.25,10.0
random_search,5,60,100,14.687119154832537,16.83895823850369,22.435112807463533,1.7891519660930357,14.687119154832537,3050,10.79,10.0
random_search,5,61,100,14.687119154832537,16.74801074036677,21.297726685459203,1.6524093860623978,14.687119154832537,3100,11.51,10.0
random_search,5,62,100,14.687119154832537,16.91678557275816,21.146426544510454,1.7330696228909983,14.687119154832537,3150,10.0,10.0
random_search,5,63,100,14.687119154832537,16.80437236891448,20.648199740725325,1.6891909757881716,14.687119154832537,3200,10.88,10.0
random_search,5,64,100,14.687119154832537,16.771546357126923,21.01058907144937,1.6977035674365746,14.687119154832537,3250,9.42,10.0
random_search,5,65,100,14.687119154832537,16.609321965213176,20.648199740725325,1.4877617535492964,14.687119154832537,3300,10.49,10.0
random_search,5,66,100,14.687119154832537,16.69813435597198,21.307492981902776,1.6992842093294458,14.687119154832537,3350,10.79,10.0
random_search,5,67,100,14.687119154832537,16.67836418023622,20.77332857821917,1.6590408190008565,14.687119154832537,3400,9.64,10.0
random_search,5,68,100,14.687119154832537,16.454910212164826,20.439736830714132,1.3533312855311344,14.687119154832537,3450,11.18,10.0
random_search,5,69,100,14.687119154832537,16.848120761922715,22.28608421540822,1.822560888360582,14.687119154832537,3500,10.15,10.0
random_search,5,70,100,14.687119154832537,16.89101211511037,22.271085446759226,1.9094532456412603,14.687119154832537,3550,10.12,10.0
random_search,5,71,100,14.687119154832537,16.661625800715488,21.41547594742265,1.6923005157929523,14.687119154832537,3600,9.6,10.0
random_search,5,72,100,14.687119154832537,16.703396328417657,20.648199740725325,1.5904285513969425,14.687119154832537,3650,10.25,10.0
random_search,5,73,100,14.687119154832537,16.55976114253614,20.781934729198174,1.580678027922316,14.687119154832537,3700,10.32,10.0
random_search,5,74,100,14.687119154832537,16.93333877836802,21.900000000000002,1.8967527097807078,14.687119154832537,3750,10.86,10.0
random_search,5,75,100,14.687119154832537,16.841314830287082,21.08433666561813,1.8226418753321898,14.687119154832537,3800,10.62,10.0
random_search,5,76,100,14.687119154832537,16.740159377544547,20.90665927567458,1.717790166552978,14.687119154832537,3850,10.76,10.0
random_search,5,77,100,14.687119154832537,16.83937378650685,20.648199740725325,1.756410555216101,14.687119154832537,3900,9.8,10.0
random_search,5,78,100,14.687119154832537,16.763742313749958,20.648199740725325,1.7486559554130445,14.687119154832537,3950,10.0,10.0
random_search,5,79,100,14.687119154832537,16.622723121657657,21.241653005427764,1.6527482146866475,14.687119154832537,4000,10.03,10.0
random_search,5,80,100,14.687119154832537,16.754905502397335,20.856349099818896,1.7070529236520016,14.687119154832537,4050,9.6,10.0
random_search,5,81,100,14.687119154832537,16.790819397688615,20.75306852353742,1.8416308495406508,14.687119154832537,4100,10.26,10.0
random_search,5,82,100,14.687119154832537,16.81840424844539,22.567366884975478,1.856885317927343,14.687119154832537,4150,10.72,10.0
random_search,5,83,100,14.687119154832537,16.71900551282083,21.034192325759246,1.707443235534152,14.687119154832537,4200,10.92,10.0
random_search,5,84,100,14.687119154832537,16.67362407218976,20.648199740725325,1.6048078657887896,14.687119154832537,4250,10.6,10.0
random_search,5,85,100,14.687119154832537,16.75754108640998,21.45306852353742,1.7622044492497935,14.687119154832537,4300,10.16,10.0
random_search,5,86,100,14.687119154832537,16.926297375172542,21.657271787481875,1.9780258543853058,14.687119154832537,4350,10.55,10.0
random_search,5,87,100,14.687119154832537,16.7281908372068,21.20936130717624,1.7452452983171387,14.687119154832537,4400,9.99,10.0
random_search,5,88,100,14.687119154832537,16.73671675033885,22.01662062579967,1.82647934466339,14.687119154832537,4450,10.59,10.0
random_search,5,89,100,14.687119154832537,16.616728893464725,21.647288270665545,1.7073611090495335,14.687119154832537,4500,10.66,10.0
random_search,5,90,100,14.687119154832537,16.837161459260543,20.648199740725325,1.8296524823996196,14.687119154832537,4550,10.33,10.0
random_search,5,91,100,14.687119154832537,16.7485382603061,20.87571129984594,1.713703401760037,14.687119154832537,4600,10.61,10.0
random_search,5,92,100,14.687119154832537,16.767979239397093,21.31386219991853,1.7809313124387138,14.687119154832537,4650,10.53,10.0
random_search,5,93,100,14.687119154832537,16.715540266990516,21.537211521390788,1.755212225724348,14.687119154832537,4700,9.98,10.0
random_search,5,94,100,14.687119154832537,16.84270377553878,21.495943722515268,1.8620636103981336,14.687119154832537,4750,10.08,10.0
random_search,5,95,100,14.687119154832537,16.63751206746661,20.648199740725325,1.6870207586618762,14.687119154832537,4800,10.47,10.0
random_search,5,96,100,14.687119154832537,16.663480217567113,21.934192325759245,1.7046062514269436,14.687119154832537,4850,10.5,10.0
random_search,5,97,100,14.687119154832537,16.753553503170057,21.210844001658266,1.8747433684275387,14.687119154832537,4900,10.22,10.0
random_search,5,98,100,14.687119154832537,16.65160998983025,20.648199740725325,1.625911856667865,14.687119154832537,4950,10.05,10.0
random_search,5,99,100,14.687119154832537,16.74232489786692,21.077154105707724,1.7340498750637987,14.687119154832537,5000,10.06,10.0
random_search,5,100,100,14.687119154832537,16.899872230809873,20.904996878900157,1.8327644860503916,14.687119154832537,5050,10.37,10.0
random_search,6,0,50,15.607680962081059,18.21937228728185,20.648199740725325,1.4808199469537966,15.607680962081059,50,10.2,14.0
random_search,6,1,100,15.607680962081059,18.07350167841932,22.549705872175156,1.4081853202442292,15.607680962081059,100,10.25,14.0
random_search,6,2,100,15.097999199359359,17.411075587327886,21.7343879744639,1.2021629192815304,15.097999199359359,150,9.73,12.0
random_search,6,3,100,15.097999199359359,17.345815873097074,20.648199740725325,1.3298392348742605,15.097999199359359,200,9.46,12.0
random_search,6,4,100,15.097999199359359,17.192279849322105,22.03792402008342,1.295099079451167,15.097999199359359,250,10.24,12.0
random_search,6,5,100,15.060107523773826,17.17264568014719,21.114674215792775,1.393965823051758,15.060107523773826,300,10.07,16.0
random_search,6,6,100,15.060107523773826,17.309800912354035,20.843024810940587,1.5171891370922594,15.060107523773826,350,10.2,16.0
random_search,6,7,100,15.060107523773826,17.29149722618193,20.924099870362664,1.6596670001511125,15.060107523773826,400,10.54,16.0
random_search,6,8,100,15.060107523773826,17.12264535228819,21.79192496674806,1.5721879768769096,15.060107523773826,450,10.12,16.0
random_search,6,9,100,15.060107523773826,16.96379640407126,20.648199740725325,1.4099585630926097,15.060107523773826,500,9.57,16.0
random_search,6,10,100,15.060107523773826,16.989559974968813,21.40805405358401,1.497486746451913,15.060107523773826,550,10.43,16.0
random_search,6,11,100,14.7131126469709,17.051657290171164,20.648199740725325,1.5475869258755166,14.7131126469709,600,10.81,12.0
random_search,6,12,100,14.7131126469709,17.038832598820854,21.918695387886217,1.625577515279134,14.7131126469709,650,10.56,12.0
random_search,6,13,100,14.7131126469709,17.073853104259225,20.811871208194287,1.6066427372580128,14.7131126469709,700,9.86,12.0
random_search,6,14,100,14.7131126469709,16.920527271838747,21.035533905932738,1.4881005247150174,14.7131126469709,750,10.98,12.0
random_search,6,15,100,14.7131126469709,16.917902281500073,20.88239052790439,1.4236821612267476,14.7131126469709,800,10.3,12.0
random_search,6,16,100,14.7131126469709,17.04046652111233,20.80199920063936,1.5558859080887841,14.7131126469709,850,10.66,12.0
random_search,6,17,100,14.7131126469709,16.81306984321944,20.964965543462903,1.4769680078457128,14.7131126469709,900,10.47,12.0
random_search,6,18,100,14.7131126469709,16.8889456006397,21.509980079602226,1.5169711708693678,14.7131126469709,950,10.28,12.0
random_search,6,19,100,14.7131126469709,16.965169647094267,21.609243436828812,1.7165280339477103,14.7131126469709,1000,11.23,12.0
random_search,6,20,100,14.7131126469709,16.929628917203896,22.088435821108956,1.6967247223060171,14.7131126469709,1050,11.1,12.0
random_search,6,21,100,14.7131126469709,16.821983029363597,21.039013913315678,1.4994562303120111,14.7131126469709,1100,9.91,12.0
random_search,6,22,100,14.7131126469709,16.84996757567282,21.563705936241092,1.562978023593497,14.7131126469709,1150,10.44,12.0
random_search,6,23,100,14.7131126469709,16.98252629820833,20.771085446759226,1.6665737368993085,14.7131126469709,1200,10.54,12.0
random_search,6,24,100,14.7131126469709,17.13047108393342,21.253720459187964,1.7879327883361582,14.7131126469709,1250,11.34,12.0
random_search,6,25,100,14.62763633939717,16.829073731197106,21.603569153775236,1.6593557361319775,14.62763633939717,1300,10.66,10.0
random_search,6,26,100,14.62763633939717,16.816121515533826,20.648199740725325,1.5604514756676044,14.62763633939717,1350,10.24,10.0
random_search,6,27,100,14.62763633939717,16.858370921049808,22.22654919008431,1.6467415232920626,14.62763633939717,1400,10.31,10.0
random_search,6,28,100,14.62763633939717,16.835472893332156,21.69782557302906,1.6094284675469854,14.62763633939717,1450,10.35,10.0
random_search,6,29,100,14.62763633939717,17.044487102174955,20.679075450674063,1.7458208065987928,14.62763633939717,1500,10.08,10.0
random_search,6,30,100,14.62763633939717,16.757535080662468,20.831098884280703,1.529582603170931,14.62763633939717,1550,10.65,10.0
random_search,6,31,100,14.62763633939717,16.9066792713685,21.567815921162744,1.7440741540604672,14.62763633939717,1600,10.8,10.0
random_search,6,32,100,14.62763633939717,16.773860024869848,22.021363372331802,1.5681484354555786,14.62763633939717,1650,11.18,10.0
random_search,6,33,100,14.62763633939717,16.698608680095038,21.654308211415447,1.563154631145607,14.62763633939717,1700,9.99,10.0
random_search,6,34,100,14.621320343559642,16.860412787806297,21.355133376499413,1.7638504833538609,14.621320343559642,1750,10.57,12.0
random_search,6,35,100,14.621320343559642,16.852863115514342,21.72574776766556,1.6685222545396556,14.621320343559642,1800,10.1,12.0
random_search,6,36,100,14.621320343559642,16.88577935288083,21.949545416973503,1.7622328533583815,14.621320343559642,1850,10.43,12.0
random_search,6,37,100,14.621320343559642,16.701189385592382,20.384250278036866,1.4682069419813353,14.621320343559642,1900,10.65,12.0
random_search,6,38,100,14.621320343559642,16.92365978570464,22.395943722515266,1.859099725705838,14.621320343559642,1950,10.66,12.0
random_search,6,39,100,14.621320343559642,16.93806867988541,20.742640687119284,1.8103895747601317,14.621320343559642,2000,9.93,12.0
random_search,6,40,100,14.621320343559642,16.650657723295105,22.07402157263998,1.5591316685380974,14.621320343559642,2050,10.86,12.0
random_search,6,41,100,14.621320343559642,16.92248666368074,20.659126028197402,1.725175649746524,14.621320343559642,2100,10.55,12.0
random_search,6,42,100,14.621320343559642,16.84233529268714,21.630495168499706,1.636866366242513,14.621320343559642,2150,10.63,12.0
random_search,6,43,100,14.621320343559642,16.741596671834294,20.648199740725325,1.6179481464581233,14.621320343559642,2200,10.78,12.0
random_search,6,44,100,14.621320343559642,16.812592184053305,21.356349099818896,1.670130342317417,14.621320343559642,2250,11.06,12.0
random_search,6,45,100,14.621320343559642,16.891665542108065,20.648199740725325,1.6648822713845044,14.621320343559642,2300,10.77,12.0
random_search,6,46,100,14.569046515733026,16.712689135876968,21.28790581563873,1.6446091800741693,14.569046515733026,2350,10.78,12.0
random_search,6,47,100,14.569046515733026,16.83083072786681,21.37571129984594,1.7357609128424227,14.569046515733026,2400,10.45,12.0
random_search,6,48,100,14.569046515733026,16.734449255936354,20.648199740725325,1.6156582550905694,14.569046515733026,2450,10.26,12.0
random_search,6,49,100,14.569046515733026,16.913891397810733,22.341428291206626,1.8393287518981634,14.569046515733026,2500,10.85,12.0
random_search,6,50,100,14.569046515733026,16.6883646122452,21.208607914449797,1.5997781669004119,14.569046515733026,2550,10.04,12.0
random_search,6,51,100,14.569046515733026,16.69407181321656,20.997057550292606,1.587688407364957,14.569046515733026,2600,11.15,12.0
random_search,6,52,100,14.569046515733026,16.64505516741013,21.02480768092719,1.6554095771253694,14.569046515733026,2650,9.69,12.0
random_search,6,53,100,14.569046515733026,16.714832936238782,21.147630988187686,1.5728524441577594,14.569046515733026,2700,10.39,12.0
random_search,6,54,100,14.569046515733026,16.704075871631336,21.417800560721076,1.6401607173754342,14.569046515733026,2750,10.12,12.0
random_search,6,55,100,14.569046515733026,16.59199854658515,22.026368339802364,1.636055091571245,14.569046515733026,2800,10.7,12.0
random_search,6,56,100,14.569046515733026,16.58803972931756,20.68208554864871,1.6399918891399217,14.569046515733026,2850,10.7,12.0
random_search,6,57,100,14.569046515733026,16.75298040135102,21.2343879744639,1.689277416205151,14.569046515733026,2900,10.62,12.0
random_search,6,58,100,14.569046515733026,16.750756122126074,21.480243893371345,1.681867098199707,14.569046515733026,2950,10.38,12.0
random_search,6,59,100,14.569046515733026,16.638780247407684,20.736877428271626,1.56574406596333,14.569046515733026,3000,10.32,12.0
random_search,6,60,100,14.569046515733026,16.61865451500303,20.648199740725325,1.5906948331907274,14.569046515733026,3050,10.24,12.0
random_search,6,61,100,14.569046515733026,16.637101491486295,22.301514803843837,1.6555485613738123,14.569046515733026,3100,10.88,12.0
random_search,6,62,100,14.569046515733026,16.633465033150987,22.115167380558045,1.6568173953218448,14.569046515733026,3150,10.93,12.0
random_search,6,63,100,14.569046515733026,16.614078361388383,21.268595903550974,1.6048680084473332,14.569046515733026,3200,10.58,12.0
random_search,6,64,100,14.569046515733026,16.807427347065072,21.382085548648714,1.809511241122439,14.569046515733026,3250,11.03,12.0
random_search,6,65,100,14.569046515733026,16.626129781717207,21.978505426185215,1.678527361501101,14.569046515733026,3300,10.45,12.0
random_search,6,66,100,14.569046515733026,16.6210816165964,21.30805405358401,1.6598824479734462,14.569046515733026,3350,11.17,12.0
random_search,6,67,100,14.569046515733026,16.705098454309248,21.4731721238443,1.7455256777363661,14.569046515733026,3400,11.46,12.0
random_search,6,68,100,14.569046515733026,16.6620525686425,21.400000000000002,1.7338792124074924,14.569046515733026,3450,11.44,12.0
random_search,6,69,100,14.569046515733026,16.62047239552639,20.648199740725325,1.6513899806347183,14.569046515733026,3500,10.63,12.0
random_search,6,70,100,14.569046515733026,16.741131752363373,20.7319206502675,1.8176116960470254,14.569046515733026,3550,10.87,12.0
random_search,6,71,100,14.569046515733026,16.815860537630986,21.069870314579497,1.8127588456809087,14.569046515733026,3600,11.34,12.0
random_search,6,72,100,14.394438717061496,16.70998263276566,20.656141357987227,1.7268771682436208,14.394438717061496,3650,10.71,11.0
random_search,6,73,100,14.394438717061496,16.663278656418917,21.449576240750524,1.8051923359220656,14.394438717061496,3700,10.2,11.0
random_search,6,74,100,14.394438717061496,16.675737810985975,21.17804971641414,1.755112115521087,14.394438717061496,3750,10.67,11.0
random_search,6,75,100,14.394438717061496,16.726371479933714,21.707492981902774,1.8223209566903036,14.394438717061496,3800,10.85,11.0
random_search,6,76,100,14.394438717061496,16.839407424681518,20.797057550292603,1.8882792485781767,14.394438717061496,3850,10.98,11.0
random_search,6,77,100,14.394438717061496,16.754392829591783,20.648199740725325,1.7940309408729258,14.394438717061496,3900,11.1,11.0
random_search,6,78,100,14.394438717061496,16.57586387439049,20.648199740725325,1.6636506384121827,14.394438717061496,3950,10.45,11.0
random_search,6,79,100,14.394438717061496,16.759722579667745,21.55277655408689,1.8580800418000518,14.394438717061496,4000,12.31,11.0
random_search,6,80,100,14.394438717061496,16.73956037861611,21.380972058177587,1.8299494996337535,14.394438717061496,4050,11.27,11.0
random_search,6,81,100,14.394438717061496,16.71620562386345,21.09136645896019,1.8282464739363777,14.394438717061496,4100,10.5,11.0
random_search,6,82,100,14.394438717061496,16.46480057550441,20.648199740725325,1.5646807139291559,14.394438717061496,4150,10.96,11.0
random_search,6,83,100,14.394438717061496,16.752990728123294,21.934192325759245,1.945191985257048,14.394438717061496,4200,11.0,11.0
random_search,6,84,100,14.394438717061496,16.567186927281217,21.32232783924049,1.7979491098015679,14.394438717061496,4250,10.8,11.0
random_search,6,85,100,14.394438717061496,16.587527026975774,22.275711299845938,1.7929575135054356,14.394438717061496,4300,10.72,11.0
random_search,6,86,100,14.394438717061496,16.821974546881023,21.623243291566197,2.0462801399173407,14.394438717061496,4350,10.59,11.0
random_search,6,87,100,14.394438717061496,16.61677445789956,20.888762624632125,1.743185885042263,14.394438717061496,4400,10.38,11.0
random_search,6,88,100,14.394438717061496,16.589849166437048,20.648199740725325,1.7538580675505326,14.394438717061496,4450,10.38,11.0
random_search,6,89,100,14.394438717061496,16.531424153649006,20.648199740725325,1.610782937534668,14.394438717061496,4500,10.59,11.0
random_search,6,90,100,14.394438717061496,16.5550235174538,21.333630940518894,1.6207649525442491,14.394438717061496,4550,11.48,11.0
random_search,6,91,100,14.394438717061496,16.709243397065794,21.437663853655728,1.8757247007770919,14.394438717061496,4600,11.1,11.0
random_search,6,92,100,14.394438717061496,16.88256520047031,21.36154726279432,1.9893811706094544,14.394438717061496,4650,10.69,11.0
random_search,6,93,100,14.394438717061496,16.618148837018754,20.935112807463533,1.793639492275763,14.394438717061496,4700,11.27,11.0
random_search,6,94,100,14.394438717061496,16.578977303445715,20.648199740725325,1.729741426257661,14.394438717061496,4750,10.12,11.0
random_search,6,95,100,14.394438717061496,16.5749189560035,20.490465367951394,1.7078209133779778,14.394438717061496,4800,11.12,11.0
random_search,6,96,100,14.394438717061496,16.845253964384725,21.44948974278318,2.044622423983463,14.394438717061496,4850,10.67,11.0
random_search,6,97,100,14.394438717061496,16.52782645717679,21.031300056749533,1.6816557496328397,14.394438717061496,4900,11.18,11.0
random_search,6,98,100,14.394438717061496,16.533268638110382,22.920526275297412,1.8081740088077647,14.394438717061496,4950,11.21,11.0
random_search,6,99,100,14.394438717061496,16.58867392296414,21.4058100283222,1.7479467200341126,14.394438717061496,5000,10.45,11.0
random_search,6,100,100,14.394438717061496,16.707736494721622,21.599999999999998,1.89706130789886,14.394438717061496,5050,10.04,11.0
random_search,7,0,50,16.00516780926679,18.35466099159814,21.536308338453882,1.5496970468324496,16.00516780926679,50,10.58,13.0
random_search,7,1,100,15.434192325759245,18.33841417753752,22.08526217596215,1.4430971578386433,15.434192325759245,100,10.66,9.0
random_search,7,2,100,15.434192325759245,17.796654804291332,21.816624790355398,1.2533699080140652,15.434192325759245,150,10.29,9.0
random_search,7,3,100,15.434192325759245,17.580520758779507,20.91547594742265,1.3112166508702856,15.434192325759245,200,10.64,9.0
random_search,7,4,100,15.434192325759245,17.340931591249003,22.441428291206627,1.2145039589494446,15.434192325759245,250,9.46,9.0
random_search,7,5,100,15.421061822182928,17.239419523324706,20.648199740725325,1.2688936032092062,15.421061822182928,300,10.01,8.0
random_search,7,6,100,15.421061822182928,17.21368926224854,21.243835071544513,1.2693836189579193,15.421061822182928,350,10.39,8.0
random_search,7,7,100,15.421061822182928,17.191264850939,21.880972058177587,1.3641164122531177,15.421061822182928,400,9.82,8.0
random_search,7,8,100,15.421061822182928,17.069004031678983,21.40312347560939,1.3115275313992485,15.421061822182928,450,9.96,8.0
random_search,7,9,100,15.421061822182928,17.21315116888833,20.648199740725325,1.4441724002185985,15.421061822182928,500,10.33,8.0
random_search,7,10,100,15.421061822182928,17.185761819894726,20.788061301782108,1.4708111816720253,15.421061822182928,550,10.04,8.0
random_search,7,11,100,15.421061822182928,17.309926295782983,21.772751070837067,1.6308056297341897,15.421061822182928,600,10.72,8.0
random_search,7,12,100,15.421061822182928,17.206939072269577,22.242787793912434,1.52306469669985,15.421061822182928,650,10.59,8.0
random_search,7,13,100,14.846536616149585,16.941635952265568,20.648199740725325,1.3150089144840047,14.846536616149585,700,10.07,9.0
random_search,7,14,100,14.846536616149585,17.100712349055446,21.938181191654586,1.570878139786354,14.846536616149585,750,10.92,9.0
random_search,7,15,100,14.846536616149585,17.146107775789133,20.697221149720992,1.5455525859372676,14.846536616149585,800,10.37,9.0
random_search,7,16,100,14.846536616149585,17.211237163139334,21.840063693621516,1.6189259360513042,14.846536616149585,850,10.23,9.0
random_search,7,17,100,14.846536616149585,17.038009538738326,21.155277766926236,1.486616454946765,14.846536616149585,900,10.69,9.0
random_search,7,18,100,14.846536616149585,16.967769938235147,20.91386219991853,1.5501784994831174,14.846536616149585,950,11.02,9.0
random_search,7,19,100,14.846536616149585,17.04188361233025,22.002630668366308,1.6386069032751374,14.846536616149585,1000,11.0,9.0
random_search,7,20,100,14.846536616149585,16.875636162441996,22.356349099818896,1.5635474614369778,14.846536616149585,1050,10.07,9.0
random_search,7,21,100,14.846536616149585,16.84990433078416,21.487905815638733,1.4934795372961858,14.846536616149585,1100,10.48,9.0
random_search,7,22,100,14.846536616149585,16.992784236390825,21.75576411921994,1.663682279713793,14.846536616149585,1150,10.81,9.0
random_search,7,23,100,14.846536616149585,16.903295469577102,21.803844259188626,1.588253541049762,14.846536616149585,1200,10.82,9.0
random_search,7,24,100,14.846536616149585,16.972125092167474,21.241653005427764,1.6811218416738773,14.846536616149585,1250,10.2,9.0
random_search,7,25,100,14.846536616149585,16.947453008915403,20.771085446759226,1.6122606956766883,14.846536616149585,1300,10.86,9.0
random_search,7,26,100,14.846536616149585,16.836065577695148,20.609243436828812,1.4416156847013077,14.846536616149585,1350,10.55,9.0
random_search,7,27,100,14.846536616149585,16.936022374999013,21.315587038162708,1.5648447760476005,14.846536616149585,1400,10.6,9.0
random_search,7,28,100,14.846536616149585,16.660141099725156,20.648199740725325,1.3835230266055245,14.846536616149585,1450,10.56,9.0
random_search,7,29,100,14.846536616149585,17.08520025721524,20.837211521390785,1.7907510802954858,14.846536616149585,1500,10.09,9.0
random_search,7,30,100,14.846536616149585,16.82987035627052,21.3459060435492,1.6094915916518637,14.846536616149585,1550,9.91,9.0
random_search,7,31,100,14.846536616149585,16.796859743651435,20.648199740725325,1.5472198114999498,14.846536616149585,1600,10.62,9.0
random_search,7,32,100,14.72928563989645,16.95710785328622,21.676575213227444,1.7195890988168476,14.72928563989645,1650,11.38,9.0
random_search,7,33,100,14.72928563989645,16.702512274639766,20.648199740725325,1.5137363906159793,14.72928563989645,1700,9.97,9.0
random_search,7,34,100,14.72928563989645,16.805509980746663,22.606750598570127,1.679320371009287,14.72928563989645,1750,10.33,9.0
random_search,7,35,100,14.72928563989645,16.754979121470832,21.503569153775235,1.6176701542821494,14.72928563989645,1800,10.25,9.0
random_search,7,36,100,14.72928563989645,16.750771645710508,20.648199740725325,1.502619590728418,14.72928563989645,1850,10.94,9.0
random_search,7,37,100,14.72928563989645,16.826043953555665,20.648199740725325,1.6438352004321206,14.72928563989645,1900,9.65,9.0
random_search,7,38,100,14.72928563989645,16.972123290556805,21.967670500619608,1.8731862302890276,14.72928563989645,1950,10.58,9.0
random_search,7,39,100,14.72928563989645,16.982543214977117,22.01662062579967,1.8577703307398405,14.72928563989645,2000,9.59,9.0
random_search,7,40,100,14.72928563989645,16.718773895636296,20.648199740725325,1.5126538833220127,14.72928563989645,2050,9.8,9.0
random_search,7,41,100,14.72928563989645,16.69785600168396,21.279673898594822,1.5443387974346774,14.72928563989645,2100,10.42,9.0
random_search,7,42,100,14.72928563989645,16.826313336367356,20.70199920063936,1.5993775120457765,14.72928563989645,2150,10.73,9.0
random_search,7,43,100,14.72928563989645,16.747514798042893,21.62574776766556,1.6207530786172903,14.72928563989645,2200,10.47,9.0
random_search,7,44,100,14.72928563989645,16.83347956914753,20.991153452528778,1.6925252300642986,14.72928563989645,2250,9.99,9.0
random_search,7,45,100,14.72928563989645,16.763254940333066,20.956141357987224,1.6481241927201842,14.72928563989645,2300,10.75,9.0
random_search,7,46,100,14.72928563989645,16.866665574734768,21.30609303352956,1.808336643240339,14.72928563989645,2350,10.81,9.0
random_search,7,47,100,14.72928563989645,16.793847431152727,21.449444375840397,1.7374942178740211,14.72928563989645,2400,10.0,9.0
random_search,7,48,100,14.72928563989645,16.709280816697785,20.648199740725325,1.5278478238382232,14.72928563989645,2450,10.5,9.0
random_search,7,49,100,14.72928563989645,16.998149222159896,22.991454509095757,2.048349304517021,14.72928563989645,2500,11.32,9.0
random_search,7,50,100,14.72928563989645,16.767447664266328,21.55657137141714,1.75081396527062,14.72928563989645,2550,10.84,9.0
random_search,7,51,100,14.533907960581372,16.673861580956885,20.648199740725325,1.6087994165281962,14.533907960581372,2600,10.19,13.0
random_search,7,52,100,14.533907960581372,16.76261924740274,20.648199740725325,1.7305736044586417,14.533907960581372,2650,9.95,13.0
random_search,7,53,100,14.533907960581372,16.79933145745109,20.648199740725325,1.7508230067901291,14.533907960581372,2700,10.84,13.0
random_search,7,54,100,14.533907960581372,16.770722773752876,20.809243436828815,1.6974630920980098,14.533907960581372,2750,11.39,13.0
random_search,7,55,100,14.533907960581372,16.780579772455503,21.487475490101847,1.7161030480002009,14.533907960581372,2800,10.86,13.0
random_search,7,56,100,14.533907960581372,16.59981241112631,20.711094017053558,1.6180368782909726,14.533907960581372,2850,10.99,13.0
random_search,7,57,100,14.533907960581372,16.658811089271445,21.088435821108956,1.5932058828206415,14.533907960581372,2900,11.04,13.0
random_search,7,58,100,14.533907960581372,16.940766009488065,22.1310988842807,1.9174301147283834,14.533907960581372,2950,10.29,13.0
random_search,7,59,100,14.533907960581372,16.55022772758704,20.19145450909576,1.4785966027307116,14.533907960581372,3000,10.73,13.0
random_search,7,60,100,14.533907960581372,16.776603384741808,21.356349099818896,1.763436331595221,14.533907960581372,3050,10.36,13.0
random_search,7,61,100,14.533907960581372,16.80193798177944,20.648199740725325,1.7578523215987438,14.533907960581372,3100,9.79,13.0
random_search,7,62,100,14.533907960581372,16.789303512847738,22.331098884280703,1.7253902895953563,14.533907960581372,3150,10.87,13.0
random_search,7,63,100,14.533907960581372,16.769886622181055,20.761706725018236,1.7856358093031512,14.533907960581372,3200,10.05,13.0
random_search,7,64,100,14.533907960581372,16.747624806604257,21.029822128134704,1.6978164053754403,14.533907960581372,3250,10.3,13.0
random_search,7,65,100,14.533907960581372,16.83175533168743,21.015823125451334,1.7819921199074495,14.533907960581372,3300,10.85,13.0
random_search,7,66,100,14.533907960581372,16.72957282907345,20.99615099714943,1.6923690244842147,14.533907960581372,3350,10.5,13.0
random_search,7,67,100,14.533907960581372,16.50829679637431,20.648199740725325,1.4668881588541562,14.533907960581372,3400,10.58,13.0
random_search,7,68,100,14.533907960581372,16.69839720832325,21.160319135392633,1.7189194462934703,14.533907960581372,3450,9.88,13.0
random_search,7,69,100,14.533907960581372,16.682842790834144,20.897999199359358,1.6513273099118913,14.533907960581372,3500,10.75,13.0
random_search,7,70,100,14.533907960581372,16.757312419942426,20.648199740725325,1.7519459576698773,14.533907960581372,3550,10.87,13.0
random_search,7,71,100,14.533907960581372,16.933400312403318,21.57402157263998,2.0127902293783024,14.533907960581372,3600,10.63,13.0
random_search,7,72,100,14.533907960581372,16.69414804672318,22.170459909270544,1.8212816465501898,14.533907960581372,3650,10.04,13.0
random_search,7,73,100,14.449444375840399,16.835486846724177,20.95870331449229,1.9327305764778808,14.449444375840399,3700,11.14,11.0
random_search,7,74,100,14.449444375840399,16.73153782378772,22.437663853655728,1.861264351650491,14.449444375840399,3750,10.95,11.0
random_search,7,75,100,14.449444375840399,16.83424146832056,21.22089730686545,1.924393093539561,14.449444375840399,3800,10.99,11.0
random_search,7,76,100,14.449444375840399,16.592881521567527,21.0563490998189,1.7084022680598134,14.449444375840399,3850,10.02,11.0
random_search,7,77,100,14.449444375840399,16.58769035619066,21.015167380558044,1.6230465792166753,14.449444375840399,3900,10.75,11.0
random_search,7,78,100,14.449444375840399,16.71197647596373,21.28608421540822,1.8158186998224057,14.449444375840399,3950,10.13,11.0
random_search,7,79,100,14.449444375840399,16.687037749089146,21.674234614174768,1.7592669074575067,14.449444375840399,4000,10.49,11.0
random_search,7,80,100,14.449444375840399,16.68581167527559,20.900000000000002,1.7917505854048223,14.449444375840399,4050,10.64,11.0
random_search,7,81,100,14.449444375840399,16.545370612853404,20.7,1.5410815019935846,14.449444375840399,4100,10.52,11.0
random_search,7,82,100,14.449444375840399,16.836169768950246,20.99582971014219,1.9441835492541617,14.449444375840399,4150,10.58,11.0
random_search,7,83,100,14.449444375840399,16.702711985995357,22.470540018881465,1.8443904029305442,14.449444375840399,4200,9.82,11.0
random_search,7,84,100,14.449444375840399,16.7609521673092,21.846640106136302,1.8505223657140561,14.449444375840399,4250,10.34,11.0
random_search,7,85,100,14.449444375840399,16.806227365750427,21.121347195933176,1.9034043141152188,14.449444375840399,4300,10.11,11.0
random_search,7,86,100,14.449444375840399,16.801046977056973,21.400000000000002,1.9489232573871298,14.449444375840399,4350,10.89,11.0
random_search,7,87,100,14.449444375840399,16.68261045793746,22.282461550347975,1.8293500818904826,14.449444375840399,4400,10.97,11.0
random_search,7,88,100,14.449444375840399,16.837035777770502,21.422902093797255,1.9604633516529517,14.449444375840399,4450,10.19,11.0
random_search,7,89,100,14.449444375840399,16.613143655392836,21.098386676965934,1.6939899276919326,14.449444375840399,4500,10.26,11.0
random_search,7,90,100,14.449444375840399,16.56527691405171,20.660319135392633,1.6752742696107799,14.449444375840399,4550,10.74,11.0
random_search,7,91,100,14.449444375840399,16.618452729165003,21.4377155080899,1.7265636075129096,14.449444375840399,4600,10.55,11.0
random_search,7,92,100,14.449444375840399,16.753576948266407,21.924099870362664,1.9455258061601055,14.449444375840399,4650,10.77,11.0
random_search,7,93,100,14.449444375840399,16.5842744940169,20.648199740725325,1.6814897666769033,14.449444375840399,4700,10.81,11.0
random_search,7,94,100,14.449444375840399,16.69441737283954,22.412833614050058,1.7497318590490545,14.449444375840399,4750,10.2,11.0
random_search,7,95,100,14.449444375840399,16.662304411402356,22.434192325759245,1.788317355316639,14.449444375840399,4800,10.68,11.0
random_search,7,96,100,14.449444375840399,16.84158446743171,21.58526217596215,1.9472693741712728,14.449444375840399,4850,10.44,11.0
random_search,7,97,100,14.449444375840399,16.471897009626325,22.41547594742265,1.6149961555553125,14.449444375840399,4900,11.02,11.0
random_search,7,98,100,14.449444375840399,16.452276152674116,21.174021572639983,1.6017976435160155,14.449444375840399,4950,10.78,11.0
random_search,7,99,100,14.449444375840399,16.785436025120916,22.303844259188626,1.873271989195494,14.449444375840399,5000,10.3,11.0
random_search,7,100,100,14.449444375840399,16.525961961140684,21.159729717389748,1.6562406309747577,14.449444375840399,5050,11.16,11.0
random_search,8,0,50,15.729872518944557,17.84839828567405,20.648199740725325,1.3480875688803076,15.729872518944557,50,10.52,13.0
random_search,8,1,100,15.720897306865446,18.000981989291336,20.648199740725325,1.3816863212665882,15.720897306865446,100,10.48,13.0
random_search,8,2,100,15.333630940518894,17.412942651622167,20.648199740725325,1.198715477114957,15.333630940518894,150,9.82,11.0
random_search,8,3,100,15.333630940518894,17.366892733591406,21.22827037646145,1.3210497866968551,15.333630940518894,200,10.22,11.0
random_search,8,4,100,15.333630940518894,17.222712212907837,20.822611077089288,1.2342348797292966,15.333630940518894,250,10.02,11.0
random_search,8,5,100,15.077638883463118,17.163569203193518,20.72491379207837,1.3737555028815345,15.077638883463118,300,10.04,13.0
random_search,8,6,100,15.077638883463118,17.22167587061921,21.364054992217053,1.505764461313299,15.077638883463118,350,10.48,13.0
random_search,8,7,100,15.077638883463118,17.224142450668236,22.237663853655725,1.546281061304979,15.077638883463118,400,10.86,13.0
random_search,8,8,100,15.077638883463118,17.110424084730095,20.648199740725325,1.4298954363711087,15.077638883463118,450,10.0,13.0
random_search,8,9,100,15.077638883463118,17.147845061018323,21.268288736283353,1.4468687667336497,15.077638883463118,500,10.79,13.0
random_search,8,10,100,14.91283361405006,17.060841476601155,20.648199740725325,1.495729178987099,14.91283361405006,550,9.94,12.0
random_search,8,11,100,14.91283361405006,17.143309077351695,21.41547594742265,1.5743181432480315,14.91283361405006,600,11.14,12.0
random_search,8,12,100,14.91283361405006,17.031376642938937,20.971750305430742,1.3832670008972987,14.91283361405006,650,10.19,12.0
random_search,8,13,100,14.91283361405006,17.111683229757634,21.161901286060015,1.6169411208762503,14.91283361405006,700,10.5,12.0
random_search,8,14,100,14.91283361405006,16.942961860100603,21.843024810940587,1.431390701184975,14.91283361405006,750,10.71,12.0
random_search,8,15,100,14.91283361405006,17.25917623790456,21.039013913315678,1.790510540744028,14.91283361405006,800,9.5,12.0
random_search,8,16,100,14.91283361405006,16.969131022368536,22.846536616149585,1.621050865146878,14.91283361405006,850,10.92,12.0
random_search,8,17,100,14.91283361405006,16.85068180347577,21.845207879911715,1.4469503993567716,14.91283361405006,900,10.98,12.0
random_search,8,18,100,14.91283361405006,17.09580430849439,21.327636339397174,1.7045201661731417,14.91283361405006,950,10.96,12.0
random_search,8,19,100,14.742787793912433,16.776230060483375,20.606659275674584,1.40897566449853,14.742787793912433,1000,10.54,11.0
random_search,8,20,100,14.742787793912433,17.05039163256802,21.781934729198174,1.67094483785618,14.742787793912433,1050,10.55,11.0
random_search,8,21,100,14.742787793912433,16.814854557972,20.782306905057553,1.576546532390693,14.742787793912433,1100,10.92,11.0
random_search,8,22,100,14.742787793912433,16.99608395854494,21.070459909270543,1.6515328314896658,14.742787793912433,1150,11.02,11.0
random_search,8,23,100,14.742787793912433,16.886794927063338,20.648199740725325,1.587925978051792,14.742787793912433,1200,10.86,11.0
random_search,8,24,100,14.742787793912433,16.9324635041405,20.91547594742265,1.6672543766205647,14.742787793912433,1250,12.07,11.0
random_search,8,25,100,14.742787793912433,17.014764518133987,21.06767050061961,1.7113931662936093,14.742787793912433,1300,10.48,11.0
random_search,8,26,100,14.61058907144937,16.825826718312026,20.987475490101847,1.6475231671596946,14.61058907144937,1350,10.94,9.0
random_search,8,27,100,14.61058907144937,16.744765851465342,21.805167809266788,1.586206650500569,14.61058907144937,1400,11.11,9.0
random_search,8,28,100,14.61058907144937,16.76075143826886,21.72089730686545,1.6058671852140547,14.61058907144937,1450,11.15,9.0
random_search,8,29,100,14.61058907144937,16.843445944427064,20.941186241925152,1.6754558119844456,14.61058907144937,1500,10.25,9.0
random_search,8,30,100,14.61058907144937,16.846280566340948,21.20199920063936,1.6856399191570925,14.61058907144937,1550,11.0,9.0
random_search,8,31,100,14.61058907144937,16.840067943510075,21.077902338672775,1.6820778465600363,14.61058907144937,1600,11.33,9.0
random_search,8,32,100,14.61058907144937,16.981070361238118,22.816624790355398,1.8137226395651405,14.61058907144937,1650,11.41,9.0
random_search,8,33,100,14.61058907144937,16.78162701828674,21.12883794381533,1.6009863087017728,14.61058907144937,1700,11.32,9.0
random_search,8,34,100,14.61058907144937,16.69952623421055,20.969817807045693,1.5653521987897112,14.61058907144937,1750,11.01,9.0
random_search,8,35,100,14.61058907144937,16.79920927201418,21.976819745345026,1.650156929487712,14.61058907144937,1800,11.6,9.0
random_search,8,36,100,14.61058907144937,16.8891523410293,22.57624151769984,1.8393049831560373,14.61058907144937,1850,10.8,9.0
random_search,8,37,100,14.61058907144937,16.80219284206546,20.648199740725325,1.7353814146363458,14.61058907144937,1900,10.6,9.0
random_search,8,38,100,14.61058907144937,16.896468472690962,21.658323293158116,1.7556600210382682,14.61058907144937,1950,10.55,9.0
random_search,8,39,100,14.61058907144937,16.772532854791717,20.707492981902774,1.5843930826565136,14.61058907144937,2000,10.96,9.0
random_search,8,40,100,14.61058907144937,16.876276058849196,22.22654919008431,1.7705471027954591,14.61058907144937,2050,10.34,9.0
random_search,8,41,100,14.61058907144937,16.696453699039914,21.268595903550974,1.5544372569858056,14.61058907144937,2100,10.46,9.0
random_search,8,42,100,14.61058907144937,16.734949963260213,21.00238027789014,1.6175298895235024,14.61058907144937,2150,10.98,9.0
random_search,8,43,100,14.61058907144937,16.813406370488945,20.648199740725325,1.6664768350371908,14.61058907144937,2200,10.32,9.0
random_search,8,44,100,14.61058907144937,16.97228856069382,21.377902338672772,1.8264862554916372,14.61058907144937,2250,11.5,9.0
random_search,8,45,100,14.61058907144937,16.856258639481712,22.243024810940586,1.8153935475857472,14.61058907144937,2300,10.95,9.0
random_search,8,46,100,14.61058907144937,16.67428596538348,20.648199740725325,1.497946327154079,14.61058907144937,2350,10.68,9.0
random_search,8,47,100,14.61058907144937,16.79100903515624,20.648199740725325,1.6602343171058438,14.61058907144937,2400,10.74,9.0
random_search,8,48,100,14.61058907144937,16.753899223104245,21.217800560721074,1.6841783412235434,14.61058907144937,2450,11.26,9.0
random_search,8,49,100,14.61058907144937,16.76619082407459,21.22074368738204,1.6753392852628735,14.61058907144937,2500,10.28,9.0
random_search,8,50,100,14.61058907144937,16.9524813274129,21.893897898091744,1.8858063524800541,14.61058907144937,2550,10.28,9.0
random_search,8,51,100,14.61058907144937,16.707936216297874,21.493468988235943,1.7078009121524436,14.61058907144937,2600,10.92,9.0
random_search,8,52,100,14.61058907144937,16.77185918860738,20.68208554864871,1.7000197638688086,14.61058907144937,2650,10.3,9.0
random_search,8,53,100,14.61058907144937,16.711586956363377,20.866533331199932,1.6891151718323996,14.61058907144937,2700,10.47,9.0
random_search,8,54,100,14.61058907144937,16.85315191908738,21.869870314579494,1.8250365701230873,14.61058907144937,2750,10.77,9.0
random_search,8,55,100,14.61058907144937,16.783649273033966,21.174021572639983,1.686511928986708,14.61058907144937,2800,11.27,9.0
random_search,8,56,100,14.61058907144937,16.863575024658957,21.157342370508886,1.8731486876346486,14.61058907144937,2850,11.03,9.0
random_search,8,57,100,14.61058907144937,16.81024817931988,21.696150997149434,1.7415955483459782,14.61058907144937,2900,10.96,9.0
random_search,8,58,100,14.61058907144937,16.717080075571193,20.648199740725325,1.5991798285555763,14.61058907144937,2950,10.31,9.0
random_search,8,59,100,14.61058907144937,16.83431824480718,21.471750305430742,1.8294584205033768,14.61058907144937,3000,11.68,9.0
random_search,8,60,100,14.61058907144937,16.804152506839234,22.004834939252003,1.7793610462245928,14.61058907144937,3050,11.05,9.0
random_search,8,61,100,14.61058907144937,16.61097965750325,20.717800560721074,1.5652923166441615,14.61058907144937,3100,10.29,9.0
random_search,8,62,100,14.38910462845192,16.576037952953513,20.648199740725325,1.5577156165574346,14.38910462845192,3150,10.57,13.0
random_search,8,63,100,14.38910462845192,16.666306182177667,20.962977544445355,1.6869658488406134,14.38910462845192,3200,11.0,13.0
random_search,8,64,100,14.38910462845192,16.615093485693354,20.648199740725325,1.6296224029354327,14.38910462845192,3250,10.38,13.0
random_search,8,65,100,14.38910462845192,16.743578213207023,20.648199740725325,1.7983863440864052,14.38910462845192,3300,10.42,13.0
random_search,8,66,100,14.38910462845192,16.75031969920695,20.662277660168378,1.820776290337209,14.38910462845192,3350,10.88,13.0
random_search,8,67,100,14.38910462845192,16.7655130927115,21.2343879744639,1.8067387236811998,14.38910462845192,3400,10.87,13.0
random_search,8,68,100,14.38910462845192,16.88505002100659,21.337211521390785,1.9500777379978909,14.38910462845192,3450,10.84,13.0
random_search,8,69,100,14.38910462845192,16.85217978257148,21.229872518944557,1.9091869604915641,14.38910462845192,3500,10.35,13.0
random_search,8,70,100,14.38910462845192,16.895351749333187,21.049615361854386,1.9194610618843784,14.38910462845192,3550,10.6,13.0
random_search,8,71,100,14.38910462845192,16.522796322753408,20.648199740725325,1.5231756588484522,14.38910462845192,3600,10.89,13.0
random_search,8,72,100,14.38910462845192,16.698251977668047,21.355133376499413,1.7088085036820588,14.38910462845192,3650,10.71,13.0
random_search,8,73,100,14.38910462845192,16.873649222755155,21.2,1.9083116483504183,14.38910462845192,3700,10.75,13.0
random_search,8,74,100,14.38910462845192,16.596027145152352,20.648199740725325,1.5751529667105721,14.38910462845192,3750,11.01,13.0
random_search,8,75,100,14.38910462845192,16.475963045191882,21.08526217596215,1.5421848222077528,14.38910462845192,3800,10.11,13.0
random_search,8,76,100,14.38910462845192,16.800224907172264,21.520897306865447,1.8506337640304704,14.38910462845192,3850,10.93,13.0
random_search,8,77,100,14.38910462845192,16.815358243832346,22.143835071544512,1.8920356969648513,14.38910462845192,3900,10.82,13.0
random_search,8,78,100,14.38910462845192,16.70867314335011,22.22491379207837,1.814238274294917,14.38910462845192,3950,10.23,13.0
random_search,8,79,100,14.38910462845192,16.7635853468455,21.595451410656818,1.7928654295466089,14.38910462845192,4000,10.83,13.0
random_search,8,80,100,14.38910462845192,16.769959613792313,20.73861278752583,1.9029586635283025,14.38910462845192,4050,11.12,13.0
random_search,8,81,100,14.38910462845192,16.56639773708234,20.648199740725325,1.6721521270447577,14.38910462845192,4100,10.59,13.0
random_search,8,82,100,14.38910462845192,16.631741451188763,20.648199740725325,1.6907858318027822,14.38910462845192,4150,10.94,13.0
random_search,8,83,100,14.38910462845192,16.70695061174217,22.069870314579497,1.7969507403526719,14.38910462845192,4200,10.42,13.0
random_search,8,84,100,14.38910462845192,16.56402189539614,20.648199740725325,1.584216307370244,14.38910462845192,4250,10.75,13.0
random_search,8,85,100,14.38910462845192,16.574405250675596,21.1886890422961,1.5750658701643339,14.38910462845192,4300,11.02,13.0
random_search,8,86,100,14.38910462845192,16.78128083477797,21.06767050061961,1.8747622126620964,14.38910462845192,4350,11.6,13.0
random_search,8,87,100,14.38910462845192,16.770210644479345,21.573213749463704,1.8808034349764016,14.38910462845192,4400,11.51,13.0
random_search,8,88,100,14.38910462845192,16.77168707162553,21.553299832284317,1.8420389191940254,14.38910462845192,4450,10.44,13.0
random_search,8,89,100,14.38910462845192,16.8330646727799,21.482306905057555,1.8847820012369567,14.38910462845192,4500,11.64,13.0
random_search,8,90,100,14.38910462845192,16.652598124395432,20.648199740725325,1.647262007619347,14.38910462845192,4550,10.36,13.0
random_search,8,91,100,14.38910462845192,16.952359218485928,21.25329983228432,2.001633428110224,14.38910462845192,4600,10.82,13.0
random_search,8,92,100,14.06287388383278,16.541390170280966,21.201428280002318,1.7140695512240047,14.06287388383278,4650,10.97,14.0
random_search,8,93,100,14.06287388383278,16.717549085425986,21.424283374069717,1.8617726731249906,14.06287388383278,4700,11.36,14.0
random_search,8,94,100,14.06287388383278,16.56577358856616,21.0554305086342,1.7527237244860319,14.06287388383278,4750,10.5,14.0
random_search,8,95,100,14.06287388383278,16.55381532811251,20.877902338672772,1.7728331055173012,14.06287388383278,4800,11.57,14.0
random_search,8,96,100,14.06287388383278,16.896177012083623,22.066060555964672,2.0303544552899924,14.06287388383278,4850,11.46,14.0
random_search,8,97,100,14.06287388383278,16.726164910454774,21.855133376499413,1.8370380431017752,14.06287388383278,4900,11.46,14.0
random_search,8,98,100,14.06287388383278,16.672185345692206,21.252396473549936,1.750260533272979,14.06287388383278,4950,11.23,14.0
random_search,8,99,100,14.06287388383278,16.546373987968284,20.648199740725325,1.6927922430297642,14.06287388383278,5000,11.07,14.0
random_search,8,100,100,14.06287388383278,16.60779171055755,20.927105745132007,1.7786378016420323,14.06287388383278,5050,10.6,14.0
random_search,9,0,50,15.423243291566195,18.32636051518821,21.049666651850536,1.6223783185459864,15.423243291566195,50,10.7,11.0
random_search,9,1,100,15.423243291566195,18.385664544158505,21.049666651850536,1.5661638981341228,15.423243291566195,100,10.49,11.0
random_search,9,2,100,15.423243291566195,17.671444080610435,20.696150997149434,1.1891398244224483,15.423243291566195,150,10.31,11.0
random_search,9,3,100,15.423243291566195,17.52320675309837,21.952610922848045,1.373374312040243,15.423243291566195,200,10.6,11.0
random_search,9,4,100,15.423243291566195,17.398674856193413,22.146426544510454,1.4910639253458629,15.423243291566195,250,10.23,11.0
random_search,9,5,100,15.409447398198282,17.252800311587944,21.887475490101846,1.4581161297757337,15.409447398198282,300,10.55,10.0
random_search,9,6,100,15.409447398198282,17.113228840298056,20.648199740725325,1.3560924674210357,15.409447398198282,350,9.9,10.0
random_search,9,7,100,15.141311123146739,16.94807066635497,20.648199740725325,1.2874925160825683,15.141311123146739,400,10.15,11.0
random_search,9,8,100,15.141311123146739,17.147772042132775,20.840063693621516,1.4879600508114528,15.141311123146739,450,10.04,11.0
random_search,9,9,100,15.141311123146739,16.85476335639816,21.3219040425837,1.3238657991391467,15.141311123146739,500,10.28,11.0
random_search,9,10,100,15.141311123146739,16.859797989552536,21.176575213227444,1.3771574293913027,15.141311123146739,550,10.04,11.0
random_search,9,11,100,15.141311123146739,17.014857699794252,20.6886890422961,1.572828755047933,15.141311123146739,600,10.51,11.0
random_search,9,12,100,15.141311123146739,16.94369556047863,22.079949748426483,1.5199558653332332,15.141311123146739,650,10.06,11.0
random_search,9,13,100,15.141311123146739,17.063446239832462,21.846536616149585,1.7004499356917628,15.141311123146739,700,9.82,11.0
random_search,9,14,100,14.941428291206625,17.121801636649327,21.949576240750524,1.7942543523147427,14.941428291206625,750,10.46,10.0
random_search,9,15,100,14.941428291206625,17.049635974574777,21.64575131106459,1.617570628348765,14.941428291206625,800,10.37,10.0
random_search,9,16,100,14.941428291206625,16.789967808529283,20.648199740725325,1.2858619047226014,14.941428291206625,850,10.29,10.0
random_search,9,17,100,14.941428291206625,16.88212076550967,21.480243893371345,1.5265851354759037,14.941428291206625,900,10.55,10.0
random_search,9,18,100,14.941428291206625,17.094999755050395,20.648199740725325,1.6095544293563655,14.941428291206625,950,10.62,10.0
random_search,9,19,100,14.941428291206625,16.951401532059403,20.648199740725325,1.5837069249533948,14.941428291206625,1000,10.0,10.0
random_search,9,20,100,14.941428291206625,16.879141169727813,22.482306905057555,1.529443640004412,14.941428291206625,1050,10.93,10.0
random_search,9,21,100,14.941428291206625,16.86829675283733,22.007440918375927,1.5967587910886745,14.941428291206625,1100,10.26,10.0
random_search,9,22,100,14.941428291206625,16.843392935498198,20.830950643030008,1.5516982782722402,14.941428291206625,1150,10.43,10.0
random_search,9,23,100,14.941428291206625,16.914989394281683,21.457066051117284,1.5316036765957637,14.941428291206625,1200,10.76,10.0
random_search,9,24,100,14.941428291206625,16.77284296637621,20.648199740725325,1.3502625277170472,14.941428291206625,1250,10.62,10.0
random_search,9,25,100,14.941428291206625,16.89107478539811,20.648199740725325,1.5746344981832288,14.941428291206625,1300,11.03,10.0
random_search,9,26,100,14.941428291206625,16.92887894282757,21.17804971641414,1.5988433297741984,14.941428291206625,1350,10.97,10.0
random_search,9,27,100,14.941428291206625,16.77308590764725,21.039013913315678,1.5567149381437038,14.941428291206625,1400,10.05,10.0
random_search,9,28,100,14.941428291206625,16.87527739118497,21.302172886644268,1.619081000306903,14.941428291206625,1450,10.08,10.0
random_search,9,29,100,14.941428291206625,16.651511008156746,20.648199740725325,1.4122084091295928,14.941428291206625,1500,9.53,10.0
random_search,9,30,100,14.941428291206625,16.848543831069072,21.8,1.6711071202876957,14.941428291206625,1550,10.21,10.0
random_search,9,31,100,14.941428291206625,16.569079313676863,20.993468988235943,1.3492485304632897,14.941428291206625,1600,10.48,10.0
random_search,9,32,100,14.941428291206625,16.854802884392285,21.108607914449795,1.581937556936431,14.941428291206625,1650,10.1,10.0
random_search,9,33,100,14.941428291206625,16.898898710038388,20.985677655436824,1.6185654128724534,14.941428291206625,1700,9.91,10.0
random_search,9,34,100,14.941428291206625,16.882384764486645,21.891164991562633,1.6638475352387632,14.941428291206625,1750,10.32,10.0
random_search,9,35,100,14.941428291206625,16.916782756888253,21.18208554864871,1.686199882286343,14.941428291206625,1800,10.37,10.0
random_search,9,36,100,14.941428291206625,17.014651140096838,20.967670500619608,1.8385157559188603,14.941428291206625,1850,9.72,10.0
random_search,9,37,100,14.941428291206625,16.930247626325936,22.12574776766556,1.7747978742837578,14.941428291206625,1900,11.06,10.0
random_search,9,38,100,14.941428291206625,16.83042355439503,22.70135110466435,1.6832244320990586,14.941428291206625,1950,11.07,10.0
random_search,9,39,100,14.941428291206625,16.91062020919458,20.648199740725325,1.6887861237358954,14.941428291206625,2000,10.54,10.0
random_search,9,40,100,14.941428291206625,17.09263023460809,22.35709255502016,1.9238900094679106,14.941428291206625,2050,11.21,10.0
random_search,9,41,100,14.941428291206625,16.631185816388758,20.648199740725325,1.4790303866661234,14.941428291206625,2100,9.85,10.0
random_search,9,42,100,14.941428291206625,16.762463762544805,20.995451410656816,1.612973643120367,14.941428291206625,2150,10.42,10.0
random_search,9,43,100,14.941428291206625,16.80696705120425,21.05796522451032,1.6363859461132098,14.941428291206625,2200,10.37,10.0
random_search,9,44,100,14.941428291206625,16.706215654419346,20.975467891024387,1.5684876183341718,14.941428291206625,2250,10.85,10.0
random_search,9,45,100,14.941428291206625,16.971898695408193,21.32842712474619,1.806335961440462,14.941428291206625,2300,10.57,10.0
random_search,9,46,100,14.941428291206625,16.805804472994836,20.737663853655725,1.737597084504553,14.941428291206625,2350,10.82,10.0
random_search,9,47,100,14.941428291206625,16.710244886747176,20.816609194718914,1.542124911297163,14.941428291206625,2400,10.88,10.0
random_search,9,48,100,14.941428291206625,16.873885257142877,21.04959013639538,1.7394598939948627,14.941428291206625,2450,10.17,10.0
random_search,9,49,100,14.941428291206625,16.84003464007829,21.12565782966318,1.7234419204877163,14.941428291206625,2500,10.41,10.0
random_search,9,50,100,14.941428291206625,16.749424733967246,21.497057550292606,1.6646898553809273,14.941428291206625,2550,10.64,10.0
random_search,9,51,100,14.941428291206625,16.756217174750258,22.093468988235944,1.6221377044696157,14.941428291206625,2600,10.67,10.0
random_search,9,52,100,14.941428291206625,16.8679215307613,22.037211521390788,1.7415323480420029,14.941428291206625,2650,10.43,10.0
random_search,9,53,100,14.941428291206625,16.83235840644509,20.78790581563873,1.7101981757313396,14.941428291206625,2700,9.99,10.0
random_search,9,54,100,14.941428291206625,16.99692989482448,20.677193921634785,1.8509167759501586,14.941428291206625,2750,10.37,10.0
random_search,9,55,100,14.941428291206625,16.884522271834374,22.02883794381533,1.7429140358373774,14.941428291206625,2800,10.45,10.0
random_search,9,56,100,14.941428291206625,16.756508829326553,21.082207001484488,1.6117321784930412,14.941428291206625,2850,10.91,10.0
random_search,9,57,100,14.941428291206625,16.697571158190108,20.648199740725325,1.4811272781389166,14.941428291206625,2900,11.15,10.0
random_search,9,58,100,14.941428291206625,16.79596109855793,21.176575213227444,1.6838990410114052,14.941428291206625,2950,10.36,10.0
random_search,9,59,100,14.941428291206625,16.76885337624127,21.780697580112786,1.6516995805256889,14.941428291206625,3000,10.14,10.0
random_search,9,60,100,14.941428291206625,16.781424181732923,21.12565782966318,1.684155391819759,14.941428291206625,3050,10.4,10.0
random_search,9,61,100,14.941428291206625,16.89803968145062,21.099999999999998,1.7742437194944907,14.941428291206625,3100,10.22,10.0
random_search,9,62,100,14.941428291206625,16.774399592392733,20.648199740725325,1.6337371624119983,14.941428291206625,3150,9.59,10.0
random_search,9,63,100,14.941428291206625,16.776027447214805,20.860051813123757,1.7477060961045743,14.941428291206625,3200,10.28,10.0
random_search,9,64,100,14.941428291206625,16.89893626968033,21.174021572639983,1.8283943395877906,14.941428291206625,3250,9.74,10.0
random_search,9,65,100,14.811871208194287,16.813624585565343,21.13318042491699,1.7303909297766473,14.811871208194287,3300,9.93,13.0
random_search,9,66,100,14.811871208194287,16.706049353492723,22.422649545167232,1.6872908398915596,14.811871208194287,3350,10.48,13.0
random_search,9,67,100,14.811871208194287,16.764793737971132,20.648199740725325,1.638833897265812,14.811871208194287,3400,10.64,13.0
random_search,9,68,100,14.811871208194287,16.76261210358665,21.03072757526625,1.7593334231724067,14.811871208194287,3450,10.71,13.0
random_search,9,69,100,14.70185121722126,16.825246650127283,22.707567081708245,1.7859074728489606,14.70185121722126,3500,10.46,12.0
random_search,9,70,100,14.70185121722126,16.662485356662636,20.648199740725325,1.675679835886891,14.70185121722126,3550,9.71,12.0
random_search,9,71,100,14.70185121722126,16.553061579665087,21.166939881532553,1.4875374599399696,14.70185121722126,3600,10.01,12.0
random_search,9,72,100,14.70185121722126,16.644249922650367,21.413135192987525,1.5804116145477864,14.70185121722126,3650,10.09,12.0
random_search,9,73,100,14.70185121722126,16.72290491517019,21.761249694973138,1.6405722889798833,14.70185121722126,3700,10.36,12.0
random_search,9,74,100,14.70185121722126,16.646247242644584,20.648199740725325,1.6521337975968724,14.70185121722126,3750,9.9,12.0
random_search,9,75,100,14.70185121722126,16.919901095024287,21.955277766926233,1.913757868741186,14.70185121722126,3800,10.47,12.0
random_search,9,76,100,14.70185121722126,16.755986070873973,20.667156809750924,1.7347452497770908,14.70185121722126,3850,9.34,12.0
random_search,9,77,100,14.70185121722126,16.841176701154218,21.441186241925152,1.9188891375055057,14.70185121722126,3900,10.46,12.0
random_search,9,78,100,14.70185121722126,16.778017968087283,20.814642819948226,1.7799401314149408,14.70185121722126,3950,10.57,12.0
random_search,9,79,100,14.70185121722126,16.81060189218375,21.639736830714135,1.7656669921991341,14.70185121722126,4000,10.6,12.0
random_search,9,80,100,14.70185121722126,16.605255244616348,21.333630940518894,1.6207107438181845,14.70185121722126,4050,10.44,12.0
random_search,9,81,100,14.70185121722126,16.834583145950575,21.054867053479278,1.7959302347148562,14.70185121722126,4100,10.31,12.0
random_search,9,82,100,14.70185121722126,16.46549629523638,20.204834939252006,1.350675613266177,14.70185121722126,4150,10.45,12.0
random_search,9,83,100,14.70185121722126,16.910481119235964,21.6886890422961,1.944461860253882,14.70185121722126,4200,11.41,12.0
random_search,9,84,100,14.70185121722126,16.670918141238396,20.86154726279432,1.6198917095985168,14.70185121722126,4250,10.54,12.0
random_search,9,85,100,14.70185121722126,16.737347126623284,21.25499667110372,1.6781679620614238,14.70185121722126,4300,10.52,12.0
random_search,9,86,100,14.70185121722126,16.683081227938224,20.949444375840397,1.6605559274652577,14.70185121722126,4350,10.13,12.0
random_search,9,87,100,14.70185121722126,16.67207530122876,21.511094017053555,1.7530006475772768,14.70185121722126,4400,10.67,12.0
random_search,9,88,100,14.70185121722126,16.929398068417488,21.709983388658483,1.901437292385864,14.70185121722126,4450,10.78,12.0
random_search,9,89,100,14.70185121722126,16.705330533823215,21.69041575982343,1.7625861728151058,14.70185121722126,4500,10.33,12.0
random_search,9,90,100,14.70185121722126,16.675110445893353,20.648199740725325,1.6509580056131952,14.70185121722126,4550,9.69,12.0
random_search,9,91,100,14.70185121722126,16.738673292121806,20.978143885933065,1.7052646140883931,14.70185121722126,4600,10.65,12.0
random_search,9,92,100,14.70185121722126,16.623931185605958,21.53315017762062,1.6457217778673945,14.70185121722126,4650,11.03,12.0
random_search,9,93,100,14.70185121722126,16.54069696177766,20.25306852353742,1.4908824173242938,14.70185121722126,4700,10.04,12.0
random_search,9,94,100,14.70185121722126,16.952369292830625,22.494441010848846,1.9441862107402186,14.70185121722126,4750,10.28,12.0
random_search,9,95,100,14.70185121722126,16.845028168060676,21.56767050061961,1.9487101115884224,14.70185121722126,4800,9.93,12.0
random_search,9,96,100,14.70185121722126,16.648602312478587,20.736877428271626,1.6206445737013364,14.70185121722126,4850,10.03,12.0
random_search,9,97,100,14.70185121722126,16.459185908860224,20.648199740725325,1.4800200853283887,14.70185121722126,4900,10.15,12.0
random_search,9,98,100,14.70185121722126,16.781913253552908,21.092492955535427,1.807584151003997,14.70185121722126,4950,10.49,12.0
random_search,9,99,100,14.70185121722126,16.596349048016084,22.441487374764083,1.623712415002439,14.70185121722126,5000,10.96,12.0
random_search,9,100,100,14.70185121722126,16.605134407981417,20.662277660168378,1.6220658946057964,14.70185121722126,5050,10.47,12.0
